solid OpenSCAD_Model
  facet normal 0 0 -1
    outer loop
      vertex 88 0 0
      vertex 102.7 0 0
      vertex 102.637 -3.58418 0
    endloop
  endfacet
  facet normal 0 0 -1
    outer loop
      vertex 87.9464 -3.07116 0
      vertex 102.637 -3.58418 0
      vertex 102.45 -7.16399 0
    endloop
  endfacet
  facet normal 0 0 -1
    outer loop
      vertex 102.7 0 0
      vertex 88 0 0
      vertex 102.637 3.58418 0
    endloop
  endfacet
  facet normal 0 0 -1
    outer loop
      vertex 87.7856 -6.13857 0
      vertex 102.45 -7.16399 0
      vertex 102.137 -10.7351 0
    endloop
  endfacet
  facet normal 0 0 -1
    outer loop
      vertex 87.9464 3.07116 0
      vertex 102.637 3.58418 0
      vertex 88 0 0
    endloop
  endfacet
  facet normal 0 0 -1
    outer loop
      vertex 87.5179 -9.1985 0
      vertex 102.137 -10.7351 0
      vertex 101.701 -14.2931 0
    endloop
  endfacet
  facet normal -0 0 -1
    outer loop
      vertex 102.637 3.58418 0
      vertex 87.9464 3.07116 0
      vertex 102.45 7.16399 0
    endloop
  endfacet
  facet normal 0 0 -1
    outer loop
      vertex 87.1436 -12.2472 0
      vertex 101.701 -14.2931 0
      vertex 101.14 -17.8337 0
    endloop
  endfacet
  facet normal 0 0 -1
    outer loop
      vertex 87.7856 6.13857 0
      vertex 102.45 7.16399 0
      vertex 87.9464 3.07116 0
    endloop
  endfacet
  facet normal 0 0 -1
    outer loop
      vertex 86.6631 -15.281 0
      vertex 101.14 -17.8337 0
      vertex 100.456 -21.3525 0
    endloop
  endfacet
  facet normal -0 0 -1
    outer loop
      vertex 102.45 7.16399 0
      vertex 87.7856 6.13857 0
      vertex 102.137 10.7351 0
    endloop
  endfacet
  facet normal 0 0 -1
    outer loop
      vertex 86.077 -18.2962 0
      vertex 100.456 -21.3525 0
      vertex 99.6494 -24.8454 0
    endloop
  endfacet
  facet normal 0 0 -1
    outer loop
      vertex 87.5179 9.1985 0
      vertex 102.137 10.7351 0
      vertex 87.7856 6.13857 0
    endloop
  endfacet
  facet normal 0 0 -1
    outer loop
      vertex 85.386 -21.2891 0
      vertex 99.6494 -24.8454 0
      vertex 98.7216 -28.308 0
    endloop
  endfacet
  facet normal -0 0 -1
    outer loop
      vertex 102.137 10.7351 0
      vertex 87.5179 9.1985 0
      vertex 101.701 14.2931 0
    endloop
  endfacet
  facet normal 0 0 -1
    outer loop
      vertex 84.591 -24.2561 0
      vertex 98.7216 -28.308 0
      vertex 97.6735 -31.736 0
    endloop
  endfacet
  facet normal 0 0 -1
    outer loop
      vertex 87.1436 12.2472 0
      vertex 101.701 14.2931 0
      vertex 87.5179 9.1985 0
    endloop
  endfacet
  facet normal 0 0 -1
    outer loop
      vertex 83.693 -27.1935 0
      vertex 97.6735 -31.736 0
      vertex 96.5064 -35.1255 0
    endloop
  endfacet
  facet normal -0 0 -1
    outer loop
      vertex 101.701 14.2931 0
      vertex 87.1436 12.2472 0
      vertex 101.14 17.8337 0
    endloop
  endfacet
  facet normal 0 0 -1
    outer loop
      vertex 82.6929 -30.0978 0
      vertex 96.5064 -35.1255 0
      vertex 95.2218 -38.4721 0
    endloop
  endfacet
  facet normal 0 0 -1
    outer loop
      vertex 86.6631 15.281 0
      vertex 101.14 17.8337 0
      vertex 87.1436 12.2472 0
    endloop
  endfacet
  facet normal 0 0 -1
    outer loop
      vertex 81.5922 -32.9654 0
      vertex 95.2218 -38.4721 0
      vertex 93.8211 -41.7719 0
    endloop
  endfacet
  facet normal -0 0 -1
    outer loop
      vertex 101.14 17.8337 0
      vertex 86.6631 15.281 0
      vertex 100.456 21.3525 0
    endloop
  endfacet
  facet normal 0 0 -1
    outer loop
      vertex 80.392 -35.7928 0
      vertex 93.8211 -41.7719 0
      vertex 92.3062 -45.0207 0
    endloop
  endfacet
  facet normal 0 0 -1
    outer loop
      vertex 86.077 18.2962 0
      vertex 100.456 21.3525 0
      vertex 86.6631 15.281 0
    endloop
  endfacet
  facet normal 0 0 -1
    outer loop
      vertex 79.0939 -38.5767 0
      vertex 92.3062 -45.0207 0
      vertex 90.6787 -48.2147 0
    endloop
  endfacet
  facet normal -0 0 -1
    outer loop
      vertex 100.456 21.3525 0
      vertex 86.077 18.2962 0
      vertex 99.6494 24.8454 0
    endloop
  endfacet
  facet normal 0 0 -1
    outer loop
      vertex 77.6994 -41.3135 0
      vertex 90.6787 -48.2147 0
      vertex 88.9408 -51.35 0
    endloop
  endfacet
  facet normal 0 0 -1
    outer loop
      vertex 85.386 21.2891 0
      vertex 99.6494 24.8454 0
      vertex 86.077 18.2962 0
    endloop
  endfacet
  facet normal -0 0 -1
    outer loop
      vertex 99.6494 24.8454 0
      vertex 85.386 21.2891 0
      vertex 98.7216 28.308 0
    endloop
  endfacet
  facet normal 0 0 -1
    outer loop
      vertex 102.637 -3.58418 0
      vertex 87.9464 -3.07116 0
      vertex 88 0 0
    endloop
  endfacet
  facet normal 0 0 -1
    outer loop
      vertex 102.45 -7.16399 0
      vertex 87.7856 -6.13857 0
      vertex 87.9464 -3.07116 0
    endloop
  endfacet
  facet normal 0 0 -1
    outer loop
      vertex 102.137 -10.7351 0
      vertex 87.5179 -9.1985 0
      vertex 87.7856 -6.13857 0
    endloop
  endfacet
  facet normal 0 0 -1
    outer loop
      vertex 101.701 -14.2931 0
      vertex 87.1436 -12.2472 0
      vertex 87.5179 -9.1985 0
    endloop
  endfacet
  facet normal 0 0 -1
    outer loop
      vertex 76.2102 -44 0
      vertex 88.9408 -51.35 0
      vertex 87.0945 -54.4227 0
    endloop
  endfacet
  facet normal 0 0 -1
    outer loop
      vertex 101.14 -17.8337 0
      vertex 86.6631 -15.281 0
      vertex 87.1436 -12.2472 0
    endloop
  endfacet
  facet normal 0 0 -1
    outer loop
      vertex 100.456 -21.3525 0
      vertex 86.077 -18.2962 0
      vertex 86.6631 -15.281 0
    endloop
  endfacet
  facet normal 0 0 -1
    outer loop
      vertex 99.6494 -24.8454 0
      vertex 85.386 -21.2891 0
      vertex 86.077 -18.2962 0
    endloop
  endfacet
  facet normal 0 0 -1
    outer loop
      vertex 74.6282 -46.6329 0
      vertex 87.0945 -54.4227 0
      vertex 85.1422 -57.4291 0
    endloop
  endfacet
  facet normal 0 0 -1
    outer loop
      vertex 98.7216 -28.308 0
      vertex 84.591 -24.2561 0
      vertex 85.386 -21.2891 0
    endloop
  endfacet
  facet normal 0 0 -1
    outer loop
      vertex 97.6735 -31.736 0
      vertex 83.693 -27.1935 0
      vertex 84.591 -24.2561 0
    endloop
  endfacet
  facet normal 0 0 -1
    outer loop
      vertex 72.9553 -49.209 0
      vertex 85.1422 -57.4291 0
      vertex 83.086 -60.3655 0
    endloop
  endfacet
  facet normal 0 0 -1
    outer loop
      vertex 96.5064 -35.1255 0
      vertex 82.6929 -30.0978 0
      vertex 83.693 -27.1935 0
    endloop
  endfacet
  facet normal 0 0 -1
    outer loop
      vertex 95.2218 -38.4721 0
      vertex 81.5922 -32.9654 0
      vertex 82.6929 -30.0978 0
    endloop
  endfacet
  facet normal 0 0 -1
    outer loop
      vertex 71.1935 -51.7251 0
      vertex 83.086 -60.3655 0
      vertex 80.9287 -63.2284 0
    endloop
  endfacet
  facet normal 0 0 -1
    outer loop
      vertex 93.8211 -41.7719 0
      vertex 80.392 -35.7928 0
      vertex 81.5922 -32.9654 0
    endloop
  endfacet
  facet normal 0 0 -1
    outer loop
      vertex 92.3062 -45.0207 0
      vertex 79.0939 -38.5767 0
      vertex 80.392 -35.7928 0
    endloop
  endfacet
  facet normal 0 0 -1
    outer loop
      vertex 69.3449 -54.1782 0
      vertex 80.9287 -63.2284 0
      vertex 78.6728 -66.0143 0
    endloop
  endfacet
  facet normal 0 0 -1
    outer loop
      vertex 90.6787 -48.2147 0
      vertex 77.6994 -41.3135 0
      vertex 79.0939 -38.5767 0
    endloop
  endfacet
  facet normal 0 0 -1
    outer loop
      vertex 67.4119 -56.5653 0
      vertex 78.6728 -66.0143 0
      vertex 76.321 -68.7197 0
    endloop
  endfacet
  facet normal 0 0 -1
    outer loop
      vertex 88.9408 -51.35 0
      vertex 76.2102 -44 0
      vertex 77.6994 -41.3135 0
    endloop
  endfacet
  facet normal 0 0 -1
    outer loop
      vertex 87.0945 -54.4227 0
      vertex 74.6282 -46.6329 0
      vertex 76.2102 -44 0
    endloop
  endfacet
  facet normal 0 0 -1
    outer loop
      vertex 65.3967 -58.8835 0
      vertex 76.321 -68.7197 0
      vertex 73.8762 -71.3414 0
    endloop
  endfacet
  facet normal 0 0 -1
    outer loop
      vertex 85.1422 -57.4291 0
      vertex 72.9553 -49.209 0
      vertex 74.6282 -46.6329 0
    endloop
  endfacet
  facet normal 0 0 -1
    outer loop
      vertex 63.3019 -61.1299 0
      vertex 73.8762 -71.3414 0
      vertex 71.3414 -73.8762 0
    endloop
  endfacet
  facet normal 0 0 -1
    outer loop
      vertex 83.086 -60.3655 0
      vertex 71.1935 -51.7251 0
      vertex 72.9553 -49.209 0
    endloop
  endfacet
  facet normal 0 0 -1
    outer loop
      vertex 80.9287 -63.2284 0
      vertex 69.3449 -54.1782 0
      vertex 71.1935 -51.7251 0
    endloop
  endfacet
  facet normal 0 0 -1
    outer loop
      vertex 61.1299 -63.3019 0
      vertex 71.3414 -73.8762 0
      vertex 68.7197 -76.321 0
    endloop
  endfacet
  facet normal 0 0 -1
    outer loop
      vertex 78.6728 -66.0143 0
      vertex 67.4119 -56.5653 0
      vertex 69.3449 -54.1782 0
    endloop
  endfacet
  facet normal 0 0 -1
    outer loop
      vertex 58.8835 -65.3967 0
      vertex 68.7197 -76.321 0
      vertex 66.0143 -78.6728 0
    endloop
  endfacet
  facet normal 0 0 -1
    outer loop
      vertex 76.321 -68.7197 0
      vertex 65.3967 -58.8835 0
      vertex 67.4119 -56.5653 0
    endloop
  endfacet
  facet normal 0 0 -1
    outer loop
      vertex 73.8762 -71.3414 0
      vertex 63.3019 -61.1299 0
      vertex 65.3967 -58.8835 0
    endloop
  endfacet
  facet normal 0 0 -1
    outer loop
      vertex 56.5653 -67.4119 0
      vertex 66.0143 -78.6728 0
      vertex 63.2284 -80.9287 0
    endloop
  endfacet
  facet normal 0 0 -1
    outer loop
      vertex 71.3414 -73.8762 0
      vertex 61.1299 -63.3019 0
      vertex 63.3019 -61.1299 0
    endloop
  endfacet
  facet normal 0 0 -1
    outer loop
      vertex 54.1782 -69.3449 0
      vertex 63.2284 -80.9287 0
      vertex 60.3655 -83.086 0
    endloop
  endfacet
  facet normal 0 0 -1
    outer loop
      vertex 68.7197 -76.321 0
      vertex 58.8835 -65.3967 0
      vertex 61.1299 -63.3019 0
    endloop
  endfacet
  facet normal 0 0 -1
    outer loop
      vertex 51.7251 -71.1935 0
      vertex 60.3655 -83.086 0
      vertex 57.4291 -85.1422 0
    endloop
  endfacet
  facet normal 0 0 -1
    outer loop
      vertex 66.0143 -78.6728 0
      vertex 56.5653 -67.4119 0
      vertex 58.8835 -65.3967 0
    endloop
  endfacet
  facet normal 0 0 -1
    outer loop
      vertex 49.209 -72.9553 0
      vertex 57.4291 -85.1422 0
      vertex 54.4227 -87.0945 0
    endloop
  endfacet
  facet normal 0 0 -1
    outer loop
      vertex 63.2284 -80.9287 0
      vertex 54.1782 -69.3449 0
      vertex 56.5653 -67.4119 0
    endloop
  endfacet
  facet normal 0 0 -1
    outer loop
      vertex 60.3655 -83.086 0
      vertex 51.7251 -71.1935 0
      vertex 54.1782 -69.3449 0
    endloop
  endfacet
  facet normal 0 0 -1
    outer loop
      vertex 46.6329 -74.6282 0
      vertex 54.4227 -87.0945 0
      vertex 51.35 -88.9408 0
    endloop
  endfacet
  facet normal 0 0 -1
    outer loop
      vertex 57.4291 -85.1422 0
      vertex 49.209 -72.9553 0
      vertex 51.7251 -71.1935 0
    endloop
  endfacet
  facet normal 0 0 -1
    outer loop
      vertex 44 -76.2102 0
      vertex 51.35 -88.9408 0
      vertex 48.2147 -90.6787 0
    endloop
  endfacet
  facet normal 0 0 -1
    outer loop
      vertex 54.4227 -87.0945 0
      vertex 46.6329 -74.6282 0
      vertex 49.209 -72.9553 0
    endloop
  endfacet
  facet normal 0 0 -1
    outer loop
      vertex 41.3135 -77.6994 0
      vertex 48.2147 -90.6787 0
      vertex 45.0207 -92.3062 0
    endloop
  endfacet
  facet normal 0 0 -1
    outer loop
      vertex 51.35 -88.9408 0
      vertex 44 -76.2102 0
      vertex 46.6329 -74.6282 0
    endloop
  endfacet
  facet normal 0 0 -1
    outer loop
      vertex 38.5767 -79.0939 0
      vertex 45.0207 -92.3062 0
      vertex 41.7719 -93.8211 0
    endloop
  endfacet
  facet normal 0 0 -1
    outer loop
      vertex 48.2147 -90.6787 0
      vertex 41.3135 -77.6994 0
      vertex 44 -76.2102 0
    endloop
  endfacet
  facet normal 0 0 -1
    outer loop
      vertex 45.0207 -92.3062 0
      vertex 38.5767 -79.0939 0
      vertex 41.3135 -77.6994 0
    endloop
  endfacet
  facet normal 0 0 -1
    outer loop
      vertex 35.7928 -80.392 0
      vertex 41.7719 -93.8211 0
      vertex 38.4721 -95.2218 0
    endloop
  endfacet
  facet normal 0 0 -1
    outer loop
      vertex 41.7719 -93.8211 0
      vertex 35.7928 -80.392 0
      vertex 38.5767 -79.0939 0
    endloop
  endfacet
  facet normal 0 0 -1
    outer loop
      vertex 32.9654 -81.5922 0
      vertex 38.4721 -95.2218 0
      vertex 35.1255 -96.5064 0
    endloop
  endfacet
  facet normal 0 0 -1
    outer loop
      vertex 38.4721 -95.2218 0
      vertex 32.9654 -81.5922 0
      vertex 35.7928 -80.392 0
    endloop
  endfacet
  facet normal 0 0 -1
    outer loop
      vertex 30.0978 -82.6929 0
      vertex 35.1255 -96.5064 0
      vertex 31.736 -97.6735 0
    endloop
  endfacet
  facet normal 0 0 -1
    outer loop
      vertex 35.1255 -96.5064 0
      vertex 30.0978 -82.6929 0
      vertex 32.9654 -81.5922 0
    endloop
  endfacet
  facet normal 0 0 -1
    outer loop
      vertex 27.1935 -83.693 0
      vertex 31.736 -97.6735 0
      vertex 28.308 -98.7216 0
    endloop
  endfacet
  facet normal 0 0 -1
    outer loop
      vertex 31.736 -97.6735 0
      vertex 27.1935 -83.693 0
      vertex 30.0978 -82.6929 0
    endloop
  endfacet
  facet normal 0 0 -1
    outer loop
      vertex 24.2561 -84.591 0
      vertex 28.308 -98.7216 0
      vertex 24.8454 -99.6494 0
    endloop
  endfacet
  facet normal 0 0 -1
    outer loop
      vertex 28.308 -98.7216 0
      vertex 24.2561 -84.591 0
      vertex 27.1935 -83.693 0
    endloop
  endfacet
  facet normal 0 0 -1
    outer loop
      vertex 21.2891 -85.386 0
      vertex 24.8454 -99.6494 0
      vertex 21.3525 -100.456 0
    endloop
  endfacet
  facet normal 0 0 -1
    outer loop
      vertex 24.8454 -99.6494 0
      vertex 21.2891 -85.386 0
      vertex 24.2561 -84.591 0
    endloop
  endfacet
  facet normal 0 0 -1
    outer loop
      vertex 21.3525 -100.456 0
      vertex 18.2962 -86.077 0
      vertex 21.2891 -85.386 0
    endloop
  endfacet
  facet normal 0 0 -1
    outer loop
      vertex 17.8337 -101.14 0
      vertex 18.2962 -86.077 0
      vertex 21.3525 -100.456 0
    endloop
  endfacet
  facet normal 0 0 -1
    outer loop
      vertex 17.8337 -101.14 0
      vertex 15.281 -86.6631 0
      vertex 18.2962 -86.077 0
    endloop
  endfacet
  facet normal 0 0 -1
    outer loop
      vertex 14.2931 -101.701 0
      vertex 15.281 -86.6631 0
      vertex 17.8337 -101.14 0
    endloop
  endfacet
  facet normal 0 0 -1
    outer loop
      vertex 14.2931 -101.701 0
      vertex 12.2472 -87.1436 0
      vertex 15.281 -86.6631 0
    endloop
  endfacet
  facet normal 0 0 -1
    outer loop
      vertex 10.7351 -102.137 0
      vertex 12.2472 -87.1436 0
      vertex 14.2931 -101.701 0
    endloop
  endfacet
  facet normal 0 0 -1
    outer loop
      vertex 10.7351 -102.137 0
      vertex 9.1985 -87.5179 0
      vertex 12.2472 -87.1436 0
    endloop
  endfacet
  facet normal 0 0 -1
    outer loop
      vertex 7.16399 -102.45 0
      vertex 9.1985 -87.5179 0
      vertex 10.7351 -102.137 0
    endloop
  endfacet
  facet normal 0 0 -1
    outer loop
      vertex 7.16399 -102.45 0
      vertex 6.13857 -87.7856 0
      vertex 9.1985 -87.5179 0
    endloop
  endfacet
  facet normal 0 0 -1
    outer loop
      vertex 3.58418 -102.637 0
      vertex 6.13857 -87.7856 0
      vertex 7.16399 -102.45 0
    endloop
  endfacet
  facet normal 0 0 -1
    outer loop
      vertex 3.58418 -102.637 0
      vertex 3.07116 -87.9464 0
      vertex 6.13857 -87.7856 0
    endloop
  endfacet
  facet normal 0 0 -1
    outer loop
      vertex 0 -102.7 0
      vertex 3.07116 -87.9464 0
      vertex 3.58418 -102.637 0
    endloop
  endfacet
  facet normal 0 0 -1
    outer loop
      vertex 0 -102.7 0
      vertex 0 -88 0
      vertex 3.07116 -87.9464 0
    endloop
  endfacet
  facet normal 0 0 -1
    outer loop
      vertex 0 -102.7 0
      vertex -3.07116 -87.9464 0
      vertex 0 -88 0
    endloop
  endfacet
  facet normal 0 0 -1
    outer loop
      vertex -3.58418 -102.637 0
      vertex -3.07116 -87.9464 0
      vertex 0 -102.7 0
    endloop
  endfacet
  facet normal 0 0 -1
    outer loop
      vertex -3.58418 -102.637 0
      vertex -6.13857 -87.7856 0
      vertex -3.07116 -87.9464 0
    endloop
  endfacet
  facet normal 0 0 -1
    outer loop
      vertex -7.16399 -102.45 0
      vertex -6.13857 -87.7856 0
      vertex -3.58418 -102.637 0
    endloop
  endfacet
  facet normal 0 0 -1
    outer loop
      vertex -7.16399 -102.45 0
      vertex -9.1985 -87.5179 0
      vertex -6.13857 -87.7856 0
    endloop
  endfacet
  facet normal 0 0 -1
    outer loop
      vertex -10.7351 -102.137 0
      vertex -9.1985 -87.5179 0
      vertex -7.16399 -102.45 0
    endloop
  endfacet
  facet normal 0 0 -1
    outer loop
      vertex -10.7351 -102.137 0
      vertex -12.2472 -87.1436 0
      vertex -9.1985 -87.5179 0
    endloop
  endfacet
  facet normal 0 0 -1
    outer loop
      vertex -14.2931 -101.701 0
      vertex -12.2472 -87.1436 0
      vertex -10.7351 -102.137 0
    endloop
  endfacet
  facet normal 0 0 -1
    outer loop
      vertex -14.2931 -101.701 0
      vertex -15.281 -86.6631 0
      vertex -12.2472 -87.1436 0
    endloop
  endfacet
  facet normal 0 0 -1
    outer loop
      vertex -17.8337 -101.14 0
      vertex -15.281 -86.6631 0
      vertex -14.2931 -101.701 0
    endloop
  endfacet
  facet normal 0 0 -1
    outer loop
      vertex -17.8337 -101.14 0
      vertex -18.2962 -86.077 0
      vertex -15.281 -86.6631 0
    endloop
  endfacet
  facet normal 0 0 -1
    outer loop
      vertex -21.3525 -100.456 0
      vertex -18.2962 -86.077 0
      vertex -17.8337 -101.14 0
    endloop
  endfacet
  facet normal -0 0 -1
    outer loop
      vertex -18.2962 -86.077 0
      vertex -21.3525 -100.456 0
      vertex -21.2891 -85.386 0
    endloop
  endfacet
  facet normal 0 0 -1
    outer loop
      vertex -24.8454 -99.6494 0
      vertex -21.2891 -85.386 0
      vertex -21.3525 -100.456 0
    endloop
  endfacet
  facet normal -0 0 -1
    outer loop
      vertex -21.2891 -85.386 0
      vertex -24.8454 -99.6494 0
      vertex -24.2561 -84.591 0
    endloop
  endfacet
  facet normal 0 0 -1
    outer loop
      vertex -28.308 -98.7216 0
      vertex -24.2561 -84.591 0
      vertex -24.8454 -99.6494 0
    endloop
  endfacet
  facet normal -0 0 -1
    outer loop
      vertex -24.2561 -84.591 0
      vertex -28.308 -98.7216 0
      vertex -27.1935 -83.693 0
    endloop
  endfacet
  facet normal 0 0 -1
    outer loop
      vertex -31.736 -97.6735 0
      vertex -27.1935 -83.693 0
      vertex -28.308 -98.7216 0
    endloop
  endfacet
  facet normal -0 0 -1
    outer loop
      vertex -27.1935 -83.693 0
      vertex -31.736 -97.6735 0
      vertex -30.0978 -82.6929 0
    endloop
  endfacet
  facet normal 0 0 -1
    outer loop
      vertex -35.1255 -96.5064 0
      vertex -30.0978 -82.6929 0
      vertex -31.736 -97.6735 0
    endloop
  endfacet
  facet normal -0 0 -1
    outer loop
      vertex -30.0978 -82.6929 0
      vertex -35.1255 -96.5064 0
      vertex -32.9654 -81.5922 0
    endloop
  endfacet
  facet normal 0 0 -1
    outer loop
      vertex -38.4721 -95.2218 0
      vertex -32.9654 -81.5922 0
      vertex -35.1255 -96.5064 0
    endloop
  endfacet
  facet normal -0 0 -1
    outer loop
      vertex -32.9654 -81.5922 0
      vertex -38.4721 -95.2218 0
      vertex -35.7928 -80.392 0
    endloop
  endfacet
  facet normal 0 0 -1
    outer loop
      vertex -41.7719 -93.8211 0
      vertex -35.7928 -80.392 0
      vertex -38.4721 -95.2218 0
    endloop
  endfacet
  facet normal -0 0 -1
    outer loop
      vertex -35.7928 -80.392 0
      vertex -41.7719 -93.8211 0
      vertex -38.5767 -79.0939 0
    endloop
  endfacet
  facet normal 0 0 -1
    outer loop
      vertex -45.0207 -92.3062 0
      vertex -38.5767 -79.0939 0
      vertex -41.7719 -93.8211 0
    endloop
  endfacet
  facet normal -0 0 -1
    outer loop
      vertex -38.5767 -79.0939 0
      vertex -45.0207 -92.3062 0
      vertex -41.3135 -77.6994 0
    endloop
  endfacet
  facet normal 0 0 -1
    outer loop
      vertex -48.2147 -90.6787 0
      vertex -41.3135 -77.6994 0
      vertex -45.0207 -92.3062 0
    endloop
  endfacet
  facet normal -0 0 -1
    outer loop
      vertex -41.3135 -77.6994 0
      vertex -48.2147 -90.6787 0
      vertex -44 -76.2102 0
    endloop
  endfacet
  facet normal 0 0 -1
    outer loop
      vertex -51.35 -88.9408 0
      vertex -44 -76.2102 0
      vertex -48.2147 -90.6787 0
    endloop
  endfacet
  facet normal -0 0 -1
    outer loop
      vertex -44 -76.2102 0
      vertex -51.35 -88.9408 0
      vertex -46.6329 -74.6282 0
    endloop
  endfacet
  facet normal 0 0 -1
    outer loop
      vertex -54.4227 -87.0945 0
      vertex -46.6329 -74.6282 0
      vertex -51.35 -88.9408 0
    endloop
  endfacet
  facet normal -0 0 -1
    outer loop
      vertex -46.6329 -74.6282 0
      vertex -54.4227 -87.0945 0
      vertex -49.209 -72.9553 0
    endloop
  endfacet
  facet normal 0 0 -1
    outer loop
      vertex -57.4291 -85.1422 0
      vertex -49.209 -72.9553 0
      vertex -54.4227 -87.0945 0
    endloop
  endfacet
  facet normal -0 0 -1
    outer loop
      vertex -49.209 -72.9553 0
      vertex -57.4291 -85.1422 0
      vertex -51.7251 -71.1935 0
    endloop
  endfacet
  facet normal 0 0 -1
    outer loop
      vertex -60.3655 -83.086 0
      vertex -51.7251 -71.1935 0
      vertex -57.4291 -85.1422 0
    endloop
  endfacet
  facet normal -0 0 -1
    outer loop
      vertex -51.7251 -71.1935 0
      vertex -60.3655 -83.086 0
      vertex -54.1782 -69.3449 0
    endloop
  endfacet
  facet normal 0 0 -1
    outer loop
      vertex -63.2284 -80.9287 0
      vertex -54.1782 -69.3449 0
      vertex -60.3655 -83.086 0
    endloop
  endfacet
  facet normal -0 0 -1
    outer loop
      vertex -54.1782 -69.3449 0
      vertex -63.2284 -80.9287 0
      vertex -56.5653 -67.4119 0
    endloop
  endfacet
  facet normal 0 0 -1
    outer loop
      vertex -66.0143 -78.6728 0
      vertex -56.5653 -67.4119 0
      vertex -63.2284 -80.9287 0
    endloop
  endfacet
  facet normal -0 0 -1
    outer loop
      vertex -56.5653 -67.4119 0
      vertex -66.0143 -78.6728 0
      vertex -58.8835 -65.3967 0
    endloop
  endfacet
  facet normal 0 0 -1
    outer loop
      vertex -68.7197 -76.321 0
      vertex -58.8835 -65.3967 0
      vertex -66.0143 -78.6728 0
    endloop
  endfacet
  facet normal -0 0 -1
    outer loop
      vertex -58.8835 -65.3967 0
      vertex -68.7197 -76.321 0
      vertex -61.1299 -63.3019 0
    endloop
  endfacet
  facet normal 0 0 -1
    outer loop
      vertex -71.3414 -73.8762 0
      vertex -61.1299 -63.3019 0
      vertex -68.7197 -76.321 0
    endloop
  endfacet
  facet normal -0 0 -1
    outer loop
      vertex -61.1299 -63.3019 0
      vertex -71.3414 -73.8762 0
      vertex -63.3019 -61.1299 0
    endloop
  endfacet
  facet normal 0 0 -1
    outer loop
      vertex -73.8762 -71.3414 0
      vertex -63.3019 -61.1299 0
      vertex -71.3414 -73.8762 0
    endloop
  endfacet
  facet normal -0 0 -1
    outer loop
      vertex -63.3019 -61.1299 0
      vertex -73.8762 -71.3414 0
      vertex -65.3967 -58.8835 0
    endloop
  endfacet
  facet normal 0 0 -1
    outer loop
      vertex -76.321 -68.7197 0
      vertex -65.3967 -58.8835 0
      vertex -73.8762 -71.3414 0
    endloop
  endfacet
  facet normal -0 0 -1
    outer loop
      vertex -65.3967 -58.8835 0
      vertex -76.321 -68.7197 0
      vertex -67.4119 -56.5653 0
    endloop
  endfacet
  facet normal 0 0 -1
    outer loop
      vertex -78.6728 -66.0143 0
      vertex -67.4119 -56.5653 0
      vertex -76.321 -68.7197 0
    endloop
  endfacet
  facet normal -0 0 -1
    outer loop
      vertex -67.4119 -56.5653 0
      vertex -78.6728 -66.0143 0
      vertex -69.3449 -54.1782 0
    endloop
  endfacet
  facet normal 0 0 -1
    outer loop
      vertex -80.9287 -63.2284 0
      vertex -69.3449 -54.1782 0
      vertex -78.6728 -66.0143 0
    endloop
  endfacet
  facet normal -0 0 -1
    outer loop
      vertex -69.3449 -54.1782 0
      vertex -80.9287 -63.2284 0
      vertex -71.1935 -51.7251 0
    endloop
  endfacet
  facet normal 0 0 -1
    outer loop
      vertex -83.086 -60.3655 0
      vertex -71.1935 -51.7251 0
      vertex -80.9287 -63.2284 0
    endloop
  endfacet
  facet normal -0 0 -1
    outer loop
      vertex -71.1935 -51.7251 0
      vertex -83.086 -60.3655 0
      vertex -72.9553 -49.209 0
    endloop
  endfacet
  facet normal 0 0 -1
    outer loop
      vertex -85.1422 -57.4291 0
      vertex -72.9553 -49.209 0
      vertex -83.086 -60.3655 0
    endloop
  endfacet
  facet normal -0 0 -1
    outer loop
      vertex -72.9553 -49.209 0
      vertex -85.1422 -57.4291 0
      vertex -74.6282 -46.6329 0
    endloop
  endfacet
  facet normal 0 0 -1
    outer loop
      vertex -87.0945 -54.4227 0
      vertex -74.6282 -46.6329 0
      vertex -85.1422 -57.4291 0
    endloop
  endfacet
  facet normal -0 0 -1
    outer loop
      vertex -74.6282 -46.6329 0
      vertex -87.0945 -54.4227 0
      vertex -76.2102 -44 0
    endloop
  endfacet
  facet normal 0 0 -1
    outer loop
      vertex -88.9408 -51.35 0
      vertex -76.2102 -44 0
      vertex -87.0945 -54.4227 0
    endloop
  endfacet
  facet normal -0 0 -1
    outer loop
      vertex -76.2102 -44 0
      vertex -88.9408 -51.35 0
      vertex -77.6994 -41.3135 0
    endloop
  endfacet
  facet normal 0 0 -1
    outer loop
      vertex -90.6787 -48.2147 0
      vertex -77.6994 -41.3135 0
      vertex -88.9408 -51.35 0
    endloop
  endfacet
  facet normal -0 0 -1
    outer loop
      vertex -77.6994 -41.3135 0
      vertex -90.6787 -48.2147 0
      vertex -79.0939 -38.5767 0
    endloop
  endfacet
  facet normal 0 0 -1
    outer loop
      vertex -92.3062 -45.0207 0
      vertex -79.0939 -38.5767 0
      vertex -90.6787 -48.2147 0
    endloop
  endfacet
  facet normal -0 0 -1
    outer loop
      vertex -79.0939 -38.5767 0
      vertex -92.3062 -45.0207 0
      vertex -80.392 -35.7928 0
    endloop
  endfacet
  facet normal 0 0 -1
    outer loop
      vertex -93.8211 -41.7719 0
      vertex -80.392 -35.7928 0
      vertex -92.3062 -45.0207 0
    endloop
  endfacet
  facet normal -0 0 -1
    outer loop
      vertex -80.392 -35.7928 0
      vertex -93.8211 -41.7719 0
      vertex -81.5922 -32.9654 0
    endloop
  endfacet
  facet normal 0 0 -1
    outer loop
      vertex -95.2218 -38.4721 0
      vertex -81.5922 -32.9654 0
      vertex -93.8211 -41.7719 0
    endloop
  endfacet
  facet normal -0 0 -1
    outer loop
      vertex -81.5922 -32.9654 0
      vertex -95.2218 -38.4721 0
      vertex -82.6929 -30.0978 0
    endloop
  endfacet
  facet normal 0 0 -1
    outer loop
      vertex -96.5064 -35.1255 0
      vertex -82.6929 -30.0978 0
      vertex -95.2218 -38.4721 0
    endloop
  endfacet
  facet normal -0 0 -1
    outer loop
      vertex -82.6929 -30.0978 0
      vertex -96.5064 -35.1255 0
      vertex -83.693 -27.1935 0
    endloop
  endfacet
  facet normal 0 0 -1
    outer loop
      vertex -97.6735 -31.736 0
      vertex -83.693 -27.1935 0
      vertex -96.5064 -35.1255 0
    endloop
  endfacet
  facet normal -0 0 -1
    outer loop
      vertex -83.693 -27.1935 0
      vertex -97.6735 -31.736 0
      vertex -84.591 -24.2561 0
    endloop
  endfacet
  facet normal 0 0 -1
    outer loop
      vertex -98.7216 -28.308 0
      vertex -84.591 -24.2561 0
      vertex -97.6735 -31.736 0
    endloop
  endfacet
  facet normal -0 0 -1
    outer loop
      vertex -84.591 -24.2561 0
      vertex -98.7216 -28.308 0
      vertex -85.386 -21.2891 0
    endloop
  endfacet
  facet normal 0 0 -1
    outer loop
      vertex 84.591 24.2561 0
      vertex 98.7216 28.308 0
      vertex 85.386 21.2891 0
    endloop
  endfacet
  facet normal -0 0 -1
    outer loop
      vertex 98.7216 28.308 0
      vertex 84.591 24.2561 0
      vertex 97.6735 31.736 0
    endloop
  endfacet
  facet normal 0 0 -1
    outer loop
      vertex 83.693 27.1935 0
      vertex 97.6735 31.736 0
      vertex 84.591 24.2561 0
    endloop
  endfacet
  facet normal -0 0 -1
    outer loop
      vertex 97.6735 31.736 0
      vertex 83.693 27.1935 0
      vertex 96.5064 35.1255 0
    endloop
  endfacet
  facet normal 0 0 -1
    outer loop
      vertex 82.6929 30.0978 0
      vertex 96.5064 35.1255 0
      vertex 83.693 27.1935 0
    endloop
  endfacet
  facet normal -0 0 -1
    outer loop
      vertex 96.5064 35.1255 0
      vertex 82.6929 30.0978 0
      vertex 95.2218 38.4721 0
    endloop
  endfacet
  facet normal 0 0 -1
    outer loop
      vertex 81.5922 32.9654 0
      vertex 95.2218 38.4721 0
      vertex 82.6929 30.0978 0
    endloop
  endfacet
  facet normal -0 0 -1
    outer loop
      vertex 95.2218 38.4721 0
      vertex 81.5922 32.9654 0
      vertex 93.8211 41.7719 0
    endloop
  endfacet
  facet normal 0 0 -1
    outer loop
      vertex 80.392 35.7928 0
      vertex 93.8211 41.7719 0
      vertex 81.5922 32.9654 0
    endloop
  endfacet
  facet normal -0 0 -1
    outer loop
      vertex 93.8211 41.7719 0
      vertex 80.392 35.7928 0
      vertex 92.3062 45.0207 0
    endloop
  endfacet
  facet normal 0 0 -1
    outer loop
      vertex 79.0939 38.5767 0
      vertex 92.3062 45.0207 0
      vertex 80.392 35.7928 0
    endloop
  endfacet
  facet normal -0 0 -1
    outer loop
      vertex 92.3062 45.0207 0
      vertex 79.0939 38.5767 0
      vertex 90.6787 48.2147 0
    endloop
  endfacet
  facet normal 0 0 -1
    outer loop
      vertex 77.6994 41.3135 0
      vertex 90.6787 48.2147 0
      vertex 79.0939 38.5767 0
    endloop
  endfacet
  facet normal -0 0 -1
    outer loop
      vertex 90.6787 48.2147 0
      vertex 77.6994 41.3135 0
      vertex 88.9408 51.35 0
    endloop
  endfacet
  facet normal 0 0 -1
    outer loop
      vertex 76.2102 44 0
      vertex 88.9408 51.35 0
      vertex 77.6994 41.3135 0
    endloop
  endfacet
  facet normal -0 0 -1
    outer loop
      vertex 88.9408 51.35 0
      vertex 76.2102 44 0
      vertex 87.0945 54.4227 0
    endloop
  endfacet
  facet normal 0 0 -1
    outer loop
      vertex 74.6282 46.6329 0
      vertex 87.0945 54.4227 0
      vertex 76.2102 44 0
    endloop
  endfacet
  facet normal -0 0 -1
    outer loop
      vertex 87.0945 54.4227 0
      vertex 74.6282 46.6329 0
      vertex 85.1422 57.4291 0
    endloop
  endfacet
  facet normal 0 0 -1
    outer loop
      vertex 72.9553 49.209 0
      vertex 85.1422 57.4291 0
      vertex 74.6282 46.6329 0
    endloop
  endfacet
  facet normal -0 0 -1
    outer loop
      vertex 85.1422 57.4291 0
      vertex 72.9553 49.209 0
      vertex 83.086 60.3655 0
    endloop
  endfacet
  facet normal 0 0 -1
    outer loop
      vertex 71.1935 51.7251 0
      vertex 83.086 60.3655 0
      vertex 72.9553 49.209 0
    endloop
  endfacet
  facet normal -0 0 -1
    outer loop
      vertex 83.086 60.3655 0
      vertex 71.1935 51.7251 0
      vertex 80.9287 63.2284 0
    endloop
  endfacet
  facet normal 0 0 -1
    outer loop
      vertex 69.3449 54.1782 0
      vertex 80.9287 63.2284 0
      vertex 71.1935 51.7251 0
    endloop
  endfacet
  facet normal -0 0 -1
    outer loop
      vertex 80.9287 63.2284 0
      vertex 69.3449 54.1782 0
      vertex 78.6728 66.0143 0
    endloop
  endfacet
  facet normal 0 0 -1
    outer loop
      vertex 67.4119 56.5653 0
      vertex 78.6728 66.0143 0
      vertex 69.3449 54.1782 0
    endloop
  endfacet
  facet normal -0 0 -1
    outer loop
      vertex 78.6728 66.0143 0
      vertex 67.4119 56.5653 0
      vertex 76.321 68.7197 0
    endloop
  endfacet
  facet normal 0 0 -1
    outer loop
      vertex 65.3967 58.8835 0
      vertex 76.321 68.7197 0
      vertex 67.4119 56.5653 0
    endloop
  endfacet
  facet normal -0 0 -1
    outer loop
      vertex 76.321 68.7197 0
      vertex 65.3967 58.8835 0
      vertex 73.8762 71.3414 0
    endloop
  endfacet
  facet normal 0 0 -1
    outer loop
      vertex 63.3019 61.1299 0
      vertex 73.8762 71.3414 0
      vertex 65.3967 58.8835 0
    endloop
  endfacet
  facet normal -0 0 -1
    outer loop
      vertex 73.8762 71.3414 0
      vertex 63.3019 61.1299 0
      vertex 71.3414 73.8762 0
    endloop
  endfacet
  facet normal 0 0 -1
    outer loop
      vertex 61.1299 63.3019 0
      vertex 71.3414 73.8762 0
      vertex 63.3019 61.1299 0
    endloop
  endfacet
  facet normal -0 0 -1
    outer loop
      vertex 71.3414 73.8762 0
      vertex 61.1299 63.3019 0
      vertex 68.7197 76.321 0
    endloop
  endfacet
  facet normal 0 0 -1
    outer loop
      vertex 58.8835 65.3967 0
      vertex 68.7197 76.321 0
      vertex 61.1299 63.3019 0
    endloop
  endfacet
  facet normal -0 0 -1
    outer loop
      vertex 68.7197 76.321 0
      vertex 58.8835 65.3967 0
      vertex 66.0143 78.6728 0
    endloop
  endfacet
  facet normal 0 0 -1
    outer loop
      vertex 56.5653 67.4119 0
      vertex 66.0143 78.6728 0
      vertex 58.8835 65.3967 0
    endloop
  endfacet
  facet normal -0 0 -1
    outer loop
      vertex 66.0143 78.6728 0
      vertex 56.5653 67.4119 0
      vertex 63.2284 80.9287 0
    endloop
  endfacet
  facet normal 0 0 -1
    outer loop
      vertex 54.1782 69.3449 0
      vertex 63.2284 80.9287 0
      vertex 56.5653 67.4119 0
    endloop
  endfacet
  facet normal -0 0 -1
    outer loop
      vertex 63.2284 80.9287 0
      vertex 54.1782 69.3449 0
      vertex 60.3655 83.086 0
    endloop
  endfacet
  facet normal 0 0 -1
    outer loop
      vertex 51.7251 71.1935 0
      vertex 60.3655 83.086 0
      vertex 54.1782 69.3449 0
    endloop
  endfacet
  facet normal -0 0 -1
    outer loop
      vertex 60.3655 83.086 0
      vertex 51.7251 71.1935 0
      vertex 57.4291 85.1422 0
    endloop
  endfacet
  facet normal 0 0 -1
    outer loop
      vertex 49.209 72.9553 0
      vertex 57.4291 85.1422 0
      vertex 51.7251 71.1935 0
    endloop
  endfacet
  facet normal -0 0 -1
    outer loop
      vertex 57.4291 85.1422 0
      vertex 49.209 72.9553 0
      vertex 54.4227 87.0945 0
    endloop
  endfacet
  facet normal 0 0 -1
    outer loop
      vertex 46.6329 74.6282 0
      vertex 54.4227 87.0945 0
      vertex 49.209 72.9553 0
    endloop
  endfacet
  facet normal -0 0 -1
    outer loop
      vertex 54.4227 87.0945 0
      vertex 46.6329 74.6282 0
      vertex 51.35 88.9408 0
    endloop
  endfacet
  facet normal 0 0 -1
    outer loop
      vertex 44 76.2102 0
      vertex 51.35 88.9408 0
      vertex 46.6329 74.6282 0
    endloop
  endfacet
  facet normal -0 0 -1
    outer loop
      vertex 51.35 88.9408 0
      vertex 44 76.2102 0
      vertex 48.2147 90.6787 0
    endloop
  endfacet
  facet normal 0 0 -1
    outer loop
      vertex 41.3135 77.6994 0
      vertex 48.2147 90.6787 0
      vertex 44 76.2102 0
    endloop
  endfacet
  facet normal -0 0 -1
    outer loop
      vertex 48.2147 90.6787 0
      vertex 41.3135 77.6994 0
      vertex 45.0207 92.3062 0
    endloop
  endfacet
  facet normal 0 0 -1
    outer loop
      vertex 38.5767 79.0939 0
      vertex 45.0207 92.3062 0
      vertex 41.3135 77.6994 0
    endloop
  endfacet
  facet normal -0 0 -1
    outer loop
      vertex 45.0207 92.3062 0
      vertex 38.5767 79.0939 0
      vertex 41.7719 93.8211 0
    endloop
  endfacet
  facet normal 0 0 -1
    outer loop
      vertex 35.7928 80.392 0
      vertex 41.7719 93.8211 0
      vertex 38.5767 79.0939 0
    endloop
  endfacet
  facet normal -0 0 -1
    outer loop
      vertex 41.7719 93.8211 0
      vertex 35.7928 80.392 0
      vertex 38.4721 95.2218 0
    endloop
  endfacet
  facet normal 0 0 -1
    outer loop
      vertex 32.9654 81.5922 0
      vertex 38.4721 95.2218 0
      vertex 35.7928 80.392 0
    endloop
  endfacet
  facet normal -0 0 -1
    outer loop
      vertex 38.4721 95.2218 0
      vertex 32.9654 81.5922 0
      vertex 35.1255 96.5064 0
    endloop
  endfacet
  facet normal 0 0 -1
    outer loop
      vertex 30.0978 82.6929 0
      vertex 35.1255 96.5064 0
      vertex 32.9654 81.5922 0
    endloop
  endfacet
  facet normal -0 0 -1
    outer loop
      vertex 35.1255 96.5064 0
      vertex 30.0978 82.6929 0
      vertex 31.736 97.6735 0
    endloop
  endfacet
  facet normal 0 0 -1
    outer loop
      vertex 27.1935 83.693 0
      vertex 31.736 97.6735 0
      vertex 30.0978 82.6929 0
    endloop
  endfacet
  facet normal -0 0 -1
    outer loop
      vertex 31.736 97.6735 0
      vertex 27.1935 83.693 0
      vertex 28.308 98.7216 0
    endloop
  endfacet
  facet normal 0 0 -1
    outer loop
      vertex 24.2561 84.591 0
      vertex 28.308 98.7216 0
      vertex 27.1935 83.693 0
    endloop
  endfacet
  facet normal -0 0 -1
    outer loop
      vertex 28.308 98.7216 0
      vertex 24.2561 84.591 0
      vertex 24.8454 99.6494 0
    endloop
  endfacet
  facet normal 0 0 -1
    outer loop
      vertex 21.2891 85.386 0
      vertex 24.8454 99.6494 0
      vertex 24.2561 84.591 0
    endloop
  endfacet
  facet normal -0 0 -1
    outer loop
      vertex 24.8454 99.6494 0
      vertex 21.2891 85.386 0
      vertex 21.3525 100.456 0
    endloop
  endfacet
  facet normal 0 0 -1
    outer loop
      vertex 18.2962 86.077 0
      vertex 21.3525 100.456 0
      vertex 21.2891 85.386 0
    endloop
  endfacet
  facet normal 0 0 -1
    outer loop
      vertex 18.2962 86.077 0
      vertex 17.8337 101.14 0
      vertex 21.3525 100.456 0
    endloop
  endfacet
  facet normal 0 0 -1
    outer loop
      vertex 15.281 86.6631 0
      vertex 17.8337 101.14 0
      vertex 18.2962 86.077 0
    endloop
  endfacet
  facet normal 0 0 -1
    outer loop
      vertex 15.281 86.6631 0
      vertex 14.2931 101.701 0
      vertex 17.8337 101.14 0
    endloop
  endfacet
  facet normal 0 0 -1
    outer loop
      vertex 12.2472 87.1436 0
      vertex 14.2931 101.701 0
      vertex 15.281 86.6631 0
    endloop
  endfacet
  facet normal 0 0 -1
    outer loop
      vertex 12.2472 87.1436 0
      vertex 10.7351 102.137 0
      vertex 14.2931 101.701 0
    endloop
  endfacet
  facet normal 0 0 -1
    outer loop
      vertex 9.1985 87.5179 0
      vertex 10.7351 102.137 0
      vertex 12.2472 87.1436 0
    endloop
  endfacet
  facet normal 0 0 -1
    outer loop
      vertex 9.1985 87.5179 0
      vertex 7.16399 102.45 0
      vertex 10.7351 102.137 0
    endloop
  endfacet
  facet normal 0 0 -1
    outer loop
      vertex 6.13857 87.7856 0
      vertex 7.16399 102.45 0
      vertex 9.1985 87.5179 0
    endloop
  endfacet
  facet normal 0 0 -1
    outer loop
      vertex 6.13857 87.7856 0
      vertex 3.58418 102.637 0
      vertex 7.16399 102.45 0
    endloop
  endfacet
  facet normal 0 0 -1
    outer loop
      vertex 3.07116 87.9464 0
      vertex 3.58418 102.637 0
      vertex 6.13857 87.7856 0
    endloop
  endfacet
  facet normal 0 0 -1
    outer loop
      vertex 0 88 0
      vertex 3.58418 102.637 0
      vertex 3.07116 87.9464 0
    endloop
  endfacet
  facet normal 0 0 -1
    outer loop
      vertex 0 88 0
      vertex 0 102.7 0
      vertex 3.58418 102.637 0
    endloop
  endfacet
  facet normal 0 0 -1
    outer loop
      vertex -3.07116 87.9464 0
      vertex 0 102.7 0
      vertex 0 88 0
    endloop
  endfacet
  facet normal 0 0 -1
    outer loop
      vertex -3.07116 87.9464 0
      vertex -3.58418 102.637 0
      vertex 0 102.7 0
    endloop
  endfacet
  facet normal 0 0 -1
    outer loop
      vertex -6.13857 87.7856 0
      vertex -3.58418 102.637 0
      vertex -3.07116 87.9464 0
    endloop
  endfacet
  facet normal 0 0 -1
    outer loop
      vertex -6.13857 87.7856 0
      vertex -7.16399 102.45 0
      vertex -3.58418 102.637 0
    endloop
  endfacet
  facet normal 0 0 -1
    outer loop
      vertex -9.1985 87.5179 0
      vertex -7.16399 102.45 0
      vertex -6.13857 87.7856 0
    endloop
  endfacet
  facet normal 0 0 -1
    outer loop
      vertex -9.1985 87.5179 0
      vertex -10.7351 102.137 0
      vertex -7.16399 102.45 0
    endloop
  endfacet
  facet normal 0 0 -1
    outer loop
      vertex -12.2472 87.1436 0
      vertex -10.7351 102.137 0
      vertex -9.1985 87.5179 0
    endloop
  endfacet
  facet normal 0 0 -1
    outer loop
      vertex -12.2472 87.1436 0
      vertex -14.2931 101.701 0
      vertex -10.7351 102.137 0
    endloop
  endfacet
  facet normal 0 0 -1
    outer loop
      vertex -15.281 86.6631 0
      vertex -14.2931 101.701 0
      vertex -12.2472 87.1436 0
    endloop
  endfacet
  facet normal 0 0 -1
    outer loop
      vertex -15.281 86.6631 0
      vertex -17.8337 101.14 0
      vertex -14.2931 101.701 0
    endloop
  endfacet
  facet normal 0 0 -1
    outer loop
      vertex -18.2962 86.077 0
      vertex -17.8337 101.14 0
      vertex -15.281 86.6631 0
    endloop
  endfacet
  facet normal 0 0 -1
    outer loop
      vertex -21.3525 100.456 0
      vertex -18.2962 86.077 0
      vertex -21.2891 85.386 0
    endloop
  endfacet
  facet normal 0 0 -1
    outer loop
      vertex -18.2962 86.077 0
      vertex -21.3525 100.456 0
      vertex -17.8337 101.14 0
    endloop
  endfacet
  facet normal 0 0 -1
    outer loop
      vertex -24.8454 99.6494 0
      vertex -21.2891 85.386 0
      vertex -24.2561 84.591 0
    endloop
  endfacet
  facet normal 0 0 -1
    outer loop
      vertex -21.2891 85.386 0
      vertex -24.8454 99.6494 0
      vertex -21.3525 100.456 0
    endloop
  endfacet
  facet normal 0 0 -1
    outer loop
      vertex -28.308 98.7216 0
      vertex -24.2561 84.591 0
      vertex -27.1935 83.693 0
    endloop
  endfacet
  facet normal 0 0 -1
    outer loop
      vertex -24.2561 84.591 0
      vertex -28.308 98.7216 0
      vertex -24.8454 99.6494 0
    endloop
  endfacet
  facet normal 0 0 -1
    outer loop
      vertex -31.736 97.6735 0
      vertex -27.1935 83.693 0
      vertex -30.0978 82.6929 0
    endloop
  endfacet
  facet normal 0 0 -1
    outer loop
      vertex -27.1935 83.693 0
      vertex -31.736 97.6735 0
      vertex -28.308 98.7216 0
    endloop
  endfacet
  facet normal 0 0 -1
    outer loop
      vertex -35.1255 96.5064 0
      vertex -30.0978 82.6929 0
      vertex -32.9654 81.5922 0
    endloop
  endfacet
  facet normal 0 0 -1
    outer loop
      vertex -30.0978 82.6929 0
      vertex -35.1255 96.5064 0
      vertex -31.736 97.6735 0
    endloop
  endfacet
  facet normal 0 0 -1
    outer loop
      vertex -38.4721 95.2218 0
      vertex -32.9654 81.5922 0
      vertex -35.7928 80.392 0
    endloop
  endfacet
  facet normal 0 0 -1
    outer loop
      vertex -32.9654 81.5922 0
      vertex -38.4721 95.2218 0
      vertex -35.1255 96.5064 0
    endloop
  endfacet
  facet normal 0 0 -1
    outer loop
      vertex -41.7719 93.8211 0
      vertex -35.7928 80.392 0
      vertex -38.5767 79.0939 0
    endloop
  endfacet
  facet normal 0 0 -1
    outer loop
      vertex -45.0207 92.3062 0
      vertex -38.5767 79.0939 0
      vertex -41.3135 77.6994 0
    endloop
  endfacet
  facet normal 0 0 -1
    outer loop
      vertex -35.7928 80.392 0
      vertex -41.7719 93.8211 0
      vertex -38.4721 95.2218 0
    endloop
  endfacet
  facet normal 0 0 -1
    outer loop
      vertex -48.2147 90.6787 0
      vertex -41.3135 77.6994 0
      vertex -44 76.2102 0
    endloop
  endfacet
  facet normal 0 0 -1
    outer loop
      vertex -38.5767 79.0939 0
      vertex -45.0207 92.3062 0
      vertex -41.7719 93.8211 0
    endloop
  endfacet
  facet normal 0 0 -1
    outer loop
      vertex -51.35 88.9408 0
      vertex -44 76.2102 0
      vertex -46.6329 74.6282 0
    endloop
  endfacet
  facet normal 0 0 -1
    outer loop
      vertex -41.3135 77.6994 0
      vertex -48.2147 90.6787 0
      vertex -45.0207 92.3062 0
    endloop
  endfacet
  facet normal 0 0 -1
    outer loop
      vertex -54.4227 87.0945 0
      vertex -46.6329 74.6282 0
      vertex -49.209 72.9553 0
    endloop
  endfacet
  facet normal 0 0 -1
    outer loop
      vertex -44 76.2102 0
      vertex -51.35 88.9408 0
      vertex -48.2147 90.6787 0
    endloop
  endfacet
  facet normal 0 0 -1
    outer loop
      vertex -57.4291 85.1422 0
      vertex -49.209 72.9553 0
      vertex -51.7251 71.1935 0
    endloop
  endfacet
  facet normal 0 0 -1
    outer loop
      vertex -60.3655 83.086 0
      vertex -51.7251 71.1935 0
      vertex -54.1782 69.3449 0
    endloop
  endfacet
  facet normal 0 0 -1
    outer loop
      vertex -46.6329 74.6282 0
      vertex -54.4227 87.0945 0
      vertex -51.35 88.9408 0
    endloop
  endfacet
  facet normal 0 0 -1
    outer loop
      vertex -63.2284 80.9287 0
      vertex -54.1782 69.3449 0
      vertex -56.5653 67.4119 0
    endloop
  endfacet
  facet normal 0 0 -1
    outer loop
      vertex -49.209 72.9553 0
      vertex -57.4291 85.1422 0
      vertex -54.4227 87.0945 0
    endloop
  endfacet
  facet normal 0 0 -1
    outer loop
      vertex -66.0143 78.6728 0
      vertex -56.5653 67.4119 0
      vertex -58.8835 65.3967 0
    endloop
  endfacet
  facet normal 0 0 -1
    outer loop
      vertex -51.7251 71.1935 0
      vertex -60.3655 83.086 0
      vertex -57.4291 85.1422 0
    endloop
  endfacet
  facet normal 0 0 -1
    outer loop
      vertex -68.7197 76.321 0
      vertex -58.8835 65.3967 0
      vertex -61.1299 63.3019 0
    endloop
  endfacet
  facet normal 0 0 -1
    outer loop
      vertex -54.1782 69.3449 0
      vertex -63.2284 80.9287 0
      vertex -60.3655 83.086 0
    endloop
  endfacet
  facet normal 0 0 -1
    outer loop
      vertex -71.3414 73.8762 0
      vertex -61.1299 63.3019 0
      vertex -63.3019 61.1299 0
    endloop
  endfacet
  facet normal 0 0 -1
    outer loop
      vertex -73.8762 71.3414 0
      vertex -63.3019 61.1299 0
      vertex -65.3967 58.8835 0
    endloop
  endfacet
  facet normal 0 0 -1
    outer loop
      vertex -56.5653 67.4119 0
      vertex -66.0143 78.6728 0
      vertex -63.2284 80.9287 0
    endloop
  endfacet
  facet normal 0 0 -1
    outer loop
      vertex -76.321 68.7197 0
      vertex -65.3967 58.8835 0
      vertex -67.4119 56.5653 0
    endloop
  endfacet
  facet normal 0 0 -1
    outer loop
      vertex -58.8835 65.3967 0
      vertex -68.7197 76.321 0
      vertex -66.0143 78.6728 0
    endloop
  endfacet
  facet normal 0 0 -1
    outer loop
      vertex -78.6728 66.0143 0
      vertex -67.4119 56.5653 0
      vertex -69.3449 54.1782 0
    endloop
  endfacet
  facet normal 0 0 -1
    outer loop
      vertex -80.9287 63.2284 0
      vertex -69.3449 54.1782 0
      vertex -71.1935 51.7251 0
    endloop
  endfacet
  facet normal 0 0 -1
    outer loop
      vertex -61.1299 63.3019 0
      vertex -71.3414 73.8762 0
      vertex -68.7197 76.321 0
    endloop
  endfacet
  facet normal 0 0 -1
    outer loop
      vertex -83.086 60.3655 0
      vertex -71.1935 51.7251 0
      vertex -72.9553 49.209 0
    endloop
  endfacet
  facet normal 0 0 -1
    outer loop
      vertex -63.3019 61.1299 0
      vertex -73.8762 71.3414 0
      vertex -71.3414 73.8762 0
    endloop
  endfacet
  facet normal 0 0 -1
    outer loop
      vertex -85.1422 57.4291 0
      vertex -72.9553 49.209 0
      vertex -74.6282 46.6329 0
    endloop
  endfacet
  facet normal 0 0 -1
    outer loop
      vertex -87.0945 54.4227 0
      vertex -74.6282 46.6329 0
      vertex -76.2102 44 0
    endloop
  endfacet
  facet normal 0 0 -1
    outer loop
      vertex -65.3967 58.8835 0
      vertex -76.321 68.7197 0
      vertex -73.8762 71.3414 0
    endloop
  endfacet
  facet normal 0 0 -1
    outer loop
      vertex -88.9408 51.35 0
      vertex -76.2102 44 0
      vertex -77.6994 41.3135 0
    endloop
  endfacet
  facet normal 0 0 -1
    outer loop
      vertex -67.4119 56.5653 0
      vertex -78.6728 66.0143 0
      vertex -76.321 68.7197 0
    endloop
  endfacet
  facet normal 0 0 -1
    outer loop
      vertex -90.6787 48.2147 0
      vertex -77.6994 41.3135 0
      vertex -79.0939 38.5767 0
    endloop
  endfacet
  facet normal 0 0 -1
    outer loop
      vertex -92.3062 45.0207 0
      vertex -79.0939 38.5767 0
      vertex -80.392 35.7928 0
    endloop
  endfacet
  facet normal 0 0 -1
    outer loop
      vertex -69.3449 54.1782 0
      vertex -80.9287 63.2284 0
      vertex -78.6728 66.0143 0
    endloop
  endfacet
  facet normal 0 0 -1
    outer loop
      vertex -93.8211 41.7719 0
      vertex -80.392 35.7928 0
      vertex -81.5922 32.9654 0
    endloop
  endfacet
  facet normal 0 0 -1
    outer loop
      vertex -95.2218 38.4721 0
      vertex -81.5922 32.9654 0
      vertex -82.6929 30.0978 0
    endloop
  endfacet
  facet normal 0 0 -1
    outer loop
      vertex -71.1935 51.7251 0
      vertex -83.086 60.3655 0
      vertex -80.9287 63.2284 0
    endloop
  endfacet
  facet normal 0 0 -1
    outer loop
      vertex -96.5064 35.1255 0
      vertex -82.6929 30.0978 0
      vertex -83.693 27.1935 0
    endloop
  endfacet
  facet normal 0 0 -1
    outer loop
      vertex -97.6735 31.736 0
      vertex -83.693 27.1935 0
      vertex -84.591 24.2561 0
    endloop
  endfacet
  facet normal 0 0 -1
    outer loop
      vertex -72.9553 49.209 0
      vertex -85.1422 57.4291 0
      vertex -83.086 60.3655 0
    endloop
  endfacet
  facet normal 0 0 -1
    outer loop
      vertex -98.7216 28.308 0
      vertex -84.591 24.2561 0
      vertex -85.386 21.2891 0
    endloop
  endfacet
  facet normal 0 0 -1
    outer loop
      vertex -99.6494 24.8454 0
      vertex -85.386 21.2891 0
      vertex -86.077 18.2962 0
    endloop
  endfacet
  facet normal 0 0 -1
    outer loop
      vertex -100.456 21.3525 0
      vertex -86.077 18.2962 0
      vertex -86.6631 15.281 0
    endloop
  endfacet
  facet normal 0 0 -1
    outer loop
      vertex -74.6282 46.6329 0
      vertex -87.0945 54.4227 0
      vertex -85.1422 57.4291 0
    endloop
  endfacet
  facet normal 0 0 -1
    outer loop
      vertex -101.14 17.8337 0
      vertex -86.6631 15.281 0
      vertex -87.1436 12.2472 0
    endloop
  endfacet
  facet normal 0 0 -1
    outer loop
      vertex -101.701 14.2931 0
      vertex -87.1436 12.2472 0
      vertex -87.5179 9.1985 0
    endloop
  endfacet
  facet normal 0 0 -1
    outer loop
      vertex -102.137 10.7351 0
      vertex -87.5179 9.1985 0
      vertex -87.7856 6.13857 0
    endloop
  endfacet
  facet normal 0 0 -1
    outer loop
      vertex -102.45 7.16399 0
      vertex -87.7856 6.13857 0
      vertex -87.9464 3.07116 0
    endloop
  endfacet
  facet normal 0 0 -1
    outer loop
      vertex -102.637 3.58418 0
      vertex -87.9464 3.07116 0
      vertex -88 0 0
    endloop
  endfacet
  facet normal 0 0 -1
    outer loop
      vertex -99.6494 -24.8454 0
      vertex -85.386 -21.2891 0
      vertex -98.7216 -28.308 0
    endloop
  endfacet
  facet normal 0 0 -1
    outer loop
      vertex -76.2102 44 0
      vertex -88.9408 51.35 0
      vertex -87.0945 54.4227 0
    endloop
  endfacet
  facet normal -0 0 -1
    outer loop
      vertex -85.386 -21.2891 0
      vertex -99.6494 -24.8454 0
      vertex -86.077 -18.2962 0
    endloop
  endfacet
  facet normal 0 0 -1
    outer loop
      vertex -77.6994 41.3135 0
      vertex -90.6787 48.2147 0
      vertex -88.9408 51.35 0
    endloop
  endfacet
  facet normal 0 0 -1
    outer loop
      vertex -100.456 -21.3525 0
      vertex -86.077 -18.2962 0
      vertex -99.6494 -24.8454 0
    endloop
  endfacet
  facet normal 0 0 -1
    outer loop
      vertex -79.0939 38.5767 0
      vertex -92.3062 45.0207 0
      vertex -90.6787 48.2147 0
    endloop
  endfacet
  facet normal -0 0 -1
    outer loop
      vertex -86.077 -18.2962 0
      vertex -100.456 -21.3525 0
      vertex -86.6631 -15.281 0
    endloop
  endfacet
  facet normal 0 0 -1
    outer loop
      vertex -80.392 35.7928 0
      vertex -93.8211 41.7719 0
      vertex -92.3062 45.0207 0
    endloop
  endfacet
  facet normal 0 0 -1
    outer loop
      vertex -101.14 -17.8337 0
      vertex -86.6631 -15.281 0
      vertex -100.456 -21.3525 0
    endloop
  endfacet
  facet normal 0 0 -1
    outer loop
      vertex -81.5922 32.9654 0
      vertex -95.2218 38.4721 0
      vertex -93.8211 41.7719 0
    endloop
  endfacet
  facet normal -0 0 -1
    outer loop
      vertex -86.6631 -15.281 0
      vertex -101.14 -17.8337 0
      vertex -87.1436 -12.2472 0
    endloop
  endfacet
  facet normal 0 0 -1
    outer loop
      vertex -82.6929 30.0978 0
      vertex -96.5064 35.1255 0
      vertex -95.2218 38.4721 0
    endloop
  endfacet
  facet normal 0 0 -1
    outer loop
      vertex -101.701 -14.2931 0
      vertex -87.1436 -12.2472 0
      vertex -101.14 -17.8337 0
    endloop
  endfacet
  facet normal 0 0 -1
    outer loop
      vertex -83.693 27.1935 0
      vertex -97.6735 31.736 0
      vertex -96.5064 35.1255 0
    endloop
  endfacet
  facet normal -0 0 -1
    outer loop
      vertex -87.1436 -12.2472 0
      vertex -101.701 -14.2931 0
      vertex -87.5179 -9.1985 0
    endloop
  endfacet
  facet normal 0 0 -1
    outer loop
      vertex -84.591 24.2561 0
      vertex -98.7216 28.308 0
      vertex -97.6735 31.736 0
    endloop
  endfacet
  facet normal 0 0 -1
    outer loop
      vertex -102.137 -10.7351 0
      vertex -87.5179 -9.1985 0
      vertex -101.701 -14.2931 0
    endloop
  endfacet
  facet normal 0 0 -1
    outer loop
      vertex -85.386 21.2891 0
      vertex -99.6494 24.8454 0
      vertex -98.7216 28.308 0
    endloop
  endfacet
  facet normal -0 0 -1
    outer loop
      vertex -87.5179 -9.1985 0
      vertex -102.137 -10.7351 0
      vertex -87.7856 -6.13857 0
    endloop
  endfacet
  facet normal 0 0 -1
    outer loop
      vertex -86.077 18.2962 0
      vertex -100.456 21.3525 0
      vertex -99.6494 24.8454 0
    endloop
  endfacet
  facet normal 0 0 -1
    outer loop
      vertex -102.45 -7.16399 0
      vertex -87.7856 -6.13857 0
      vertex -102.137 -10.7351 0
    endloop
  endfacet
  facet normal 0 0 -1
    outer loop
      vertex -86.6631 15.281 0
      vertex -101.14 17.8337 0
      vertex -100.456 21.3525 0
    endloop
  endfacet
  facet normal -0 0 -1
    outer loop
      vertex -87.7856 -6.13857 0
      vertex -102.45 -7.16399 0
      vertex -87.9464 -3.07116 0
    endloop
  endfacet
  facet normal 0 0 -1
    outer loop
      vertex -87.1436 12.2472 0
      vertex -101.701 14.2931 0
      vertex -101.14 17.8337 0
    endloop
  endfacet
  facet normal 0 0 -1
    outer loop
      vertex -102.637 -3.58418 0
      vertex -87.9464 -3.07116 0
      vertex -102.45 -7.16399 0
    endloop
  endfacet
  facet normal 0 0 -1
    outer loop
      vertex -87.5179 9.1985 0
      vertex -102.137 10.7351 0
      vertex -101.701 14.2931 0
    endloop
  endfacet
  facet normal -0 0 -1
    outer loop
      vertex -87.9464 -3.07116 0
      vertex -102.637 -3.58418 0
      vertex -88 0 0
    endloop
  endfacet
  facet normal 0 0 -1
    outer loop
      vertex -87.7856 6.13857 0
      vertex -102.45 7.16399 0
      vertex -102.137 10.7351 0
    endloop
  endfacet
  facet normal 0 0 -1
    outer loop
      vertex -102.7 0 0
      vertex -88 0 0
      vertex -102.637 -3.58418 0
    endloop
  endfacet
  facet normal 0 0 -1
    outer loop
      vertex -87.9464 3.07116 0
      vertex -102.637 3.58418 0
      vertex -102.45 7.16399 0
    endloop
  endfacet
  facet normal 0 0 -1
    outer loop
      vertex -88 0 0
      vertex -102.7 0 0
      vertex -102.637 3.58418 0
    endloop
  endfacet
  facet normal -0.999846 0.0175745 0
    outer loop
      vertex -102.7 0 0
      vertex -102.637 3.58418 30.2
      vertex -102.637 3.58418 0
    endloop
  endfacet
  facet normal -0.999846 0.0175745 0
    outer loop
      vertex -102.637 3.58418 30.2
      vertex -102.7 0 0
      vertex -102.7 0 30.2
    endloop
  endfacet
  facet normal 0.999848 -0.01745 0
    outer loop
      vertex -88 0 2
      vertex -87.9464 3.07116 0
      vertex -87.9464 3.07116 2
    endloop
  endfacet
  facet normal 0.999848 -0.01745 0
    outer loop
      vertex -87.9464 3.07116 0
      vertex -88 0 2
      vertex -88 0 0
    endloop
  endfacet
  facet normal -0.998638 0.0521663 0
    outer loop
      vertex -102.637 3.58418 0
      vertex -102.45 7.16399 30.2
      vertex -102.45 7.16399 0
    endloop
  endfacet
  facet normal -0.998638 0.0521663 0
    outer loop
      vertex -102.45 7.16399 30.2
      vertex -102.637 3.58418 0
      vertex -102.637 3.58418 30.2
    endloop
  endfacet
  facet normal 0.998629 -0.0523502 0
    outer loop
      vertex -87.9464 3.07116 2
      vertex -87.7856 6.13857 0
      vertex -87.7856 6.13857 2
    endloop
  endfacet
  facet normal 0.998629 -0.0523502 0
    outer loop
      vertex -87.7856 6.13857 0
      vertex -87.9464 3.07116 2
      vertex -87.9464 3.07116 0
    endloop
  endfacet
  facet normal -0.996181 0.0873131 0
    outer loop
      vertex -102.45 7.16399 0
      vertex -102.137 10.7351 30.2
      vertex -102.137 10.7351 0
    endloop
  endfacet
  facet normal -0.996181 0.0873131 0
    outer loop
      vertex -102.137 10.7351 30.2
      vertex -102.45 7.16399 0
      vertex -102.45 7.16399 30.2
    endloop
  endfacet
  facet normal 0.996195 -0.0871528 0
    outer loop
      vertex -87.7856 6.13857 2
      vertex -87.5179 9.1985 0
      vertex -87.5179 9.1985 2
    endloop
  endfacet
  facet normal 0.996195 -0.0871528 0
    outer loop
      vertex -87.5179 9.1985 0
      vertex -87.7856 6.13857 2
      vertex -87.7856 6.13857 0
    endloop
  endfacet
  facet normal -0.992575 0.121631 0
    outer loop
      vertex -102.137 10.7351 0
      vertex -101.701 14.2931 30.2
      vertex -101.701 14.2931 0
    endloop
  endfacet
  facet normal -0.992575 0.121631 0
    outer loop
      vertex -101.701 14.2931 30.2
      vertex -102.137 10.7351 0
      vertex -102.137 10.7351 30.2
    endloop
  endfacet
  facet normal 0.992547 -0.121859 0
    outer loop
      vertex -87.5179 9.1985 2
      vertex -87.1436 12.2472 0
      vertex -87.1436 12.2472 2
    endloop
  endfacet
  facet normal 0.992547 -0.121859 0
    outer loop
      vertex -87.1436 12.2472 0
      vertex -87.5179 9.1985 2
      vertex -87.5179 9.1985 0
    endloop
  endfacet
  facet normal -0.987679 0.156495 0
    outer loop
      vertex -101.701 14.2931 0
      vertex -101.14 17.8337 30.2
      vertex -101.14 17.8337 0
    endloop
  endfacet
  facet normal -0.987679 0.156495 0
    outer loop
      vertex -101.14 17.8337 30.2
      vertex -101.701 14.2931 0
      vertex -101.701 14.2931 30.2
    endloop
  endfacet
  facet normal 0.987689 -0.156432 0
    outer loop
      vertex -87.1436 12.2472 2
      vertex -86.6631 15.281 0
      vertex -86.6631 15.281 2
    endloop
  endfacet
  facet normal 0.987689 -0.156432 0
    outer loop
      vertex -86.6631 15.281 0
      vertex -87.1436 12.2472 2
      vertex -87.1436 12.2472 0
    endloop
  endfacet
  facet normal -0.981626 0.190813 0
    outer loop
      vertex -101.14 17.8337 0
      vertex -100.456 21.3525 30.2
      vertex -100.456 21.3525 0
    endloop
  endfacet
  facet normal -0.981626 0.190813 0
    outer loop
      vertex -100.456 21.3525 30.2
      vertex -101.14 17.8337 0
      vertex -101.14 17.8337 30.2
    endloop
  endfacet
  facet normal 0.981627 -0.19081 0
    outer loop
      vertex -86.6631 15.281 2
      vertex -86.077 18.2962 0
      vertex -86.077 18.2962 2
    endloop
  endfacet
  facet normal 0.981627 -0.19081 0
    outer loop
      vertex -86.077 18.2962 0
      vertex -86.6631 15.281 2
      vertex -86.6631 15.281 0
    endloop
  endfacet
  facet normal -0.974358 0.225004 0
    outer loop
      vertex -100.456 21.3525 0
      vertex -99.6494 24.8454 30.2
      vertex -99.6494 24.8454 0
    endloop
  endfacet
  facet normal -0.974358 0.225004 0
    outer loop
      vertex -99.6494 24.8454 30.2
      vertex -100.456 21.3525 0
      vertex -100.456 21.3525 30.2
    endloop
  endfacet
  facet normal 0.974368 -0.224962 0
    outer loop
      vertex -86.077 18.2962 2
      vertex -85.386 21.2891 0
      vertex -85.386 21.2891 2
    endloop
  endfacet
  facet normal 0.974368 -0.224962 0
    outer loop
      vertex -85.386 21.2891 0
      vertex -86.077 18.2962 2
      vertex -86.077 18.2962 0
    endloop
  endfacet
  facet normal -0.965926 0.258819 0
    outer loop
      vertex -99.6494 24.8454 0
      vertex -98.7216 28.308 30.2
      vertex -98.7216 28.308 0
    endloop
  endfacet
  facet normal -0.965926 0.258819 0
    outer loop
      vertex -98.7216 28.308 30.2
      vertex -99.6494 24.8454 0
      vertex -99.6494 24.8454 30.2
    endloop
  endfacet
  facet normal 0.965926 -0.258817 0
    outer loop
      vertex -85.386 21.2891 2
      vertex -84.591 24.2561 0
      vertex -84.591 24.2561 2
    endloop
  endfacet
  facet normal 0.965926 -0.258817 0
    outer loop
      vertex -84.591 24.2561 0
      vertex -85.386 21.2891 2
      vertex -85.386 21.2891 0
    endloop
  endfacet
  facet normal -0.9563 0.292386 0
    outer loop
      vertex -98.7216 28.308 0
      vertex -97.6735 31.736 30.2
      vertex -97.6735 31.736 0
    endloop
  endfacet
  facet normal -0.9563 0.292386 0
    outer loop
      vertex -97.6735 31.736 30.2
      vertex -98.7216 28.308 0
      vertex -98.7216 28.308 30.2
    endloop
  endfacet
  facet normal 0.95631 -0.292356 0
    outer loop
      vertex -84.591 24.2561 2
      vertex -83.693 27.1935 0
      vertex -83.693 27.1935 2
    endloop
  endfacet
  facet normal 0.95631 -0.292356 0
    outer loop
      vertex -83.693 27.1935 0
      vertex -84.591 24.2561 2
      vertex -84.591 24.2561 0
    endloop
  endfacet
  facet normal -0.945518 0.325569 0
    outer loop
      vertex -97.6735 31.736 0
      vertex -96.5064 35.1255 30.2
      vertex -96.5064 35.1255 0
    endloop
  endfacet
  facet normal -0.945518 0.325569 0
    outer loop
      vertex -96.5064 35.1255 30.2
      vertex -97.6735 31.736 0
      vertex -97.6735 31.736 30.2
    endloop
  endfacet
  facet normal 0.945512 -0.325588 0
    outer loop
      vertex -83.693 27.1935 2
      vertex -82.6929 30.0978 0
      vertex -82.6929 30.0978 2
    endloop
  endfacet
  facet normal 0.945512 -0.325588 0
    outer loop
      vertex -82.6929 30.0978 0
      vertex -83.693 27.1935 2
      vertex -83.693 27.1935 0
    endloop
  endfacet
  facet normal -0.933584 0.358358 0
    outer loop
      vertex -96.5064 35.1255 0
      vertex -95.2218 38.4721 30.2
      vertex -95.2218 38.4721 0
    endloop
  endfacet
  facet normal -0.933584 0.358358 0
    outer loop
      vertex -95.2218 38.4721 30.2
      vertex -96.5064 35.1255 0
      vertex -96.5064 35.1255 30.2
    endloop
  endfacet
  facet normal 0.933588 -0.358349 0
    outer loop
      vertex -82.6929 30.0978 2
      vertex -81.5922 32.9654 0
      vertex -81.5922 32.9654 2
    endloop
  endfacet
  facet normal 0.933588 -0.358349 0
    outer loop
      vertex -81.5922 32.9654 0
      vertex -82.6929 30.0978 2
      vertex -82.6929 30.0978 0
    endloop
  endfacet
  facet normal -0.920503 0.390735 0
    outer loop
      vertex -95.2218 38.4721 0
      vertex -93.8211 41.7719 30.2
      vertex -93.8211 41.7719 0
    endloop
  endfacet
  facet normal -0.920503 0.390735 0
    outer loop
      vertex -93.8211 41.7719 30.2
      vertex -95.2218 38.4721 0
      vertex -95.2218 38.4721 30.2
    endloop
  endfacet
  facet normal 0.9205 -0.390742 0
    outer loop
      vertex -81.5922 32.9654 2
      vertex -80.392 35.7928 0
      vertex -80.392 35.7928 2
    endloop
  endfacet
  facet normal 0.9205 -0.390742 0
    outer loop
      vertex -80.392 35.7928 0
      vertex -81.5922 32.9654 2
      vertex -81.5922 32.9654 0
    endloop
  endfacet
  facet normal -0.906312 0.422609 0
    outer loop
      vertex -93.8211 41.7719 0
      vertex -92.3062 45.0207 30.2
      vertex -92.3062 45.0207 0
    endloop
  endfacet
  facet normal -0.906312 0.422609 0
    outer loop
      vertex -92.3062 45.0207 30.2
      vertex -93.8211 41.7719 0
      vertex -93.8211 41.7719 30.2
    endloop
  endfacet
  facet normal 0.906315 -0.422604 0
    outer loop
      vertex -80.392 35.7928 2
      vertex -79.0939 38.5767 0
      vertex -79.0939 38.5767 2
    endloop
  endfacet
  facet normal 0.906315 -0.422604 0
    outer loop
      vertex -79.0939 38.5767 0
      vertex -80.392 35.7928 2
      vertex -80.392 35.7928 0
    endloop
  endfacet
  facet normal -0.890998 0.454007 0
    outer loop
      vertex -92.3062 45.0207 0
      vertex -90.6787 48.2147 30.2
      vertex -90.6787 48.2147 0
    endloop
  endfacet
  facet normal -0.890998 0.454007 0
    outer loop
      vertex -90.6787 48.2147 30.2
      vertex -92.3062 45.0207 0
      vertex -92.3062 45.0207 30.2
    endloop
  endfacet
  facet normal 0.891002 -0.453998 0
    outer loop
      vertex -79.0939 38.5767 2
      vertex -77.6994 41.3135 0
      vertex -77.6994 41.3135 2
    endloop
  endfacet
  facet normal 0.891002 -0.453998 0
    outer loop
      vertex -77.6994 41.3135 0
      vertex -79.0939 38.5767 2
      vertex -79.0939 38.5767 0
    endloop
  endfacet
  facet normal -0.874623 0.484804 0
    outer loop
      vertex -90.6787 48.2147 0
      vertex -88.9408 51.35 30.2
      vertex -88.9408 51.35 0
    endloop
  endfacet
  facet normal -0.874623 0.484804 0
    outer loop
      vertex -88.9408 51.35 30.2
      vertex -90.6787 48.2147 0
      vertex -90.6787 48.2147 30.2
    endloop
  endfacet
  facet normal 0.874613 -0.484822 0
    outer loop
      vertex -77.6994 41.3135 2
      vertex -76.2102 44 0
      vertex -76.2102 44 2
    endloop
  endfacet
  facet normal 0.874613 -0.484822 0
    outer loop
      vertex -76.2102 44 0
      vertex -77.6994 41.3135 2
      vertex -77.6994 41.3135 0
    endloop
  endfacet
  facet normal -0.857163 0.515045 0
    outer loop
      vertex -88.9408 51.35 0
      vertex -87.0945 54.4227 30.2
      vertex -87.0945 54.4227 0
    endloop
  endfacet
  facet normal -0.857163 0.515045 0
    outer loop
      vertex -87.0945 54.4227 30.2
      vertex -88.9408 51.35 0
      vertex -88.9408 51.35 30.2
    endloop
  endfacet
  facet normal 0.857168 -0.515037 0
    outer loop
      vertex -76.2102 44 2
      vertex -74.6282 46.6329 0
      vertex -74.6282 46.6329 2
    endloop
  endfacet
  facet normal 0.857168 -0.515037 0
    outer loop
      vertex -74.6282 46.6329 0
      vertex -76.2102 44 2
      vertex -76.2102 44 0
    endloop
  endfacet
  facet normal -0.838681 0.544624 0
    outer loop
      vertex -87.0945 54.4227 0
      vertex -85.1422 57.4291 30.2
      vertex -85.1422 57.4291 0
    endloop
  endfacet
  facet normal -0.838681 0.544624 0
    outer loop
      vertex -85.1422 57.4291 30.2
      vertex -87.0945 54.4227 0
      vertex -87.0945 54.4227 30.2
    endloop
  endfacet
  facet normal 0.838676 -0.54463 0
    outer loop
      vertex -74.6282 46.6329 2
      vertex -72.9553 49.209 0
      vertex -72.9553 49.209 2
    endloop
  endfacet
  facet normal 0.838676 -0.54463 0
    outer loop
      vertex -72.9553 49.209 0
      vertex -74.6282 46.6329 2
      vertex -74.6282 46.6329 0
    endloop
  endfacet
  facet normal -0.819138 0.573597 0
    outer loop
      vertex -85.1422 57.4291 0
      vertex -83.086 60.3655 30.2
      vertex -83.086 60.3655 0
    endloop
  endfacet
  facet normal -0.819138 0.573597 0
    outer loop
      vertex -83.086 60.3655 30.2
      vertex -85.1422 57.4291 0
      vertex -85.1422 57.4291 30.2
    endloop
  endfacet
  facet normal 0.819151 -0.573578 0
    outer loop
      vertex -72.9553 49.209 2
      vertex -71.1935 51.7251 0
      vertex -71.1935 51.7251 2
    endloop
  endfacet
  facet normal 0.819151 -0.573578 0
    outer loop
      vertex -71.1935 51.7251 0
      vertex -72.9553 49.209 2
      vertex -72.9553 49.209 0
    endloop
  endfacet
  facet normal -0.798642 0.601806 0
    outer loop
      vertex -83.086 60.3655 0
      vertex -80.9287 63.2284 30.2
      vertex -80.9287 63.2284 0
    endloop
  endfacet
  facet normal -0.798642 0.601806 0
    outer loop
      vertex -80.9287 63.2284 30.2
      vertex -83.086 60.3655 0
      vertex -83.086 60.3655 30.2
    endloop
  endfacet
  facet normal 0.798627 -0.601827 0
    outer loop
      vertex -71.1935 51.7251 2
      vertex -69.3449 54.1782 0
      vertex -69.3449 54.1782 2
    endloop
  endfacet
  facet normal 0.798627 -0.601827 0
    outer loop
      vertex -69.3449 54.1782 0
      vertex -71.1935 51.7251 2
      vertex -71.1935 51.7251 0
    endloop
  endfacet
  facet normal -0.777157 0.629307 0
    outer loop
      vertex -80.9287 63.2284 0
      vertex -78.6728 66.0143 30.2
      vertex -78.6728 66.0143 0
    endloop
  endfacet
  facet normal -0.777157 0.629307 0
    outer loop
      vertex -78.6728 66.0143 30.2
      vertex -80.9287 63.2284 0
      vertex -80.9287 63.2284 30.2
    endloop
  endfacet
  facet normal 0.777152 -0.629313 0
    outer loop
      vertex -69.3449 54.1782 2
      vertex -67.4119 56.5653 0
      vertex -67.4119 56.5653 2
    endloop
  endfacet
  facet normal 0.777152 -0.629313 0
    outer loop
      vertex -67.4119 56.5653 0
      vertex -69.3449 54.1782 2
      vertex -69.3449 54.1782 0
    endloop
  endfacet
  facet normal -0.754705 0.656064 0
    outer loop
      vertex -78.6728 66.0143 0
      vertex -76.321 68.7197 30.2
      vertex -76.321 68.7197 0
    endloop
  endfacet
  facet normal -0.754705 0.656064 0
    outer loop
      vertex -76.321 68.7197 30.2
      vertex -78.6728 66.0143 0
      vertex -78.6728 66.0143 30.2
    endloop
  endfacet
  facet normal 0.754706 -0.656063 0
    outer loop
      vertex -67.4119 56.5653 2
      vertex -65.3967 58.8835 0
      vertex -65.3967 58.8835 2
    endloop
  endfacet
  facet normal 0.754706 -0.656063 0
    outer loop
      vertex -65.3967 58.8835 0
      vertex -67.4119 56.5653 2
      vertex -67.4119 56.5653 0
    endloop
  endfacet
  facet normal -0.73135 0.682002 0
    outer loop
      vertex -76.321 68.7197 0
      vertex -73.8762 71.3414 30.2
      vertex -73.8762 71.3414 0
    endloop
  endfacet
  facet normal -0.73135 0.682002 0
    outer loop
      vertex -73.8762 71.3414 30.2
      vertex -76.321 68.7197 0
      vertex -76.321 68.7197 30.2
    endloop
  endfacet
  facet normal 0.731354 -0.681998 0
    outer loop
      vertex -65.3967 58.8835 2
      vertex -63.3019 61.1299 0
      vertex -63.3019 61.1299 2
    endloop
  endfacet
  facet normal 0.731354 -0.681998 0
    outer loop
      vertex -63.3019 61.1299 0
      vertex -65.3967 58.8835 2
      vertex -65.3967 58.8835 0
    endloop
  endfacet
  facet normal -0.707107 0.707107 0
    outer loop
      vertex -73.8762 71.3414 0
      vertex -71.3414 73.8762 30.2
      vertex -71.3414 73.8762 0
    endloop
  endfacet
  facet normal -0.707107 0.707107 0
    outer loop
      vertex -71.3414 73.8762 30.2
      vertex -73.8762 71.3414 0
      vertex -73.8762 71.3414 30.2
    endloop
  endfacet
  facet normal 0.707107 -0.707107 0
    outer loop
      vertex -63.3019 61.1299 2
      vertex -61.1299 63.3019 0
      vertex -61.1299 63.3019 2
    endloop
  endfacet
  facet normal 0.707107 -0.707107 0
    outer loop
      vertex -61.1299 63.3019 0
      vertex -63.3019 61.1299 2
      vertex -63.3019 61.1299 0
    endloop
  endfacet
  facet normal -0.682002 0.73135 0
    outer loop
      vertex -68.7197 76.321 0
      vertex -71.3414 73.8762 30.2
      vertex -68.7197 76.321 30.2
    endloop
  endfacet
  facet normal -0.682002 0.73135 0
    outer loop
      vertex -71.3414 73.8762 30.2
      vertex -68.7197 76.321 0
      vertex -71.3414 73.8762 0
    endloop
  endfacet
  facet normal 0.681998 -0.731354 0
    outer loop
      vertex -61.1299 63.3019 0
      vertex -58.8835 65.3967 2
      vertex -61.1299 63.3019 2
    endloop
  endfacet
  facet normal 0.681998 -0.731354 0
    outer loop
      vertex -58.8835 65.3967 2
      vertex -61.1299 63.3019 0
      vertex -58.8835 65.3967 0
    endloop
  endfacet
  facet normal -0.656064 0.754705 0
    outer loop
      vertex -66.0143 78.6728 0
      vertex -68.7197 76.321 30.2
      vertex -66.0143 78.6728 30.2
    endloop
  endfacet
  facet normal -0.656064 0.754705 0
    outer loop
      vertex -68.7197 76.321 30.2
      vertex -66.0143 78.6728 0
      vertex -68.7197 76.321 0
    endloop
  endfacet
  facet normal 0.656063 -0.754706 0
    outer loop
      vertex -58.8835 65.3967 0
      vertex -56.5653 67.4119 2
      vertex -58.8835 65.3967 2
    endloop
  endfacet
  facet normal 0.656063 -0.754706 0
    outer loop
      vertex -56.5653 67.4119 2
      vertex -58.8835 65.3967 0
      vertex -56.5653 67.4119 0
    endloop
  endfacet
  facet normal -0.629307 0.777157 0
    outer loop
      vertex -63.2284 80.9287 0
      vertex -66.0143 78.6728 30.2
      vertex -63.2284 80.9287 30.2
    endloop
  endfacet
  facet normal -0.629307 0.777157 0
    outer loop
      vertex -66.0143 78.6728 30.2
      vertex -63.2284 80.9287 0
      vertex -66.0143 78.6728 0
    endloop
  endfacet
  facet normal 0.629313 -0.777152 0
    outer loop
      vertex -56.5653 67.4119 0
      vertex -54.1782 69.3449 2
      vertex -56.5653 67.4119 2
    endloop
  endfacet
  facet normal 0.629313 -0.777152 0
    outer loop
      vertex -54.1782 69.3449 2
      vertex -56.5653 67.4119 0
      vertex -54.1782 69.3449 0
    endloop
  endfacet
  facet normal -0.601806 0.798642 0
    outer loop
      vertex -60.3655 83.086 0
      vertex -63.2284 80.9287 30.2
      vertex -60.3655 83.086 30.2
    endloop
  endfacet
  facet normal -0.601806 0.798642 0
    outer loop
      vertex -63.2284 80.9287 30.2
      vertex -60.3655 83.086 0
      vertex -63.2284 80.9287 0
    endloop
  endfacet
  facet normal 0.601827 -0.798627 0
    outer loop
      vertex -54.1782 69.3449 0
      vertex -51.7251 71.1935 2
      vertex -54.1782 69.3449 2
    endloop
  endfacet
  facet normal 0.601827 -0.798627 0
    outer loop
      vertex -51.7251 71.1935 2
      vertex -54.1782 69.3449 0
      vertex -51.7251 71.1935 0
    endloop
  endfacet
  facet normal -0.573597 0.819138 0
    outer loop
      vertex -57.4291 85.1422 0
      vertex -60.3655 83.086 30.2
      vertex -57.4291 85.1422 30.2
    endloop
  endfacet
  facet normal -0.573597 0.819138 0
    outer loop
      vertex -60.3655 83.086 30.2
      vertex -57.4291 85.1422 0
      vertex -60.3655 83.086 0
    endloop
  endfacet
  facet normal 0.573578 -0.819151 0
    outer loop
      vertex -51.7251 71.1935 0
      vertex -49.209 72.9553 2
      vertex -51.7251 71.1935 2
    endloop
  endfacet
  facet normal 0.573578 -0.819151 0
    outer loop
      vertex -49.209 72.9553 2
      vertex -51.7251 71.1935 0
      vertex -49.209 72.9553 0
    endloop
  endfacet
  facet normal -0.544624 0.838681 0
    outer loop
      vertex -54.4227 87.0945 0
      vertex -57.4291 85.1422 30.2
      vertex -54.4227 87.0945 30.2
    endloop
  endfacet
  facet normal -0.544624 0.838681 0
    outer loop
      vertex -57.4291 85.1422 30.2
      vertex -54.4227 87.0945 0
      vertex -57.4291 85.1422 0
    endloop
  endfacet
  facet normal 0.54463 -0.838676 0
    outer loop
      vertex -49.209 72.9553 0
      vertex -46.6329 74.6282 2
      vertex -49.209 72.9553 2
    endloop
  endfacet
  facet normal 0.54463 -0.838676 0
    outer loop
      vertex -46.6329 74.6282 2
      vertex -49.209 72.9553 0
      vertex -46.6329 74.6282 0
    endloop
  endfacet
  facet normal -0.515045 0.857163 0
    outer loop
      vertex -51.35 88.9408 0
      vertex -54.4227 87.0945 30.2
      vertex -51.35 88.9408 30.2
    endloop
  endfacet
  facet normal -0.515045 0.857163 0
    outer loop
      vertex -54.4227 87.0945 30.2
      vertex -51.35 88.9408 0
      vertex -54.4227 87.0945 0
    endloop
  endfacet
  facet normal 0.515037 -0.857168 0
    outer loop
      vertex -46.6329 74.6282 0
      vertex -44 76.2102 2
      vertex -46.6329 74.6282 2
    endloop
  endfacet
  facet normal 0.515037 -0.857168 0
    outer loop
      vertex -44 76.2102 2
      vertex -46.6329 74.6282 0
      vertex -44 76.2102 0
    endloop
  endfacet
  facet normal -0.484804 0.874623 0
    outer loop
      vertex -48.2147 90.6787 0
      vertex -51.35 88.9408 30.2
      vertex -48.2147 90.6787 30.2
    endloop
  endfacet
  facet normal -0.484804 0.874623 0
    outer loop
      vertex -51.35 88.9408 30.2
      vertex -48.2147 90.6787 0
      vertex -51.35 88.9408 0
    endloop
  endfacet
  facet normal 0.484822 -0.874613 0
    outer loop
      vertex -44 76.2102 0
      vertex -41.3135 77.6994 2
      vertex -44 76.2102 2
    endloop
  endfacet
  facet normal 0.484822 -0.874613 0
    outer loop
      vertex -41.3135 77.6994 2
      vertex -44 76.2102 0
      vertex -41.3135 77.6994 0
    endloop
  endfacet
  facet normal -0.454007 0.890998 0
    outer loop
      vertex -45.0207 92.3062 0
      vertex -48.2147 90.6787 30.2
      vertex -45.0207 92.3062 30.2
    endloop
  endfacet
  facet normal -0.454007 0.890998 0
    outer loop
      vertex -48.2147 90.6787 30.2
      vertex -45.0207 92.3062 0
      vertex -48.2147 90.6787 0
    endloop
  endfacet
  facet normal 0.453998 -0.891002 0
    outer loop
      vertex -41.3135 77.6994 0
      vertex -38.5767 79.0939 2
      vertex -41.3135 77.6994 2
    endloop
  endfacet
  facet normal 0.453998 -0.891002 0
    outer loop
      vertex -38.5767 79.0939 2
      vertex -41.3135 77.6994 0
      vertex -38.5767 79.0939 0
    endloop
  endfacet
  facet normal -0.422609 0.906312 0
    outer loop
      vertex -41.7719 93.8211 0
      vertex -45.0207 92.3062 30.2
      vertex -41.7719 93.8211 30.2
    endloop
  endfacet
  facet normal -0.422609 0.906312 0
    outer loop
      vertex -45.0207 92.3062 30.2
      vertex -41.7719 93.8211 0
      vertex -45.0207 92.3062 0
    endloop
  endfacet
  facet normal 0.422604 -0.906315 0
    outer loop
      vertex -38.5767 79.0939 0
      vertex -35.7928 80.392 2
      vertex -38.5767 79.0939 2
    endloop
  endfacet
  facet normal 0.422604 -0.906315 0
    outer loop
      vertex -35.7928 80.392 2
      vertex -38.5767 79.0939 0
      vertex -35.7928 80.392 0
    endloop
  endfacet
  facet normal -0.390735 0.920503 0
    outer loop
      vertex -38.4721 95.2218 0
      vertex -41.7719 93.8211 30.2
      vertex -38.4721 95.2218 30.2
    endloop
  endfacet
  facet normal -0.390735 0.920503 0
    outer loop
      vertex -41.7719 93.8211 30.2
      vertex -38.4721 95.2218 0
      vertex -41.7719 93.8211 0
    endloop
  endfacet
  facet normal 0.390742 -0.9205 0
    outer loop
      vertex -35.7928 80.392 0
      vertex -32.9654 81.5922 2
      vertex -35.7928 80.392 2
    endloop
  endfacet
  facet normal 0.390742 -0.9205 0
    outer loop
      vertex -32.9654 81.5922 2
      vertex -35.7928 80.392 0
      vertex -32.9654 81.5922 0
    endloop
  endfacet
  facet normal -0.358358 0.933584 0
    outer loop
      vertex -35.1255 96.5064 0
      vertex -38.4721 95.2218 30.2
      vertex -35.1255 96.5064 30.2
    endloop
  endfacet
  facet normal -0.358358 0.933584 0
    outer loop
      vertex -38.4721 95.2218 30.2
      vertex -35.1255 96.5064 0
      vertex -38.4721 95.2218 0
    endloop
  endfacet
  facet normal 0.358349 -0.933588 0
    outer loop
      vertex -32.9654 81.5922 0
      vertex -30.0978 82.6929 2
      vertex -32.9654 81.5922 2
    endloop
  endfacet
  facet normal 0.358349 -0.933588 0
    outer loop
      vertex -30.0978 82.6929 2
      vertex -32.9654 81.5922 0
      vertex -30.0978 82.6929 0
    endloop
  endfacet
  facet normal -0.325569 0.945518 0
    outer loop
      vertex -31.736 97.6735 0
      vertex -35.1255 96.5064 30.2
      vertex -31.736 97.6735 30.2
    endloop
  endfacet
  facet normal -0.325569 0.945518 0
    outer loop
      vertex -35.1255 96.5064 30.2
      vertex -31.736 97.6735 0
      vertex -35.1255 96.5064 0
    endloop
  endfacet
  facet normal 0.325588 -0.945512 0
    outer loop
      vertex -30.0978 82.6929 0
      vertex -27.1935 83.693 2
      vertex -30.0978 82.6929 2
    endloop
  endfacet
  facet normal 0.325588 -0.945512 0
    outer loop
      vertex -27.1935 83.693 2
      vertex -30.0978 82.6929 0
      vertex -27.1935 83.693 0
    endloop
  endfacet
  facet normal -0.292386 0.9563 0
    outer loop
      vertex -28.308 98.7216 0
      vertex -31.736 97.6735 30.2
      vertex -28.308 98.7216 30.2
    endloop
  endfacet
  facet normal -0.292386 0.9563 0
    outer loop
      vertex -31.736 97.6735 30.2
      vertex -28.308 98.7216 0
      vertex -31.736 97.6735 0
    endloop
  endfacet
  facet normal 0.292356 -0.95631 0
    outer loop
      vertex -27.1935 83.693 0
      vertex -24.2561 84.591 2
      vertex -27.1935 83.693 2
    endloop
  endfacet
  facet normal 0.292356 -0.95631 0
    outer loop
      vertex -24.2561 84.591 2
      vertex -27.1935 83.693 0
      vertex -24.2561 84.591 0
    endloop
  endfacet
  facet normal -0.258819 0.965926 0
    outer loop
      vertex -24.8454 99.6494 0
      vertex -28.308 98.7216 30.2
      vertex -24.8454 99.6494 30.2
    endloop
  endfacet
  facet normal -0.258819 0.965926 0
    outer loop
      vertex -28.308 98.7216 30.2
      vertex -24.8454 99.6494 0
      vertex -28.308 98.7216 0
    endloop
  endfacet
  facet normal 0.258817 -0.965926 0
    outer loop
      vertex -24.2561 84.591 0
      vertex -21.2891 85.386 2
      vertex -24.2561 84.591 2
    endloop
  endfacet
  facet normal 0.258817 -0.965926 0
    outer loop
      vertex -21.2891 85.386 2
      vertex -24.2561 84.591 0
      vertex -21.2891 85.386 0
    endloop
  endfacet
  facet normal -0.225004 0.974358 0
    outer loop
      vertex -21.3525 100.456 0
      vertex -24.8454 99.6494 30.2
      vertex -21.3525 100.456 30.2
    endloop
  endfacet
  facet normal -0.225004 0.974358 0
    outer loop
      vertex -24.8454 99.6494 30.2
      vertex -21.3525 100.456 0
      vertex -24.8454 99.6494 0
    endloop
  endfacet
  facet normal 0.224962 -0.974368 0
    outer loop
      vertex -21.2891 85.386 0
      vertex -18.2962 86.077 2
      vertex -21.2891 85.386 2
    endloop
  endfacet
  facet normal 0.224962 -0.974368 0
    outer loop
      vertex -18.2962 86.077 2
      vertex -21.2891 85.386 0
      vertex -18.2962 86.077 0
    endloop
  endfacet
  facet normal -0.190813 0.981626 0
    outer loop
      vertex -17.8337 101.14 0
      vertex -21.3525 100.456 30.2
      vertex -17.8337 101.14 30.2
    endloop
  endfacet
  facet normal -0.190813 0.981626 0
    outer loop
      vertex -21.3525 100.456 30.2
      vertex -17.8337 101.14 0
      vertex -21.3525 100.456 0
    endloop
  endfacet
  facet normal 0.19081 -0.981627 0
    outer loop
      vertex -18.2962 86.077 0
      vertex -15.281 86.6631 2
      vertex -18.2962 86.077 2
    endloop
  endfacet
  facet normal 0.19081 -0.981627 0
    outer loop
      vertex -15.281 86.6631 2
      vertex -18.2962 86.077 0
      vertex -15.281 86.6631 0
    endloop
  endfacet
  facet normal -0.156495 0.987679 0
    outer loop
      vertex -14.2931 101.701 0
      vertex -17.8337 101.14 30.2
      vertex -14.2931 101.701 30.2
    endloop
  endfacet
  facet normal -0.156495 0.987679 0
    outer loop
      vertex -17.8337 101.14 30.2
      vertex -14.2931 101.701 0
      vertex -17.8337 101.14 0
    endloop
  endfacet
  facet normal 0.156432 -0.987689 0
    outer loop
      vertex -15.281 86.6631 0
      vertex -12.2472 87.1436 2
      vertex -15.281 86.6631 2
    endloop
  endfacet
  facet normal 0.156432 -0.987689 0
    outer loop
      vertex -12.2472 87.1436 2
      vertex -15.281 86.6631 0
      vertex -12.2472 87.1436 0
    endloop
  endfacet
  facet normal -0.121631 0.992575 0
    outer loop
      vertex -10.7351 102.137 0
      vertex -14.2931 101.701 30.2
      vertex -10.7351 102.137 30.2
    endloop
  endfacet
  facet normal -0.121631 0.992575 0
    outer loop
      vertex -14.2931 101.701 30.2
      vertex -10.7351 102.137 0
      vertex -14.2931 101.701 0
    endloop
  endfacet
  facet normal 0.121859 -0.992547 0
    outer loop
      vertex -12.2472 87.1436 0
      vertex -9.1985 87.5179 2
      vertex -12.2472 87.1436 2
    endloop
  endfacet
  facet normal 0.121859 -0.992547 0
    outer loop
      vertex -9.1985 87.5179 2
      vertex -12.2472 87.1436 0
      vertex -9.1985 87.5179 0
    endloop
  endfacet
  facet normal -0.0874114 0.996172 0
    outer loop
      vertex -7.16399 102.45 8.2
      vertex -7.16399 102.45 0
      vertex -8.79367 102.307 8.2
    endloop
  endfacet
  facet normal -0.0872305 0.996188 0
    outer loop
      vertex -8.79367 102.307 8.2
      vertex -10.7351 102.137 30.2
      vertex -8.79367 102.307 30.2
    endloop
  endfacet
  facet normal -0.0872305 0.996188 0
    outer loop
      vertex -8.79367 102.307 8.2
      vertex -10.7351 102.137 0
      vertex -10.7351 102.137 30.2
    endloop
  endfacet
  facet normal -0.0873131 0.996181 1.96932e-05
    outer loop
      vertex -10.7351 102.137 0
      vertex -8.79367 102.307 8.2
      vertex -7.16399 102.45 0
    endloop
  endfacet
  facet normal 0.0871528 -0.996195 0
    outer loop
      vertex -9.1985 87.5179 0
      vertex -6.13857 87.7856 2
      vertex -9.1985 87.5179 2
    endloop
  endfacet
  facet normal 0.0871528 -0.996195 0
    outer loop
      vertex -6.13857 87.7856 2
      vertex -9.1985 87.5179 0
      vertex -6.13857 87.7856 0
    endloop
  endfacet
  facet normal -0.0521999 0.998637 0
    outer loop
      vertex -3.58418 102.637 30.2
      vertex -7.16168 102.45 8.2
      vertex -7.16168 102.45 30.2
    endloop
  endfacet
  facet normal -0.0521999 0.998637 0
    outer loop
      vertex -3.58418 102.637 0
      vertex -7.16168 102.45 8.2
      vertex -3.58418 102.637 30.2
    endloop
  endfacet
  facet normal -0.0521663 0.998638 1.46956e-05
    outer loop
      vertex -7.16399 102.45 0
      vertex -7.16168 102.45 8.2
      vertex -3.58418 102.637 0
    endloop
  endfacet
  facet normal 0 1 0
    outer loop
      vertex -7.16168 102.45 8.2
      vertex -7.16399 102.45 0
      vertex -7.16399 102.45 8.2
    endloop
  endfacet
  facet normal 0.0523502 -0.998629 0
    outer loop
      vertex -6.13857 87.7856 0
      vertex -3.07116 87.9464 2
      vertex -6.13857 87.7856 2
    endloop
  endfacet
  facet normal 0.0523502 -0.998629 0
    outer loop
      vertex -3.07116 87.9464 2
      vertex -6.13857 87.7856 0
      vertex -3.07116 87.9464 0
    endloop
  endfacet
  facet normal -0.0175745 0.999846 0
    outer loop
      vertex 0 102.7 0
      vertex -3.58418 102.637 30.2
      vertex 0 102.7 30.2
    endloop
  endfacet
  facet normal -0.0175745 0.999846 0
    outer loop
      vertex -3.58418 102.637 30.2
      vertex 0 102.7 0
      vertex -3.58418 102.637 0
    endloop
  endfacet
  facet normal 0.01745 -0.999848 0
    outer loop
      vertex -3.07116 87.9464 0
      vertex 0 88 2
      vertex -3.07116 87.9464 2
    endloop
  endfacet
  facet normal 0.01745 -0.999848 0
    outer loop
      vertex 0 88 2
      vertex -3.07116 87.9464 0
      vertex 0 88 0
    endloop
  endfacet
  facet normal 0.0175745 0.999846 -0
    outer loop
      vertex 3.58418 102.637 0
      vertex 0 102.7 30.2
      vertex 3.58418 102.637 30.2
    endloop
  endfacet
  facet normal 0.0175745 0.999846 0
    outer loop
      vertex 0 102.7 30.2
      vertex 3.58418 102.637 0
      vertex 0 102.7 0
    endloop
  endfacet
  facet normal -0.01745 -0.999848 0
    outer loop
      vertex 0 88 0
      vertex 3.07116 87.9464 2
      vertex 0 88 2
    endloop
  endfacet
  facet normal -0.01745 -0.999848 -0
    outer loop
      vertex 3.07116 87.9464 2
      vertex 0 88 0
      vertex 3.07116 87.9464 0
    endloop
  endfacet
  facet normal 0 1 0
    outer loop
      vertex 7.16399 102.45 8.2
      vertex 7.16399 102.45 0
      vertex 7.16168 102.45 8.2
    endloop
  endfacet
  facet normal 0.0521999 0.998637 -0
    outer loop
      vertex 7.16168 102.45 8.2
      vertex 3.58418 102.637 30.2
      vertex 7.16168 102.45 30.2
    endloop
  endfacet
  facet normal 0.0521663 0.998638 1.46956e-05
    outer loop
      vertex 3.58418 102.637 0
      vertex 7.16168 102.45 8.2
      vertex 7.16399 102.45 0
    endloop
  endfacet
  facet normal 0.0521999 0.998637 0
    outer loop
      vertex 7.16168 102.45 8.2
      vertex 3.58418 102.637 0
      vertex 3.58418 102.637 30.2
    endloop
  endfacet
  facet normal -0.0523502 -0.998629 0
    outer loop
      vertex 3.07116 87.9464 0
      vertex 6.13857 87.7856 2
      vertex 3.07116 87.9464 2
    endloop
  endfacet
  facet normal -0.0523502 -0.998629 -0
    outer loop
      vertex 6.13857 87.7856 2
      vertex 3.07116 87.9464 0
      vertex 6.13857 87.7856 0
    endloop
  endfacet
  facet normal 0.0872305 0.996188 0
    outer loop
      vertex 10.7351 102.137 30.2
      vertex 8.79367 102.307 8.2
      vertex 8.79367 102.307 30.2
    endloop
  endfacet
  facet normal 0.0872305 0.996188 -0
    outer loop
      vertex 10.7351 102.137 0
      vertex 8.79367 102.307 8.2
      vertex 10.7351 102.137 30.2
    endloop
  endfacet
  facet normal 0.0873131 0.996181 1.96932e-05
    outer loop
      vertex 7.16399 102.45 0
      vertex 8.79367 102.307 8.2
      vertex 10.7351 102.137 0
    endloop
  endfacet
  facet normal 0.0874114 0.996172 0
    outer loop
      vertex 8.79367 102.307 8.2
      vertex 7.16399 102.45 0
      vertex 7.16399 102.45 8.2
    endloop
  endfacet
  facet normal -0.0871528 -0.996195 0
    outer loop
      vertex 6.13857 87.7856 0
      vertex 9.1985 87.5179 2
      vertex 6.13857 87.7856 2
    endloop
  endfacet
  facet normal -0.0871528 -0.996195 -0
    outer loop
      vertex 9.1985 87.5179 2
      vertex 6.13857 87.7856 0
      vertex 9.1985 87.5179 0
    endloop
  endfacet
  facet normal 0.121631 0.992575 -0
    outer loop
      vertex 14.2931 101.701 0
      vertex 10.7351 102.137 30.2
      vertex 14.2931 101.701 30.2
    endloop
  endfacet
  facet normal 0.121631 0.992575 0
    outer loop
      vertex 10.7351 102.137 30.2
      vertex 14.2931 101.701 0
      vertex 10.7351 102.137 0
    endloop
  endfacet
  facet normal -0.121859 -0.992547 0
    outer loop
      vertex 9.1985 87.5179 0
      vertex 12.2472 87.1436 2
      vertex 9.1985 87.5179 2
    endloop
  endfacet
  facet normal -0.121859 -0.992547 -0
    outer loop
      vertex 12.2472 87.1436 2
      vertex 9.1985 87.5179 0
      vertex 12.2472 87.1436 0
    endloop
  endfacet
  facet normal 0.156495 0.987679 -0
    outer loop
      vertex 17.8337 101.14 0
      vertex 14.2931 101.701 30.2
      vertex 17.8337 101.14 30.2
    endloop
  endfacet
  facet normal 0.156495 0.987679 0
    outer loop
      vertex 14.2931 101.701 30.2
      vertex 17.8337 101.14 0
      vertex 14.2931 101.701 0
    endloop
  endfacet
  facet normal -0.156432 -0.987689 0
    outer loop
      vertex 12.2472 87.1436 0
      vertex 15.281 86.6631 2
      vertex 12.2472 87.1436 2
    endloop
  endfacet
  facet normal -0.156432 -0.987689 -0
    outer loop
      vertex 15.281 86.6631 2
      vertex 12.2472 87.1436 0
      vertex 15.281 86.6631 0
    endloop
  endfacet
  facet normal 0.190813 0.981626 -0
    outer loop
      vertex 21.3525 100.456 0
      vertex 17.8337 101.14 30.2
      vertex 21.3525 100.456 30.2
    endloop
  endfacet
  facet normal 0.190813 0.981626 0
    outer loop
      vertex 17.8337 101.14 30.2
      vertex 21.3525 100.456 0
      vertex 17.8337 101.14 0
    endloop
  endfacet
  facet normal -0.19081 -0.981627 0
    outer loop
      vertex 15.281 86.6631 0
      vertex 18.2962 86.077 2
      vertex 15.281 86.6631 2
    endloop
  endfacet
  facet normal -0.19081 -0.981627 -0
    outer loop
      vertex 18.2962 86.077 2
      vertex 15.281 86.6631 0
      vertex 18.2962 86.077 0
    endloop
  endfacet
  facet normal 0.225004 0.974358 -0
    outer loop
      vertex 24.8454 99.6494 0
      vertex 21.3525 100.456 30.2
      vertex 24.8454 99.6494 30.2
    endloop
  endfacet
  facet normal 0.225004 0.974358 0
    outer loop
      vertex 21.3525 100.456 30.2
      vertex 24.8454 99.6494 0
      vertex 21.3525 100.456 0
    endloop
  endfacet
  facet normal -0.224962 -0.974368 0
    outer loop
      vertex 18.2962 86.077 0
      vertex 21.2891 85.386 2
      vertex 18.2962 86.077 2
    endloop
  endfacet
  facet normal -0.224962 -0.974368 -0
    outer loop
      vertex 21.2891 85.386 2
      vertex 18.2962 86.077 0
      vertex 21.2891 85.386 0
    endloop
  endfacet
  facet normal 0.258819 0.965926 -0
    outer loop
      vertex 28.308 98.7216 0
      vertex 24.8454 99.6494 30.2
      vertex 28.308 98.7216 30.2
    endloop
  endfacet
  facet normal 0.258819 0.965926 0
    outer loop
      vertex 24.8454 99.6494 30.2
      vertex 28.308 98.7216 0
      vertex 24.8454 99.6494 0
    endloop
  endfacet
  facet normal -0.258817 -0.965926 0
    outer loop
      vertex 21.2891 85.386 0
      vertex 24.2561 84.591 2
      vertex 21.2891 85.386 2
    endloop
  endfacet
  facet normal -0.258817 -0.965926 -0
    outer loop
      vertex 24.2561 84.591 2
      vertex 21.2891 85.386 0
      vertex 24.2561 84.591 0
    endloop
  endfacet
  facet normal 0.292386 0.9563 -0
    outer loop
      vertex 31.736 97.6735 0
      vertex 28.308 98.7216 30.2
      vertex 31.736 97.6735 30.2
    endloop
  endfacet
  facet normal 0.292386 0.9563 0
    outer loop
      vertex 28.308 98.7216 30.2
      vertex 31.736 97.6735 0
      vertex 28.308 98.7216 0
    endloop
  endfacet
  facet normal -0.292356 -0.95631 0
    outer loop
      vertex 24.2561 84.591 0
      vertex 27.1935 83.693 2
      vertex 24.2561 84.591 2
    endloop
  endfacet
  facet normal -0.292356 -0.95631 -0
    outer loop
      vertex 27.1935 83.693 2
      vertex 24.2561 84.591 0
      vertex 27.1935 83.693 0
    endloop
  endfacet
  facet normal 0.325569 0.945518 -0
    outer loop
      vertex 35.1255 96.5064 0
      vertex 31.736 97.6735 30.2
      vertex 35.1255 96.5064 30.2
    endloop
  endfacet
  facet normal 0.325569 0.945518 0
    outer loop
      vertex 31.736 97.6735 30.2
      vertex 35.1255 96.5064 0
      vertex 31.736 97.6735 0
    endloop
  endfacet
  facet normal -0.325588 -0.945512 0
    outer loop
      vertex 27.1935 83.693 0
      vertex 30.0978 82.6929 2
      vertex 27.1935 83.693 2
    endloop
  endfacet
  facet normal -0.325588 -0.945512 -0
    outer loop
      vertex 30.0978 82.6929 2
      vertex 27.1935 83.693 0
      vertex 30.0978 82.6929 0
    endloop
  endfacet
  facet normal 0.358358 0.933584 -0
    outer loop
      vertex 38.4721 95.2218 0
      vertex 35.1255 96.5064 30.2
      vertex 38.4721 95.2218 30.2
    endloop
  endfacet
  facet normal 0.358358 0.933584 0
    outer loop
      vertex 35.1255 96.5064 30.2
      vertex 38.4721 95.2218 0
      vertex 35.1255 96.5064 0
    endloop
  endfacet
  facet normal -0.358349 -0.933588 0
    outer loop
      vertex 30.0978 82.6929 0
      vertex 32.9654 81.5922 2
      vertex 30.0978 82.6929 2
    endloop
  endfacet
  facet normal -0.358349 -0.933588 -0
    outer loop
      vertex 32.9654 81.5922 2
      vertex 30.0978 82.6929 0
      vertex 32.9654 81.5922 0
    endloop
  endfacet
  facet normal 0.390735 0.920503 -0
    outer loop
      vertex 41.7719 93.8211 0
      vertex 38.4721 95.2218 30.2
      vertex 41.7719 93.8211 30.2
    endloop
  endfacet
  facet normal 0.390735 0.920503 0
    outer loop
      vertex 38.4721 95.2218 30.2
      vertex 41.7719 93.8211 0
      vertex 38.4721 95.2218 0
    endloop
  endfacet
  facet normal -0.390742 -0.9205 0
    outer loop
      vertex 32.9654 81.5922 0
      vertex 35.7928 80.392 2
      vertex 32.9654 81.5922 2
    endloop
  endfacet
  facet normal -0.390742 -0.9205 -0
    outer loop
      vertex 35.7928 80.392 2
      vertex 32.9654 81.5922 0
      vertex 35.7928 80.392 0
    endloop
  endfacet
  facet normal 0.422609 0.906312 -0
    outer loop
      vertex 45.0207 92.3062 0
      vertex 41.7719 93.8211 30.2
      vertex 45.0207 92.3062 30.2
    endloop
  endfacet
  facet normal 0.422609 0.906312 0
    outer loop
      vertex 41.7719 93.8211 30.2
      vertex 45.0207 92.3062 0
      vertex 41.7719 93.8211 0
    endloop
  endfacet
  facet normal -0.422604 -0.906315 0
    outer loop
      vertex 35.7928 80.392 0
      vertex 38.5767 79.0939 2
      vertex 35.7928 80.392 2
    endloop
  endfacet
  facet normal -0.422604 -0.906315 -0
    outer loop
      vertex 38.5767 79.0939 2
      vertex 35.7928 80.392 0
      vertex 38.5767 79.0939 0
    endloop
  endfacet
  facet normal 0.454007 0.890998 -0
    outer loop
      vertex 48.2147 90.6787 0
      vertex 45.0207 92.3062 30.2
      vertex 48.2147 90.6787 30.2
    endloop
  endfacet
  facet normal 0.454007 0.890998 0
    outer loop
      vertex 45.0207 92.3062 30.2
      vertex 48.2147 90.6787 0
      vertex 45.0207 92.3062 0
    endloop
  endfacet
  facet normal -0.453998 -0.891002 0
    outer loop
      vertex 38.5767 79.0939 0
      vertex 41.3135 77.6994 2
      vertex 38.5767 79.0939 2
    endloop
  endfacet
  facet normal -0.453998 -0.891002 -0
    outer loop
      vertex 41.3135 77.6994 2
      vertex 38.5767 79.0939 0
      vertex 41.3135 77.6994 0
    endloop
  endfacet
  facet normal 0.484804 0.874623 -0
    outer loop
      vertex 51.35 88.9408 0
      vertex 48.2147 90.6787 30.2
      vertex 51.35 88.9408 30.2
    endloop
  endfacet
  facet normal 0.484804 0.874623 0
    outer loop
      vertex 48.2147 90.6787 30.2
      vertex 51.35 88.9408 0
      vertex 48.2147 90.6787 0
    endloop
  endfacet
  facet normal -0.484822 -0.874613 0
    outer loop
      vertex 41.3135 77.6994 0
      vertex 44 76.2102 2
      vertex 41.3135 77.6994 2
    endloop
  endfacet
  facet normal -0.484822 -0.874613 -0
    outer loop
      vertex 44 76.2102 2
      vertex 41.3135 77.6994 0
      vertex 44 76.2102 0
    endloop
  endfacet
  facet normal 0.515045 0.857163 -0
    outer loop
      vertex 54.4227 87.0945 0
      vertex 51.35 88.9408 30.2
      vertex 54.4227 87.0945 30.2
    endloop
  endfacet
  facet normal 0.515045 0.857163 0
    outer loop
      vertex 51.35 88.9408 30.2
      vertex 54.4227 87.0945 0
      vertex 51.35 88.9408 0
    endloop
  endfacet
  facet normal -0.515037 -0.857168 0
    outer loop
      vertex 44 76.2102 0
      vertex 46.6329 74.6282 2
      vertex 44 76.2102 2
    endloop
  endfacet
  facet normal -0.515037 -0.857168 -0
    outer loop
      vertex 46.6329 74.6282 2
      vertex 44 76.2102 0
      vertex 46.6329 74.6282 0
    endloop
  endfacet
  facet normal 0.544624 0.838681 -0
    outer loop
      vertex 57.4291 85.1422 0
      vertex 54.4227 87.0945 30.2
      vertex 57.4291 85.1422 30.2
    endloop
  endfacet
  facet normal 0.544624 0.838681 0
    outer loop
      vertex 54.4227 87.0945 30.2
      vertex 57.4291 85.1422 0
      vertex 54.4227 87.0945 0
    endloop
  endfacet
  facet normal -0.54463 -0.838676 0
    outer loop
      vertex 46.6329 74.6282 0
      vertex 49.209 72.9553 2
      vertex 46.6329 74.6282 2
    endloop
  endfacet
  facet normal -0.54463 -0.838676 -0
    outer loop
      vertex 49.209 72.9553 2
      vertex 46.6329 74.6282 0
      vertex 49.209 72.9553 0
    endloop
  endfacet
  facet normal 0.573597 0.819138 -0
    outer loop
      vertex 60.3655 83.086 0
      vertex 57.4291 85.1422 30.2
      vertex 60.3655 83.086 30.2
    endloop
  endfacet
  facet normal 0.573597 0.819138 0
    outer loop
      vertex 57.4291 85.1422 30.2
      vertex 60.3655 83.086 0
      vertex 57.4291 85.1422 0
    endloop
  endfacet
  facet normal -0.573578 -0.819151 0
    outer loop
      vertex 49.209 72.9553 0
      vertex 51.7251 71.1935 2
      vertex 49.209 72.9553 2
    endloop
  endfacet
  facet normal -0.573578 -0.819151 -0
    outer loop
      vertex 51.7251 71.1935 2
      vertex 49.209 72.9553 0
      vertex 51.7251 71.1935 0
    endloop
  endfacet
  facet normal 0.601806 0.798642 -0
    outer loop
      vertex 63.2284 80.9287 0
      vertex 60.3655 83.086 30.2
      vertex 63.2284 80.9287 30.2
    endloop
  endfacet
  facet normal 0.601806 0.798642 0
    outer loop
      vertex 60.3655 83.086 30.2
      vertex 63.2284 80.9287 0
      vertex 60.3655 83.086 0
    endloop
  endfacet
  facet normal -0.601827 -0.798627 0
    outer loop
      vertex 51.7251 71.1935 0
      vertex 54.1782 69.3449 2
      vertex 51.7251 71.1935 2
    endloop
  endfacet
  facet normal -0.601827 -0.798627 -0
    outer loop
      vertex 54.1782 69.3449 2
      vertex 51.7251 71.1935 0
      vertex 54.1782 69.3449 0
    endloop
  endfacet
  facet normal 0.629307 0.777157 -0
    outer loop
      vertex 66.0143 78.6728 0
      vertex 63.2284 80.9287 30.2
      vertex 66.0143 78.6728 30.2
    endloop
  endfacet
  facet normal 0.629307 0.777157 0
    outer loop
      vertex 63.2284 80.9287 30.2
      vertex 66.0143 78.6728 0
      vertex 63.2284 80.9287 0
    endloop
  endfacet
  facet normal -0.629313 -0.777152 0
    outer loop
      vertex 54.1782 69.3449 0
      vertex 56.5653 67.4119 2
      vertex 54.1782 69.3449 2
    endloop
  endfacet
  facet normal -0.629313 -0.777152 -0
    outer loop
      vertex 56.5653 67.4119 2
      vertex 54.1782 69.3449 0
      vertex 56.5653 67.4119 0
    endloop
  endfacet
  facet normal 0.656064 0.754705 -0
    outer loop
      vertex 68.7197 76.321 0
      vertex 66.0143 78.6728 30.2
      vertex 68.7197 76.321 30.2
    endloop
  endfacet
  facet normal 0.656064 0.754705 0
    outer loop
      vertex 66.0143 78.6728 30.2
      vertex 68.7197 76.321 0
      vertex 66.0143 78.6728 0
    endloop
  endfacet
  facet normal -0.656063 -0.754706 0
    outer loop
      vertex 56.5653 67.4119 0
      vertex 58.8835 65.3967 2
      vertex 56.5653 67.4119 2
    endloop
  endfacet
  facet normal -0.656063 -0.754706 -0
    outer loop
      vertex 58.8835 65.3967 2
      vertex 56.5653 67.4119 0
      vertex 58.8835 65.3967 0
    endloop
  endfacet
  facet normal 0.682002 0.73135 -0
    outer loop
      vertex 71.3414 73.8762 0
      vertex 68.7197 76.321 30.2
      vertex 71.3414 73.8762 30.2
    endloop
  endfacet
  facet normal 0.682002 0.73135 0
    outer loop
      vertex 68.7197 76.321 30.2
      vertex 71.3414 73.8762 0
      vertex 68.7197 76.321 0
    endloop
  endfacet
  facet normal -0.681998 -0.731354 0
    outer loop
      vertex 58.8835 65.3967 0
      vertex 61.1299 63.3019 2
      vertex 58.8835 65.3967 2
    endloop
  endfacet
  facet normal -0.681998 -0.731354 -0
    outer loop
      vertex 61.1299 63.3019 2
      vertex 58.8835 65.3967 0
      vertex 61.1299 63.3019 0
    endloop
  endfacet
  facet normal 0.707107 0.707107 0
    outer loop
      vertex 73.8762 71.3414 30.2
      vertex 71.3414 73.8762 0
      vertex 71.3414 73.8762 30.2
    endloop
  endfacet
  facet normal 0.707107 0.707107 0
    outer loop
      vertex 71.3414 73.8762 0
      vertex 73.8762 71.3414 30.2
      vertex 73.8762 71.3414 0
    endloop
  endfacet
  facet normal -0.707107 -0.707107 0
    outer loop
      vertex 63.3019 61.1299 0
      vertex 61.1299 63.3019 2
      vertex 61.1299 63.3019 0
    endloop
  endfacet
  facet normal -0.707107 -0.707107 0
    outer loop
      vertex 61.1299 63.3019 2
      vertex 63.3019 61.1299 0
      vertex 63.3019 61.1299 2
    endloop
  endfacet
  facet normal 0.73135 0.682002 0
    outer loop
      vertex 76.321 68.7197 30.2
      vertex 73.8762 71.3414 0
      vertex 73.8762 71.3414 30.2
    endloop
  endfacet
  facet normal 0.73135 0.682002 0
    outer loop
      vertex 73.8762 71.3414 0
      vertex 76.321 68.7197 30.2
      vertex 76.321 68.7197 0
    endloop
  endfacet
  facet normal -0.731354 -0.681998 0
    outer loop
      vertex 65.3967 58.8835 0
      vertex 63.3019 61.1299 2
      vertex 63.3019 61.1299 0
    endloop
  endfacet
  facet normal -0.731354 -0.681998 0
    outer loop
      vertex 63.3019 61.1299 2
      vertex 65.3967 58.8835 0
      vertex 65.3967 58.8835 2
    endloop
  endfacet
  facet normal 0.754705 0.656064 0
    outer loop
      vertex 78.6728 66.0143 30.2
      vertex 76.321 68.7197 0
      vertex 76.321 68.7197 30.2
    endloop
  endfacet
  facet normal 0.754705 0.656064 0
    outer loop
      vertex 76.321 68.7197 0
      vertex 78.6728 66.0143 30.2
      vertex 78.6728 66.0143 0
    endloop
  endfacet
  facet normal -0.754706 -0.656063 0
    outer loop
      vertex 67.4119 56.5653 0
      vertex 65.3967 58.8835 2
      vertex 65.3967 58.8835 0
    endloop
  endfacet
  facet normal -0.754706 -0.656063 0
    outer loop
      vertex 65.3967 58.8835 2
      vertex 67.4119 56.5653 0
      vertex 67.4119 56.5653 2
    endloop
  endfacet
  facet normal 0.777157 0.629307 0
    outer loop
      vertex 80.9287 63.2284 30.2
      vertex 78.6728 66.0143 0
      vertex 78.6728 66.0143 30.2
    endloop
  endfacet
  facet normal 0.777157 0.629307 0
    outer loop
      vertex 78.6728 66.0143 0
      vertex 80.9287 63.2284 30.2
      vertex 80.9287 63.2284 0
    endloop
  endfacet
  facet normal -0.777152 -0.629313 0
    outer loop
      vertex 69.3449 54.1782 0
      vertex 67.4119 56.5653 2
      vertex 67.4119 56.5653 0
    endloop
  endfacet
  facet normal -0.777152 -0.629313 0
    outer loop
      vertex 67.4119 56.5653 2
      vertex 69.3449 54.1782 0
      vertex 69.3449 54.1782 2
    endloop
  endfacet
  facet normal 0.798642 0.601806 0
    outer loop
      vertex 83.086 60.3655 30.2
      vertex 80.9287 63.2284 0
      vertex 80.9287 63.2284 30.2
    endloop
  endfacet
  facet normal 0.798642 0.601806 0
    outer loop
      vertex 80.9287 63.2284 0
      vertex 83.086 60.3655 30.2
      vertex 83.086 60.3655 0
    endloop
  endfacet
  facet normal -0.798627 -0.601827 0
    outer loop
      vertex 71.1935 51.7251 0
      vertex 69.3449 54.1782 2
      vertex 69.3449 54.1782 0
    endloop
  endfacet
  facet normal -0.798627 -0.601827 0
    outer loop
      vertex 69.3449 54.1782 2
      vertex 71.1935 51.7251 0
      vertex 71.1935 51.7251 2
    endloop
  endfacet
  facet normal 0.819138 0.573597 0
    outer loop
      vertex 85.1422 57.4291 30.2
      vertex 83.086 60.3655 0
      vertex 83.086 60.3655 30.2
    endloop
  endfacet
  facet normal 0.819138 0.573597 0
    outer loop
      vertex 83.086 60.3655 0
      vertex 85.1422 57.4291 30.2
      vertex 85.1422 57.4291 0
    endloop
  endfacet
  facet normal -0.819151 -0.573578 0
    outer loop
      vertex 72.9553 49.209 0
      vertex 71.1935 51.7251 2
      vertex 71.1935 51.7251 0
    endloop
  endfacet
  facet normal -0.819151 -0.573578 0
    outer loop
      vertex 71.1935 51.7251 2
      vertex 72.9553 49.209 0
      vertex 72.9553 49.209 2
    endloop
  endfacet
  facet normal 0.838681 0.544624 0
    outer loop
      vertex 87.0945 54.4227 30.2
      vertex 85.1422 57.4291 0
      vertex 85.1422 57.4291 30.2
    endloop
  endfacet
  facet normal 0.838681 0.544624 0
    outer loop
      vertex 85.1422 57.4291 0
      vertex 87.0945 54.4227 30.2
      vertex 87.0945 54.4227 0
    endloop
  endfacet
  facet normal -0.838676 -0.54463 0
    outer loop
      vertex 74.6282 46.6329 0
      vertex 72.9553 49.209 2
      vertex 72.9553 49.209 0
    endloop
  endfacet
  facet normal -0.838676 -0.54463 0
    outer loop
      vertex 72.9553 49.209 2
      vertex 74.6282 46.6329 0
      vertex 74.6282 46.6329 2
    endloop
  endfacet
  facet normal 0.857163 0.515045 0
    outer loop
      vertex 88.9408 51.35 30.2
      vertex 87.0945 54.4227 0
      vertex 87.0945 54.4227 30.2
    endloop
  endfacet
  facet normal 0.857163 0.515045 0
    outer loop
      vertex 87.0945 54.4227 0
      vertex 88.9408 51.35 30.2
      vertex 88.9408 51.35 0
    endloop
  endfacet
  facet normal -0.857168 -0.515037 0
    outer loop
      vertex 76.2102 44 0
      vertex 74.6282 46.6329 2
      vertex 74.6282 46.6329 0
    endloop
  endfacet
  facet normal -0.857168 -0.515037 0
    outer loop
      vertex 74.6282 46.6329 2
      vertex 76.2102 44 0
      vertex 76.2102 44 2
    endloop
  endfacet
  facet normal 0.874623 0.484804 0
    outer loop
      vertex 90.6787 48.2147 30.2
      vertex 88.9408 51.35 0
      vertex 88.9408 51.35 30.2
    endloop
  endfacet
  facet normal 0.874623 0.484804 0
    outer loop
      vertex 88.9408 51.35 0
      vertex 90.6787 48.2147 30.2
      vertex 90.6787 48.2147 0
    endloop
  endfacet
  facet normal -0.874613 -0.484822 0
    outer loop
      vertex 77.6994 41.3135 0
      vertex 76.2102 44 2
      vertex 76.2102 44 0
    endloop
  endfacet
  facet normal -0.874613 -0.484822 0
    outer loop
      vertex 76.2102 44 2
      vertex 77.6994 41.3135 0
      vertex 77.6994 41.3135 2
    endloop
  endfacet
  facet normal 0.890998 0.454007 0
    outer loop
      vertex 92.3062 45.0207 30.2
      vertex 90.6787 48.2147 0
      vertex 90.6787 48.2147 30.2
    endloop
  endfacet
  facet normal 0.890998 0.454007 0
    outer loop
      vertex 90.6787 48.2147 0
      vertex 92.3062 45.0207 30.2
      vertex 92.3062 45.0207 0
    endloop
  endfacet
  facet normal -0.891002 -0.453998 0
    outer loop
      vertex 79.0939 38.5767 0
      vertex 77.6994 41.3135 2
      vertex 77.6994 41.3135 0
    endloop
  endfacet
  facet normal -0.891002 -0.453998 0
    outer loop
      vertex 77.6994 41.3135 2
      vertex 79.0939 38.5767 0
      vertex 79.0939 38.5767 2
    endloop
  endfacet
  facet normal 0.906312 0.422609 0
    outer loop
      vertex 93.8211 41.7719 30.2
      vertex 92.3062 45.0207 0
      vertex 92.3062 45.0207 30.2
    endloop
  endfacet
  facet normal 0.906312 0.422609 0
    outer loop
      vertex 92.3062 45.0207 0
      vertex 93.8211 41.7719 30.2
      vertex 93.8211 41.7719 0
    endloop
  endfacet
  facet normal -0.906315 -0.422604 0
    outer loop
      vertex 80.392 35.7928 0
      vertex 79.0939 38.5767 2
      vertex 79.0939 38.5767 0
    endloop
  endfacet
  facet normal -0.906315 -0.422604 0
    outer loop
      vertex 79.0939 38.5767 2
      vertex 80.392 35.7928 0
      vertex 80.392 35.7928 2
    endloop
  endfacet
  facet normal 0.920503 0.390735 0
    outer loop
      vertex 95.2218 38.4721 30.2
      vertex 93.8211 41.7719 0
      vertex 93.8211 41.7719 30.2
    endloop
  endfacet
  facet normal 0.920503 0.390735 0
    outer loop
      vertex 93.8211 41.7719 0
      vertex 95.2218 38.4721 30.2
      vertex 95.2218 38.4721 0
    endloop
  endfacet
  facet normal -0.9205 -0.390742 0
    outer loop
      vertex 81.5922 32.9654 0
      vertex 80.392 35.7928 2
      vertex 80.392 35.7928 0
    endloop
  endfacet
  facet normal -0.9205 -0.390742 0
    outer loop
      vertex 80.392 35.7928 2
      vertex 81.5922 32.9654 0
      vertex 81.5922 32.9654 2
    endloop
  endfacet
  facet normal 0.933584 0.358358 0
    outer loop
      vertex 96.5064 35.1255 30.2
      vertex 95.2218 38.4721 0
      vertex 95.2218 38.4721 30.2
    endloop
  endfacet
  facet normal 0.933584 0.358358 0
    outer loop
      vertex 95.2218 38.4721 0
      vertex 96.5064 35.1255 30.2
      vertex 96.5064 35.1255 0
    endloop
  endfacet
  facet normal -0.933588 -0.358349 0
    outer loop
      vertex 82.6929 30.0978 0
      vertex 81.5922 32.9654 2
      vertex 81.5922 32.9654 0
    endloop
  endfacet
  facet normal -0.933588 -0.358349 0
    outer loop
      vertex 81.5922 32.9654 2
      vertex 82.6929 30.0978 0
      vertex 82.6929 30.0978 2
    endloop
  endfacet
  facet normal 0.945518 0.325569 0
    outer loop
      vertex 97.6735 31.736 30.2
      vertex 96.5064 35.1255 0
      vertex 96.5064 35.1255 30.2
    endloop
  endfacet
  facet normal 0.945518 0.325569 0
    outer loop
      vertex 96.5064 35.1255 0
      vertex 97.6735 31.736 30.2
      vertex 97.6735 31.736 0
    endloop
  endfacet
  facet normal -0.945512 -0.325588 0
    outer loop
      vertex 83.693 27.1935 0
      vertex 82.6929 30.0978 2
      vertex 82.6929 30.0978 0
    endloop
  endfacet
  facet normal -0.945512 -0.325588 0
    outer loop
      vertex 82.6929 30.0978 2
      vertex 83.693 27.1935 0
      vertex 83.693 27.1935 2
    endloop
  endfacet
  facet normal 0.9563 0.292386 0
    outer loop
      vertex 98.7216 28.308 30.2
      vertex 97.6735 31.736 0
      vertex 97.6735 31.736 30.2
    endloop
  endfacet
  facet normal 0.9563 0.292386 0
    outer loop
      vertex 97.6735 31.736 0
      vertex 98.7216 28.308 30.2
      vertex 98.7216 28.308 0
    endloop
  endfacet
  facet normal -0.95631 -0.292356 0
    outer loop
      vertex 84.591 24.2561 0
      vertex 83.693 27.1935 2
      vertex 83.693 27.1935 0
    endloop
  endfacet
  facet normal -0.95631 -0.292356 0
    outer loop
      vertex 83.693 27.1935 2
      vertex 84.591 24.2561 0
      vertex 84.591 24.2561 2
    endloop
  endfacet
  facet normal 0.965926 0.258819 0
    outer loop
      vertex 99.6494 24.8454 30.2
      vertex 98.7216 28.308 0
      vertex 98.7216 28.308 30.2
    endloop
  endfacet
  facet normal 0.965926 0.258819 0
    outer loop
      vertex 98.7216 28.308 0
      vertex 99.6494 24.8454 30.2
      vertex 99.6494 24.8454 0
    endloop
  endfacet
  facet normal -0.965926 -0.258817 0
    outer loop
      vertex 85.386 21.2891 0
      vertex 84.591 24.2561 2
      vertex 84.591 24.2561 0
    endloop
  endfacet
  facet normal -0.965926 -0.258817 0
    outer loop
      vertex 84.591 24.2561 2
      vertex 85.386 21.2891 0
      vertex 85.386 21.2891 2
    endloop
  endfacet
  facet normal 0.974358 0.225004 0
    outer loop
      vertex 100.456 21.3525 30.2
      vertex 99.6494 24.8454 0
      vertex 99.6494 24.8454 30.2
    endloop
  endfacet
  facet normal 0.974358 0.225004 0
    outer loop
      vertex 99.6494 24.8454 0
      vertex 100.456 21.3525 30.2
      vertex 100.456 21.3525 0
    endloop
  endfacet
  facet normal -0.974368 -0.224962 0
    outer loop
      vertex 86.077 18.2962 0
      vertex 85.386 21.2891 2
      vertex 85.386 21.2891 0
    endloop
  endfacet
  facet normal -0.974368 -0.224962 0
    outer loop
      vertex 85.386 21.2891 2
      vertex 86.077 18.2962 0
      vertex 86.077 18.2962 2
    endloop
  endfacet
  facet normal 0.981626 0.190813 0
    outer loop
      vertex 101.14 17.8337 30.2
      vertex 100.456 21.3525 0
      vertex 100.456 21.3525 30.2
    endloop
  endfacet
  facet normal 0.981626 0.190813 0
    outer loop
      vertex 100.456 21.3525 0
      vertex 101.14 17.8337 30.2
      vertex 101.14 17.8337 0
    endloop
  endfacet
  facet normal -0.981627 -0.19081 0
    outer loop
      vertex 86.6631 15.281 0
      vertex 86.077 18.2962 2
      vertex 86.077 18.2962 0
    endloop
  endfacet
  facet normal -0.981627 -0.19081 0
    outer loop
      vertex 86.077 18.2962 2
      vertex 86.6631 15.281 0
      vertex 86.6631 15.281 2
    endloop
  endfacet
  facet normal 0.987679 0.156495 0
    outer loop
      vertex 101.701 14.2931 30.2
      vertex 101.14 17.8337 0
      vertex 101.14 17.8337 30.2
    endloop
  endfacet
  facet normal 0.987679 0.156495 0
    outer loop
      vertex 101.14 17.8337 0
      vertex 101.701 14.2931 30.2
      vertex 101.701 14.2931 0
    endloop
  endfacet
  facet normal -0.987689 -0.156432 0
    outer loop
      vertex 87.1436 12.2472 0
      vertex 86.6631 15.281 2
      vertex 86.6631 15.281 0
    endloop
  endfacet
  facet normal -0.987689 -0.156432 0
    outer loop
      vertex 86.6631 15.281 2
      vertex 87.1436 12.2472 0
      vertex 87.1436 12.2472 2
    endloop
  endfacet
  facet normal 0.992575 0.121631 0
    outer loop
      vertex 102.137 10.7351 30.2
      vertex 101.701 14.2931 0
      vertex 101.701 14.2931 30.2
    endloop
  endfacet
  facet normal 0.992575 0.121631 0
    outer loop
      vertex 101.701 14.2931 0
      vertex 102.137 10.7351 30.2
      vertex 102.137 10.7351 0
    endloop
  endfacet
  facet normal -0.992547 -0.121859 0
    outer loop
      vertex 87.5179 9.1985 0
      vertex 87.1436 12.2472 2
      vertex 87.1436 12.2472 0
    endloop
  endfacet
  facet normal -0.992547 -0.121859 0
    outer loop
      vertex 87.1436 12.2472 2
      vertex 87.5179 9.1985 0
      vertex 87.5179 9.1985 2
    endloop
  endfacet
  facet normal 0.996181 0.0873131 0
    outer loop
      vertex 102.45 7.16399 30.2
      vertex 102.137 10.7351 0
      vertex 102.137 10.7351 30.2
    endloop
  endfacet
  facet normal 0.996181 0.0873131 0
    outer loop
      vertex 102.137 10.7351 0
      vertex 102.45 7.16399 30.2
      vertex 102.45 7.16399 0
    endloop
  endfacet
  facet normal -0.996195 -0.0871528 0
    outer loop
      vertex 87.7856 6.13857 0
      vertex 87.5179 9.1985 2
      vertex 87.5179 9.1985 0
    endloop
  endfacet
  facet normal -0.996195 -0.0871528 0
    outer loop
      vertex 87.5179 9.1985 2
      vertex 87.7856 6.13857 0
      vertex 87.7856 6.13857 2
    endloop
  endfacet
  facet normal 0.998638 0.0521663 0
    outer loop
      vertex 102.637 3.58418 30.2
      vertex 102.45 7.16399 0
      vertex 102.45 7.16399 30.2
    endloop
  endfacet
  facet normal 0.998638 0.0521663 0
    outer loop
      vertex 102.45 7.16399 0
      vertex 102.637 3.58418 30.2
      vertex 102.637 3.58418 0
    endloop
  endfacet
  facet normal -0.998629 -0.0523502 0
    outer loop
      vertex 87.9464 3.07116 0
      vertex 87.7856 6.13857 2
      vertex 87.7856 6.13857 0
    endloop
  endfacet
  facet normal -0.998629 -0.0523502 0
    outer loop
      vertex 87.7856 6.13857 2
      vertex 87.9464 3.07116 0
      vertex 87.9464 3.07116 2
    endloop
  endfacet
  facet normal 0.999846 0.0175745 0
    outer loop
      vertex 102.7 0 30.2
      vertex 102.637 3.58418 0
      vertex 102.637 3.58418 30.2
    endloop
  endfacet
  facet normal 0.999846 0.0175745 0
    outer loop
      vertex 102.637 3.58418 0
      vertex 102.7 0 30.2
      vertex 102.7 0 0
    endloop
  endfacet
  facet normal -0.999848 -0.01745 0
    outer loop
      vertex 88 0 0
      vertex 87.9464 3.07116 2
      vertex 87.9464 3.07116 0
    endloop
  endfacet
  facet normal -0.999848 -0.01745 0
    outer loop
      vertex 87.9464 3.07116 2
      vertex 88 0 0
      vertex 88 0 2
    endloop
  endfacet
  facet normal 0.999846 -0.0175745 0
    outer loop
      vertex 102.637 -3.58418 30.2
      vertex 102.7 0 0
      vertex 102.7 0 30.2
    endloop
  endfacet
  facet normal 0.999846 -0.0175745 0
    outer loop
      vertex 102.7 0 0
      vertex 102.637 -3.58418 30.2
      vertex 102.637 -3.58418 0
    endloop
  endfacet
  facet normal -0.999848 0.01745 0
    outer loop
      vertex 87.9464 -3.07116 0
      vertex 88 0 2
      vertex 88 0 0
    endloop
  endfacet
  facet normal -0.999848 0.01745 0
    outer loop
      vertex 88 0 2
      vertex 87.9464 -3.07116 0
      vertex 87.9464 -3.07116 2
    endloop
  endfacet
  facet normal 0.998638 -0.0521663 0
    outer loop
      vertex 102.45 -7.16399 30.2
      vertex 102.637 -3.58418 0
      vertex 102.637 -3.58418 30.2
    endloop
  endfacet
  facet normal 0.998638 -0.0521663 0
    outer loop
      vertex 102.637 -3.58418 0
      vertex 102.45 -7.16399 30.2
      vertex 102.45 -7.16399 0
    endloop
  endfacet
  facet normal -0.998629 0.0523502 0
    outer loop
      vertex 87.7856 -6.13857 0
      vertex 87.9464 -3.07116 2
      vertex 87.9464 -3.07116 0
    endloop
  endfacet
  facet normal -0.998629 0.0523502 0
    outer loop
      vertex 87.9464 -3.07116 2
      vertex 87.7856 -6.13857 0
      vertex 87.7856 -6.13857 2
    endloop
  endfacet
  facet normal 0.996181 -0.0873131 0
    outer loop
      vertex 102.137 -10.7351 30.2
      vertex 102.45 -7.16399 0
      vertex 102.45 -7.16399 30.2
    endloop
  endfacet
  facet normal 0.996181 -0.0873131 0
    outer loop
      vertex 102.45 -7.16399 0
      vertex 102.137 -10.7351 30.2
      vertex 102.137 -10.7351 0
    endloop
  endfacet
  facet normal -0.996195 0.0871528 0
    outer loop
      vertex 87.5179 -9.1985 0
      vertex 87.7856 -6.13857 2
      vertex 87.7856 -6.13857 0
    endloop
  endfacet
  facet normal -0.996195 0.0871528 0
    outer loop
      vertex 87.7856 -6.13857 2
      vertex 87.5179 -9.1985 0
      vertex 87.5179 -9.1985 2
    endloop
  endfacet
  facet normal 0.992575 -0.121631 0
    outer loop
      vertex 101.701 -14.2931 30.2
      vertex 102.137 -10.7351 0
      vertex 102.137 -10.7351 30.2
    endloop
  endfacet
  facet normal 0.992575 -0.121631 0
    outer loop
      vertex 102.137 -10.7351 0
      vertex 101.701 -14.2931 30.2
      vertex 101.701 -14.2931 0
    endloop
  endfacet
  facet normal -0.992547 0.121859 0
    outer loop
      vertex 87.1436 -12.2472 0
      vertex 87.5179 -9.1985 2
      vertex 87.5179 -9.1985 0
    endloop
  endfacet
  facet normal -0.992547 0.121859 0
    outer loop
      vertex 87.5179 -9.1985 2
      vertex 87.1436 -12.2472 0
      vertex 87.1436 -12.2472 2
    endloop
  endfacet
  facet normal 0.987679 -0.156495 0
    outer loop
      vertex 101.14 -17.8337 30.2
      vertex 101.701 -14.2931 0
      vertex 101.701 -14.2931 30.2
    endloop
  endfacet
  facet normal 0.987679 -0.156495 0
    outer loop
      vertex 101.701 -14.2931 0
      vertex 101.14 -17.8337 30.2
      vertex 101.14 -17.8337 0
    endloop
  endfacet
  facet normal -0.987689 0.156432 0
    outer loop
      vertex 86.6631 -15.281 0
      vertex 87.1436 -12.2472 2
      vertex 87.1436 -12.2472 0
    endloop
  endfacet
  facet normal -0.987689 0.156432 0
    outer loop
      vertex 87.1436 -12.2472 2
      vertex 86.6631 -15.281 0
      vertex 86.6631 -15.281 2
    endloop
  endfacet
  facet normal 0.981626 -0.190813 0
    outer loop
      vertex 100.456 -21.3525 30.2
      vertex 101.14 -17.8337 0
      vertex 101.14 -17.8337 30.2
    endloop
  endfacet
  facet normal 0.981626 -0.190813 0
    outer loop
      vertex 101.14 -17.8337 0
      vertex 100.456 -21.3525 30.2
      vertex 100.456 -21.3525 0
    endloop
  endfacet
  facet normal -0.981627 0.19081 0
    outer loop
      vertex 86.077 -18.2962 0
      vertex 86.6631 -15.281 2
      vertex 86.6631 -15.281 0
    endloop
  endfacet
  facet normal -0.981627 0.19081 0
    outer loop
      vertex 86.6631 -15.281 2
      vertex 86.077 -18.2962 0
      vertex 86.077 -18.2962 2
    endloop
  endfacet
  facet normal 0.974358 -0.225004 0
    outer loop
      vertex 99.6494 -24.8454 30.2
      vertex 100.456 -21.3525 0
      vertex 100.456 -21.3525 30.2
    endloop
  endfacet
  facet normal 0.974358 -0.225004 0
    outer loop
      vertex 100.456 -21.3525 0
      vertex 99.6494 -24.8454 30.2
      vertex 99.6494 -24.8454 0
    endloop
  endfacet
  facet normal -0.974368 0.224962 0
    outer loop
      vertex 85.386 -21.2891 0
      vertex 86.077 -18.2962 2
      vertex 86.077 -18.2962 0
    endloop
  endfacet
  facet normal -0.974368 0.224962 0
    outer loop
      vertex 86.077 -18.2962 2
      vertex 85.386 -21.2891 0
      vertex 85.386 -21.2891 2
    endloop
  endfacet
  facet normal 0.965926 -0.258819 0
    outer loop
      vertex 98.7216 -28.308 30.2
      vertex 99.6494 -24.8454 0
      vertex 99.6494 -24.8454 30.2
    endloop
  endfacet
  facet normal 0.965926 -0.258819 0
    outer loop
      vertex 99.6494 -24.8454 0
      vertex 98.7216 -28.308 30.2
      vertex 98.7216 -28.308 0
    endloop
  endfacet
  facet normal -0.965926 0.258817 0
    outer loop
      vertex 84.591 -24.2561 0
      vertex 85.386 -21.2891 2
      vertex 85.386 -21.2891 0
    endloop
  endfacet
  facet normal -0.965926 0.258817 0
    outer loop
      vertex 85.386 -21.2891 2
      vertex 84.591 -24.2561 0
      vertex 84.591 -24.2561 2
    endloop
  endfacet
  facet normal 0.9563 -0.292386 0
    outer loop
      vertex 97.6735 -31.736 30.2
      vertex 98.7216 -28.308 0
      vertex 98.7216 -28.308 30.2
    endloop
  endfacet
  facet normal 0.9563 -0.292386 0
    outer loop
      vertex 98.7216 -28.308 0
      vertex 97.6735 -31.736 30.2
      vertex 97.6735 -31.736 0
    endloop
  endfacet
  facet normal -0.95631 0.292356 0
    outer loop
      vertex 83.693 -27.1935 0
      vertex 84.591 -24.2561 2
      vertex 84.591 -24.2561 0
    endloop
  endfacet
  facet normal -0.95631 0.292356 0
    outer loop
      vertex 84.591 -24.2561 2
      vertex 83.693 -27.1935 0
      vertex 83.693 -27.1935 2
    endloop
  endfacet
  facet normal 0.945518 -0.325569 0
    outer loop
      vertex 96.5064 -35.1255 30.2
      vertex 97.6735 -31.736 0
      vertex 97.6735 -31.736 30.2
    endloop
  endfacet
  facet normal 0.945518 -0.325569 0
    outer loop
      vertex 97.6735 -31.736 0
      vertex 96.5064 -35.1255 30.2
      vertex 96.5064 -35.1255 0
    endloop
  endfacet
  facet normal -0.945512 0.325588 0
    outer loop
      vertex 82.6929 -30.0978 0
      vertex 83.693 -27.1935 2
      vertex 83.693 -27.1935 0
    endloop
  endfacet
  facet normal -0.945512 0.325588 0
    outer loop
      vertex 83.693 -27.1935 2
      vertex 82.6929 -30.0978 0
      vertex 82.6929 -30.0978 2
    endloop
  endfacet
  facet normal 0.933584 -0.358358 0
    outer loop
      vertex 95.2218 -38.4721 30.2
      vertex 96.5064 -35.1255 0
      vertex 96.5064 -35.1255 30.2
    endloop
  endfacet
  facet normal 0.933584 -0.358358 0
    outer loop
      vertex 96.5064 -35.1255 0
      vertex 95.2218 -38.4721 30.2
      vertex 95.2218 -38.4721 0
    endloop
  endfacet
  facet normal -0.933588 0.358349 0
    outer loop
      vertex 81.5922 -32.9654 0
      vertex 82.6929 -30.0978 2
      vertex 82.6929 -30.0978 0
    endloop
  endfacet
  facet normal -0.933588 0.358349 0
    outer loop
      vertex 82.6929 -30.0978 2
      vertex 81.5922 -32.9654 0
      vertex 81.5922 -32.9654 2
    endloop
  endfacet
  facet normal 0.920503 -0.390735 0
    outer loop
      vertex 93.8211 -41.7719 30.2
      vertex 95.2218 -38.4721 0
      vertex 95.2218 -38.4721 30.2
    endloop
  endfacet
  facet normal 0.920503 -0.390735 0
    outer loop
      vertex 95.2218 -38.4721 0
      vertex 93.8211 -41.7719 30.2
      vertex 93.8211 -41.7719 0
    endloop
  endfacet
  facet normal -0.9205 0.390742 0
    outer loop
      vertex 80.392 -35.7928 0
      vertex 81.5922 -32.9654 2
      vertex 81.5922 -32.9654 0
    endloop
  endfacet
  facet normal -0.9205 0.390742 0
    outer loop
      vertex 81.5922 -32.9654 2
      vertex 80.392 -35.7928 0
      vertex 80.392 -35.7928 2
    endloop
  endfacet
  facet normal 0.906306 -0.422621 0
    outer loop
      vertex 92.9975 -43.5381 8.2
      vertex 93.8211 -41.7719 30.2
      vertex 92.9975 -43.5381 30.2
    endloop
  endfacet
  facet normal 0.906306 -0.422621 0
    outer loop
      vertex 93.8211 -41.7719 30.2
      vertex 92.9975 -43.5381 8.2
      vertex 93.8211 -41.7719 0
    endloop
  endfacet
  facet normal 0.906319 -0.422594 0
    outer loop
      vertex 92.3062 -45.0207 0
      vertex 92.9975 -43.5381 8.2
      vertex 92.3062 -45.0207 8.2
    endloop
  endfacet
  facet normal 0.906312 -0.422609 3.24216e-06
    outer loop
      vertex 92.9975 -43.5381 8.2
      vertex 92.3062 -45.0207 0
      vertex 93.8211 -41.7719 0
    endloop
  endfacet
  facet normal -0.906315 0.422604 0
    outer loop
      vertex 79.0939 -38.5767 0
      vertex 80.392 -35.7928 2
      vertex 80.392 -35.7928 0
    endloop
  endfacet
  facet normal -0.906315 0.422604 0
    outer loop
      vertex 80.392 -35.7928 2
      vertex 79.0939 -38.5767 0
      vertex 79.0939 -38.5767 2
    endloop
  endfacet
  facet normal 0.891001 -0.454001 0
    outer loop
      vertex 92.3051 -45.0228 30.2
      vertex 90.6787 -48.2147 30.2
      vertex 92.3051 -45.0228 8.2
    endloop
  endfacet
  facet normal 0.885832 -0.464007 0
    outer loop
      vertex 92.3051 -45.0228 8.2
      vertex 92.3062 -45.0207 0
      vertex 92.3062 -45.0207 8.2
    endloop
  endfacet
  facet normal 0.891001 -0.454001 0
    outer loop
      vertex 90.6787 -48.2147 0
      vertex 92.3051 -45.0228 8.2
      vertex 90.6787 -48.2147 30.2
    endloop
  endfacet
  facet normal 0.890998 -0.454007 3.25397e-06
    outer loop
      vertex 92.3051 -45.0228 8.2
      vertex 90.6787 -48.2147 0
      vertex 92.3062 -45.0207 0
    endloop
  endfacet
  facet normal -0.891002 0.453998 0
    outer loop
      vertex 77.6994 -41.3135 0
      vertex 79.0939 -38.5767 2
      vertex 79.0939 -38.5767 0
    endloop
  endfacet
  facet normal -0.891002 0.453998 0
    outer loop
      vertex 79.0939 -38.5767 2
      vertex 77.6994 -41.3135 0
      vertex 77.6994 -41.3135 2
    endloop
  endfacet
  facet normal 0.874623 -0.484804 0
    outer loop
      vertex 88.9408 -51.35 30.2
      vertex 90.6787 -48.2147 0
      vertex 90.6787 -48.2147 30.2
    endloop
  endfacet
  facet normal 0.874623 -0.484804 0
    outer loop
      vertex 90.6787 -48.2147 0
      vertex 88.9408 -51.35 30.2
      vertex 88.9408 -51.35 0
    endloop
  endfacet
  facet normal -0.874613 0.484822 0
    outer loop
      vertex 76.2102 -44 0
      vertex 77.6994 -41.3135 2
      vertex 77.6994 -41.3135 0
    endloop
  endfacet
  facet normal -0.874613 0.484822 0
    outer loop
      vertex 77.6994 -41.3135 2
      vertex 76.2102 -44 0
      vertex 76.2102 -44 2
    endloop
  endfacet
  facet normal 0.857163 -0.515045 0
    outer loop
      vertex 87.0945 -54.4227 30.2
      vertex 88.9408 -51.35 0
      vertex 88.9408 -51.35 30.2
    endloop
  endfacet
  facet normal 0.857163 -0.515045 0
    outer loop
      vertex 88.9408 -51.35 0
      vertex 87.0945 -54.4227 30.2
      vertex 87.0945 -54.4227 0
    endloop
  endfacet
  facet normal -0.857168 0.515037 0
    outer loop
      vertex 74.6282 -46.6329 0
      vertex 76.2102 -44 2
      vertex 76.2102 -44 0
    endloop
  endfacet
  facet normal -0.857168 0.515037 0
    outer loop
      vertex 76.2102 -44 2
      vertex 74.6282 -46.6329 0
      vertex 74.6282 -46.6329 2
    endloop
  endfacet
  facet normal 0.838676 -0.54463 0
    outer loop
      vertex 85.1434 -57.4272 8.2
      vertex 87.0945 -54.4227 30.2
      vertex 85.1434 -57.4272 30.2
    endloop
  endfacet
  facet normal 0.838676 -0.54463 0
    outer loop
      vertex 87.0945 -54.4227 30.2
      vertex 85.1434 -57.4272 8.2
      vertex 87.0945 -54.4227 0
    endloop
  endfacet
  facet normal 0.845489 -0.533993 0
    outer loop
      vertex 85.1422 -57.4291 0
      vertex 85.1434 -57.4272 8.2
      vertex 85.1422 -57.4291 8.2
    endloop
  endfacet
  facet normal 0.838681 -0.544624 3.45951e-06
    outer loop
      vertex 85.1434 -57.4272 8.2
      vertex 85.1422 -57.4291 0
      vertex 87.0945 -54.4227 0
    endloop
  endfacet
  facet normal -0.838676 0.54463 0
    outer loop
      vertex 72.9553 -49.209 0
      vertex 74.6282 -46.6329 2
      vertex 74.6282 -46.6329 0
    endloop
  endfacet
  facet normal -0.838676 0.54463 0
    outer loop
      vertex 74.6282 -46.6329 2
      vertex 72.9553 -49.209 0
      vertex 72.9553 -49.209 2
    endloop
  endfacet
  facet normal 0.819138 -0.573597 0
    outer loop
      vertex 84.2038 -58.7692 30.2
      vertex 83.086 -60.3655 30.2
      vertex 84.2038 -58.7692 8.2
    endloop
  endfacet
  facet normal 0.819137 -0.573598 0
    outer loop
      vertex 84.2038 -58.7692 8.2
      vertex 85.1422 -57.4291 0
      vertex 85.1422 -57.4291 8.2
    endloop
  endfacet
  facet normal 0.819138 -0.573597 1.40841e-07
    outer loop
      vertex 84.2038 -58.7692 8.2
      vertex 83.086 -60.3655 0
      vertex 85.1422 -57.4291 0
    endloop
  endfacet
  facet normal 0.819138 -0.573597 0
    outer loop
      vertex 83.086 -60.3655 0
      vertex 84.2038 -58.7692 8.2
      vertex 83.086 -60.3655 30.2
    endloop
  endfacet
  facet normal -0.819151 0.573578 0
    outer loop
      vertex 71.1935 -51.7251 0
      vertex 72.9553 -49.209 2
      vertex 72.9553 -49.209 0
    endloop
  endfacet
  facet normal -0.819151 0.573578 0
    outer loop
      vertex 72.9553 -49.209 2
      vertex 71.1935 -51.7251 0
      vertex 71.1935 -51.7251 2
    endloop
  endfacet
  facet normal 0.798642 -0.601806 0
    outer loop
      vertex 80.9287 -63.2284 30.2
      vertex 83.086 -60.3655 0
      vertex 83.086 -60.3655 30.2
    endloop
  endfacet
  facet normal 0.798642 -0.601806 0
    outer loop
      vertex 83.086 -60.3655 0
      vertex 80.9287 -63.2284 30.2
      vertex 80.9287 -63.2284 0
    endloop
  endfacet
  facet normal -0.798627 0.601827 0
    outer loop
      vertex 69.3449 -54.1782 0
      vertex 71.1935 -51.7251 2
      vertex 71.1935 -51.7251 0
    endloop
  endfacet
  facet normal -0.798627 0.601827 0
    outer loop
      vertex 71.1935 -51.7251 2
      vertex 69.3449 -54.1782 0
      vertex 69.3449 -54.1782 2
    endloop
  endfacet
  facet normal 0.777157 -0.629307 0
    outer loop
      vertex 78.6728 -66.0143 30.2
      vertex 80.9287 -63.2284 0
      vertex 80.9287 -63.2284 30.2
    endloop
  endfacet
  facet normal 0.777157 -0.629307 0
    outer loop
      vertex 80.9287 -63.2284 0
      vertex 78.6728 -66.0143 30.2
      vertex 78.6728 -66.0143 0
    endloop
  endfacet
  facet normal -0.777152 0.629313 0
    outer loop
      vertex 67.4119 -56.5653 0
      vertex 69.3449 -54.1782 2
      vertex 69.3449 -54.1782 0
    endloop
  endfacet
  facet normal -0.777152 0.629313 0
    outer loop
      vertex 69.3449 -54.1782 2
      vertex 67.4119 -56.5653 0
      vertex 67.4119 -56.5653 2
    endloop
  endfacet
  facet normal 0.754705 -0.656064 0
    outer loop
      vertex 76.321 -68.7197 30.2
      vertex 78.6728 -66.0143 0
      vertex 78.6728 -66.0143 30.2
    endloop
  endfacet
  facet normal 0.754705 -0.656064 0
    outer loop
      vertex 78.6728 -66.0143 0
      vertex 76.321 -68.7197 30.2
      vertex 76.321 -68.7197 0
    endloop
  endfacet
  facet normal -0.754706 0.656063 0
    outer loop
      vertex 65.3967 -58.8835 0
      vertex 67.4119 -56.5653 2
      vertex 67.4119 -56.5653 0
    endloop
  endfacet
  facet normal -0.754706 0.656063 0
    outer loop
      vertex 67.4119 -56.5653 2
      vertex 65.3967 -58.8835 0
      vertex 65.3967 -58.8835 2
    endloop
  endfacet
  facet normal 0.73135 -0.682002 0
    outer loop
      vertex 73.8762 -71.3414 30.2
      vertex 76.321 -68.7197 0
      vertex 76.321 -68.7197 30.2
    endloop
  endfacet
  facet normal 0.73135 -0.682002 0
    outer loop
      vertex 76.321 -68.7197 0
      vertex 73.8762 -71.3414 30.2
      vertex 73.8762 -71.3414 0
    endloop
  endfacet
  facet normal -0.731354 0.681998 0
    outer loop
      vertex 63.3019 -61.1299 0
      vertex 65.3967 -58.8835 2
      vertex 65.3967 -58.8835 0
    endloop
  endfacet
  facet normal -0.731354 0.681998 0
    outer loop
      vertex 65.3967 -58.8835 2
      vertex 63.3019 -61.1299 0
      vertex 63.3019 -61.1299 2
    endloop
  endfacet
  facet normal 0.707107 -0.707107 0
    outer loop
      vertex 71.3414 -73.8762 30.2
      vertex 73.8762 -71.3414 0
      vertex 73.8762 -71.3414 30.2
    endloop
  endfacet
  facet normal 0.707107 -0.707107 0
    outer loop
      vertex 73.8762 -71.3414 0
      vertex 71.3414 -73.8762 30.2
      vertex 71.3414 -73.8762 0
    endloop
  endfacet
  facet normal -0.707107 0.707107 0
    outer loop
      vertex 61.1299 -63.3019 0
      vertex 63.3019 -61.1299 2
      vertex 63.3019 -61.1299 0
    endloop
  endfacet
  facet normal -0.707107 0.707107 0
    outer loop
      vertex 63.3019 -61.1299 2
      vertex 61.1299 -63.3019 0
      vertex 61.1299 -63.3019 2
    endloop
  endfacet
  facet normal 0.682002 -0.73135 0
    outer loop
      vertex 68.7197 -76.321 0
      vertex 71.3414 -73.8762 30.2
      vertex 68.7197 -76.321 30.2
    endloop
  endfacet
  facet normal 0.682002 -0.73135 0
    outer loop
      vertex 71.3414 -73.8762 30.2
      vertex 68.7197 -76.321 0
      vertex 71.3414 -73.8762 0
    endloop
  endfacet
  facet normal -0.681998 0.731354 0
    outer loop
      vertex 61.1299 -63.3019 0
      vertex 58.8835 -65.3967 2
      vertex 61.1299 -63.3019 2
    endloop
  endfacet
  facet normal -0.681998 0.731354 0
    outer loop
      vertex 58.8835 -65.3967 2
      vertex 61.1299 -63.3019 0
      vertex 58.8835 -65.3967 0
    endloop
  endfacet
  facet normal 0.656064 -0.754705 0
    outer loop
      vertex 66.0143 -78.6728 0
      vertex 68.7197 -76.321 30.2
      vertex 66.0143 -78.6728 30.2
    endloop
  endfacet
  facet normal 0.656064 -0.754705 0
    outer loop
      vertex 68.7197 -76.321 30.2
      vertex 66.0143 -78.6728 0
      vertex 68.7197 -76.321 0
    endloop
  endfacet
  facet normal -0.656063 0.754706 0
    outer loop
      vertex 58.8835 -65.3967 0
      vertex 56.5653 -67.4119 2
      vertex 58.8835 -65.3967 2
    endloop
  endfacet
  facet normal -0.656063 0.754706 0
    outer loop
      vertex 56.5653 -67.4119 2
      vertex 58.8835 -65.3967 0
      vertex 56.5653 -67.4119 0
    endloop
  endfacet
  facet normal 0.629307 -0.777157 0
    outer loop
      vertex 63.2284 -80.9287 0
      vertex 66.0143 -78.6728 30.2
      vertex 63.2284 -80.9287 30.2
    endloop
  endfacet
  facet normal 0.629307 -0.777157 0
    outer loop
      vertex 66.0143 -78.6728 30.2
      vertex 63.2284 -80.9287 0
      vertex 66.0143 -78.6728 0
    endloop
  endfacet
  facet normal -0.629313 0.777152 0
    outer loop
      vertex 56.5653 -67.4119 0
      vertex 54.1782 -69.3449 2
      vertex 56.5653 -67.4119 2
    endloop
  endfacet
  facet normal -0.629313 0.777152 0
    outer loop
      vertex 54.1782 -69.3449 2
      vertex 56.5653 -67.4119 0
      vertex 54.1782 -69.3449 0
    endloop
  endfacet
  facet normal 0.601806 -0.798642 0
    outer loop
      vertex 60.3655 -83.086 0
      vertex 63.2284 -80.9287 30.2
      vertex 60.3655 -83.086 30.2
    endloop
  endfacet
  facet normal 0.601806 -0.798642 0
    outer loop
      vertex 63.2284 -80.9287 30.2
      vertex 60.3655 -83.086 0
      vertex 63.2284 -80.9287 0
    endloop
  endfacet
  facet normal -0.601827 0.798627 0
    outer loop
      vertex 54.1782 -69.3449 0
      vertex 51.7251 -71.1935 2
      vertex 54.1782 -69.3449 2
    endloop
  endfacet
  facet normal -0.601827 0.798627 0
    outer loop
      vertex 51.7251 -71.1935 2
      vertex 54.1782 -69.3449 0
      vertex 51.7251 -71.1935 0
    endloop
  endfacet
  facet normal 0.573597 -0.819138 0
    outer loop
      vertex 57.4291 -85.1422 0
      vertex 60.3655 -83.086 30.2
      vertex 57.4291 -85.1422 30.2
    endloop
  endfacet
  facet normal 0.573597 -0.819138 0
    outer loop
      vertex 60.3655 -83.086 30.2
      vertex 57.4291 -85.1422 0
      vertex 60.3655 -83.086 0
    endloop
  endfacet
  facet normal -0.573578 0.819151 0
    outer loop
      vertex 51.7251 -71.1935 0
      vertex 49.209 -72.9553 2
      vertex 51.7251 -71.1935 2
    endloop
  endfacet
  facet normal -0.573578 0.819151 0
    outer loop
      vertex 49.209 -72.9553 2
      vertex 51.7251 -71.1935 0
      vertex 49.209 -72.9553 0
    endloop
  endfacet
  facet normal 0.544624 -0.838681 0
    outer loop
      vertex 54.4227 -87.0945 0
      vertex 57.4291 -85.1422 30.2
      vertex 54.4227 -87.0945 30.2
    endloop
  endfacet
  facet normal 0.544624 -0.838681 0
    outer loop
      vertex 57.4291 -85.1422 30.2
      vertex 54.4227 -87.0945 0
      vertex 57.4291 -85.1422 0
    endloop
  endfacet
  facet normal -0.54463 0.838676 0
    outer loop
      vertex 49.209 -72.9553 0
      vertex 46.6329 -74.6282 2
      vertex 49.209 -72.9553 2
    endloop
  endfacet
  facet normal -0.54463 0.838676 0
    outer loop
      vertex 46.6329 -74.6282 2
      vertex 49.209 -72.9553 0
      vertex 46.6329 -74.6282 0
    endloop
  endfacet
  facet normal 0.515045 -0.857163 0
    outer loop
      vertex 51.35 -88.9408 0
      vertex 54.4227 -87.0945 30.2
      vertex 51.35 -88.9408 30.2
    endloop
  endfacet
  facet normal 0.515045 -0.857163 0
    outer loop
      vertex 54.4227 -87.0945 30.2
      vertex 51.35 -88.9408 0
      vertex 54.4227 -87.0945 0
    endloop
  endfacet
  facet normal -0.515037 0.857168 0
    outer loop
      vertex 46.6329 -74.6282 0
      vertex 44 -76.2102 2
      vertex 46.6329 -74.6282 2
    endloop
  endfacet
  facet normal -0.515037 0.857168 0
    outer loop
      vertex 44 -76.2102 2
      vertex 46.6329 -74.6282 0
      vertex 44 -76.2102 0
    endloop
  endfacet
  facet normal 0.484804 -0.874623 0
    outer loop
      vertex 48.2147 -90.6787 0
      vertex 51.35 -88.9408 30.2
      vertex 48.2147 -90.6787 30.2
    endloop
  endfacet
  facet normal 0.484804 -0.874623 0
    outer loop
      vertex 51.35 -88.9408 30.2
      vertex 48.2147 -90.6787 0
      vertex 51.35 -88.9408 0
    endloop
  endfacet
  facet normal -0.484822 0.874613 0
    outer loop
      vertex 44 -76.2102 0
      vertex 41.3135 -77.6994 2
      vertex 44 -76.2102 2
    endloop
  endfacet
  facet normal -0.484822 0.874613 0
    outer loop
      vertex 41.3135 -77.6994 2
      vertex 44 -76.2102 0
      vertex 41.3135 -77.6994 0
    endloop
  endfacet
  facet normal 0.454007 -0.890998 0
    outer loop
      vertex 45.0207 -92.3062 0
      vertex 48.2147 -90.6787 30.2
      vertex 45.0207 -92.3062 30.2
    endloop
  endfacet
  facet normal 0.454007 -0.890998 0
    outer loop
      vertex 48.2147 -90.6787 30.2
      vertex 45.0207 -92.3062 0
      vertex 48.2147 -90.6787 0
    endloop
  endfacet
  facet normal -0.453998 0.891002 0
    outer loop
      vertex 41.3135 -77.6994 0
      vertex 38.5767 -79.0939 2
      vertex 41.3135 -77.6994 2
    endloop
  endfacet
  facet normal -0.453998 0.891002 0
    outer loop
      vertex 38.5767 -79.0939 2
      vertex 41.3135 -77.6994 0
      vertex 38.5767 -79.0939 0
    endloop
  endfacet
  facet normal 0.422609 -0.906312 0
    outer loop
      vertex 41.7719 -93.8211 0
      vertex 45.0207 -92.3062 30.2
      vertex 41.7719 -93.8211 30.2
    endloop
  endfacet
  facet normal 0.422609 -0.906312 0
    outer loop
      vertex 45.0207 -92.3062 30.2
      vertex 41.7719 -93.8211 0
      vertex 45.0207 -92.3062 0
    endloop
  endfacet
  facet normal -0.422604 0.906315 0
    outer loop
      vertex 38.5767 -79.0939 0
      vertex 35.7928 -80.392 2
      vertex 38.5767 -79.0939 2
    endloop
  endfacet
  facet normal -0.422604 0.906315 0
    outer loop
      vertex 35.7928 -80.392 2
      vertex 38.5767 -79.0939 0
      vertex 35.7928 -80.392 0
    endloop
  endfacet
  facet normal 0.390735 -0.920503 0
    outer loop
      vertex 38.4721 -95.2218 0
      vertex 41.7719 -93.8211 30.2
      vertex 38.4721 -95.2218 30.2
    endloop
  endfacet
  facet normal 0.390735 -0.920503 0
    outer loop
      vertex 41.7719 -93.8211 30.2
      vertex 38.4721 -95.2218 0
      vertex 41.7719 -93.8211 0
    endloop
  endfacet
  facet normal -0.390742 0.9205 0
    outer loop
      vertex 35.7928 -80.392 0
      vertex 32.9654 -81.5922 2
      vertex 35.7928 -80.392 2
    endloop
  endfacet
  facet normal -0.390742 0.9205 0
    outer loop
      vertex 32.9654 -81.5922 2
      vertex 35.7928 -80.392 0
      vertex 32.9654 -81.5922 0
    endloop
  endfacet
  facet normal 0.358358 -0.933584 0
    outer loop
      vertex 35.1255 -96.5064 0
      vertex 38.4721 -95.2218 30.2
      vertex 35.1255 -96.5064 30.2
    endloop
  endfacet
  facet normal 0.358358 -0.933584 0
    outer loop
      vertex 38.4721 -95.2218 30.2
      vertex 35.1255 -96.5064 0
      vertex 38.4721 -95.2218 0
    endloop
  endfacet
  facet normal -0.358349 0.933588 0
    outer loop
      vertex 32.9654 -81.5922 0
      vertex 30.0978 -82.6929 2
      vertex 32.9654 -81.5922 2
    endloop
  endfacet
  facet normal -0.358349 0.933588 0
    outer loop
      vertex 30.0978 -82.6929 2
      vertex 32.9654 -81.5922 0
      vertex 30.0978 -82.6929 0
    endloop
  endfacet
  facet normal 0.325569 -0.945518 0
    outer loop
      vertex 31.736 -97.6735 0
      vertex 35.1255 -96.5064 30.2
      vertex 31.736 -97.6735 30.2
    endloop
  endfacet
  facet normal 0.325569 -0.945518 0
    outer loop
      vertex 35.1255 -96.5064 30.2
      vertex 31.736 -97.6735 0
      vertex 35.1255 -96.5064 0
    endloop
  endfacet
  facet normal -0.325588 0.945512 0
    outer loop
      vertex 30.0978 -82.6929 0
      vertex 27.1935 -83.693 2
      vertex 30.0978 -82.6929 2
    endloop
  endfacet
  facet normal -0.325588 0.945512 0
    outer loop
      vertex 27.1935 -83.693 2
      vertex 30.0978 -82.6929 0
      vertex 27.1935 -83.693 0
    endloop
  endfacet
  facet normal 0.292386 -0.9563 0
    outer loop
      vertex 28.308 -98.7216 0
      vertex 31.736 -97.6735 30.2
      vertex 28.308 -98.7216 30.2
    endloop
  endfacet
  facet normal 0.292386 -0.9563 0
    outer loop
      vertex 31.736 -97.6735 30.2
      vertex 28.308 -98.7216 0
      vertex 31.736 -97.6735 0
    endloop
  endfacet
  facet normal -0.292356 0.95631 0
    outer loop
      vertex 27.1935 -83.693 0
      vertex 24.2561 -84.591 2
      vertex 27.1935 -83.693 2
    endloop
  endfacet
  facet normal -0.292356 0.95631 0
    outer loop
      vertex 24.2561 -84.591 2
      vertex 27.1935 -83.693 0
      vertex 24.2561 -84.591 0
    endloop
  endfacet
  facet normal 0.258819 -0.965926 0
    outer loop
      vertex 24.8454 -99.6494 0
      vertex 28.308 -98.7216 30.2
      vertex 24.8454 -99.6494 30.2
    endloop
  endfacet
  facet normal 0.258819 -0.965926 0
    outer loop
      vertex 28.308 -98.7216 30.2
      vertex 24.8454 -99.6494 0
      vertex 28.308 -98.7216 0
    endloop
  endfacet
  facet normal -0.258817 0.965926 0
    outer loop
      vertex 24.2561 -84.591 0
      vertex 21.2891 -85.386 2
      vertex 24.2561 -84.591 2
    endloop
  endfacet
  facet normal -0.258817 0.965926 0
    outer loop
      vertex 21.2891 -85.386 2
      vertex 24.2561 -84.591 0
      vertex 21.2891 -85.386 0
    endloop
  endfacet
  facet normal 0.225004 -0.974358 0
    outer loop
      vertex 21.3525 -100.456 0
      vertex 24.8454 -99.6494 30.2
      vertex 21.3525 -100.456 30.2
    endloop
  endfacet
  facet normal 0.225004 -0.974358 0
    outer loop
      vertex 24.8454 -99.6494 30.2
      vertex 21.3525 -100.456 0
      vertex 24.8454 -99.6494 0
    endloop
  endfacet
  facet normal -0.224962 0.974368 0
    outer loop
      vertex 21.2891 -85.386 0
      vertex 18.2962 -86.077 2
      vertex 21.2891 -85.386 2
    endloop
  endfacet
  facet normal -0.224962 0.974368 0
    outer loop
      vertex 18.2962 -86.077 2
      vertex 21.2891 -85.386 0
      vertex 18.2962 -86.077 0
    endloop
  endfacet
  facet normal 0.190813 -0.981626 0
    outer loop
      vertex 17.8337 -101.14 0
      vertex 21.3525 -100.456 30.2
      vertex 17.8337 -101.14 30.2
    endloop
  endfacet
  facet normal 0.190813 -0.981626 0
    outer loop
      vertex 21.3525 -100.456 30.2
      vertex 17.8337 -101.14 0
      vertex 21.3525 -100.456 0
    endloop
  endfacet
  facet normal -0.19081 0.981627 0
    outer loop
      vertex 18.2962 -86.077 0
      vertex 15.281 -86.6631 2
      vertex 18.2962 -86.077 2
    endloop
  endfacet
  facet normal -0.19081 0.981627 0
    outer loop
      vertex 15.281 -86.6631 2
      vertex 18.2962 -86.077 0
      vertex 15.281 -86.6631 0
    endloop
  endfacet
  facet normal 0.156495 -0.987679 0
    outer loop
      vertex 14.2931 -101.701 0
      vertex 17.8337 -101.14 30.2
      vertex 14.2931 -101.701 30.2
    endloop
  endfacet
  facet normal 0.156495 -0.987679 0
    outer loop
      vertex 17.8337 -101.14 30.2
      vertex 14.2931 -101.701 0
      vertex 17.8337 -101.14 0
    endloop
  endfacet
  facet normal -0.156432 0.987689 0
    outer loop
      vertex 15.281 -86.6631 0
      vertex 12.2472 -87.1436 2
      vertex 15.281 -86.6631 2
    endloop
  endfacet
  facet normal -0.156432 0.987689 0
    outer loop
      vertex 12.2472 -87.1436 2
      vertex 15.281 -86.6631 0
      vertex 12.2472 -87.1436 0
    endloop
  endfacet
  facet normal 0.121631 -0.992575 0
    outer loop
      vertex 10.7351 -102.137 0
      vertex 14.2931 -101.701 30.2
      vertex 10.7351 -102.137 30.2
    endloop
  endfacet
  facet normal 0.121631 -0.992575 0
    outer loop
      vertex 14.2931 -101.701 30.2
      vertex 10.7351 -102.137 0
      vertex 14.2931 -101.701 0
    endloop
  endfacet
  facet normal -0.121859 0.992547 0
    outer loop
      vertex 12.2472 -87.1436 0
      vertex 9.1985 -87.5179 2
      vertex 12.2472 -87.1436 2
    endloop
  endfacet
  facet normal -0.121859 0.992547 0
    outer loop
      vertex 9.1985 -87.5179 2
      vertex 12.2472 -87.1436 0
      vertex 9.1985 -87.5179 0
    endloop
  endfacet
  facet normal 0.0873131 -0.996181 0
    outer loop
      vertex 7.16399 -102.45 0
      vertex 10.7351 -102.137 30.2
      vertex 7.16399 -102.45 30.2
    endloop
  endfacet
  facet normal 0.0873131 -0.996181 0
    outer loop
      vertex 10.7351 -102.137 30.2
      vertex 7.16399 -102.45 0
      vertex 10.7351 -102.137 0
    endloop
  endfacet
  facet normal -0.0871528 0.996195 0
    outer loop
      vertex 9.1985 -87.5179 0
      vertex 6.13857 -87.7856 2
      vertex 9.1985 -87.5179 2
    endloop
  endfacet
  facet normal -0.0871528 0.996195 0
    outer loop
      vertex 6.13857 -87.7856 2
      vertex 9.1985 -87.5179 0
      vertex 6.13857 -87.7856 0
    endloop
  endfacet
  facet normal 0.0521663 -0.998638 0
    outer loop
      vertex 3.58418 -102.637 0
      vertex 7.16399 -102.45 30.2
      vertex 3.58418 -102.637 30.2
    endloop
  endfacet
  facet normal 0.0521663 -0.998638 0
    outer loop
      vertex 7.16399 -102.45 30.2
      vertex 3.58418 -102.637 0
      vertex 7.16399 -102.45 0
    endloop
  endfacet
  facet normal -0.0523502 0.998629 0
    outer loop
      vertex 6.13857 -87.7856 0
      vertex 3.07116 -87.9464 2
      vertex 6.13857 -87.7856 2
    endloop
  endfacet
  facet normal -0.0523502 0.998629 0
    outer loop
      vertex 3.07116 -87.9464 2
      vertex 6.13857 -87.7856 0
      vertex 3.07116 -87.9464 0
    endloop
  endfacet
  facet normal 0.0175745 -0.999846 0
    outer loop
      vertex 0 -102.7 0
      vertex 3.58418 -102.637 30.2
      vertex 0 -102.7 30.2
    endloop
  endfacet
  facet normal 0.0175745 -0.999846 0
    outer loop
      vertex 3.58418 -102.637 30.2
      vertex 0 -102.7 0
      vertex 3.58418 -102.637 0
    endloop
  endfacet
  facet normal -0.01745 0.999848 0
    outer loop
      vertex 3.07116 -87.9464 0
      vertex 0 -88 2
      vertex 3.07116 -87.9464 2
    endloop
  endfacet
  facet normal -0.01745 0.999848 0
    outer loop
      vertex 0 -88 2
      vertex 3.07116 -87.9464 0
      vertex 0 -88 0
    endloop
  endfacet
  facet normal -0.0175745 -0.999846 0
    outer loop
      vertex -3.58418 -102.637 0
      vertex 0 -102.7 30.2
      vertex -3.58418 -102.637 30.2
    endloop
  endfacet
  facet normal -0.0175745 -0.999846 -0
    outer loop
      vertex 0 -102.7 30.2
      vertex -3.58418 -102.637 0
      vertex 0 -102.7 0
    endloop
  endfacet
  facet normal 0.01745 0.999848 -0
    outer loop
      vertex 0 -88 0
      vertex -3.07116 -87.9464 2
      vertex 0 -88 2
    endloop
  endfacet
  facet normal 0.01745 0.999848 0
    outer loop
      vertex -3.07116 -87.9464 2
      vertex 0 -88 0
      vertex -3.07116 -87.9464 0
    endloop
  endfacet
  facet normal -0.0521663 -0.998638 0
    outer loop
      vertex -7.16399 -102.45 0
      vertex -3.58418 -102.637 30.2
      vertex -7.16399 -102.45 30.2
    endloop
  endfacet
  facet normal -0.0521663 -0.998638 -0
    outer loop
      vertex -3.58418 -102.637 30.2
      vertex -7.16399 -102.45 0
      vertex -3.58418 -102.637 0
    endloop
  endfacet
  facet normal 0.0523502 0.998629 -0
    outer loop
      vertex -3.07116 -87.9464 0
      vertex -6.13857 -87.7856 2
      vertex -3.07116 -87.9464 2
    endloop
  endfacet
  facet normal 0.0523502 0.998629 0
    outer loop
      vertex -6.13857 -87.7856 2
      vertex -3.07116 -87.9464 0
      vertex -6.13857 -87.7856 0
    endloop
  endfacet
  facet normal -0.0873131 -0.996181 0
    outer loop
      vertex -10.7351 -102.137 0
      vertex -7.16399 -102.45 30.2
      vertex -10.7351 -102.137 30.2
    endloop
  endfacet
  facet normal -0.0873131 -0.996181 -0
    outer loop
      vertex -7.16399 -102.45 30.2
      vertex -10.7351 -102.137 0
      vertex -7.16399 -102.45 0
    endloop
  endfacet
  facet normal 0.0871528 0.996195 -0
    outer loop
      vertex -6.13857 -87.7856 0
      vertex -9.1985 -87.5179 2
      vertex -6.13857 -87.7856 2
    endloop
  endfacet
  facet normal 0.0871528 0.996195 0
    outer loop
      vertex -9.1985 -87.5179 2
      vertex -6.13857 -87.7856 0
      vertex -9.1985 -87.5179 0
    endloop
  endfacet
  facet normal -0.121631 -0.992575 0
    outer loop
      vertex -14.2931 -101.701 0
      vertex -10.7351 -102.137 30.2
      vertex -14.2931 -101.701 30.2
    endloop
  endfacet
  facet normal -0.121631 -0.992575 -0
    outer loop
      vertex -10.7351 -102.137 30.2
      vertex -14.2931 -101.701 0
      vertex -10.7351 -102.137 0
    endloop
  endfacet
  facet normal 0.121859 0.992547 -0
    outer loop
      vertex -9.1985 -87.5179 0
      vertex -12.2472 -87.1436 2
      vertex -9.1985 -87.5179 2
    endloop
  endfacet
  facet normal 0.121859 0.992547 0
    outer loop
      vertex -12.2472 -87.1436 2
      vertex -9.1985 -87.5179 0
      vertex -12.2472 -87.1436 0
    endloop
  endfacet
  facet normal -0.156495 -0.987679 0
    outer loop
      vertex -17.8337 -101.14 0
      vertex -14.2931 -101.701 30.2
      vertex -17.8337 -101.14 30.2
    endloop
  endfacet
  facet normal -0.156495 -0.987679 -0
    outer loop
      vertex -14.2931 -101.701 30.2
      vertex -17.8337 -101.14 0
      vertex -14.2931 -101.701 0
    endloop
  endfacet
  facet normal 0.156432 0.987689 -0
    outer loop
      vertex -12.2472 -87.1436 0
      vertex -15.281 -86.6631 2
      vertex -12.2472 -87.1436 2
    endloop
  endfacet
  facet normal 0.156432 0.987689 0
    outer loop
      vertex -15.281 -86.6631 2
      vertex -12.2472 -87.1436 0
      vertex -15.281 -86.6631 0
    endloop
  endfacet
  facet normal -0.190813 -0.981626 0
    outer loop
      vertex -21.3525 -100.456 0
      vertex -17.8337 -101.14 30.2
      vertex -21.3525 -100.456 30.2
    endloop
  endfacet
  facet normal -0.190813 -0.981626 -0
    outer loop
      vertex -17.8337 -101.14 30.2
      vertex -21.3525 -100.456 0
      vertex -17.8337 -101.14 0
    endloop
  endfacet
  facet normal 0.19081 0.981627 -0
    outer loop
      vertex -15.281 -86.6631 0
      vertex -18.2962 -86.077 2
      vertex -15.281 -86.6631 2
    endloop
  endfacet
  facet normal 0.19081 0.981627 0
    outer loop
      vertex -18.2962 -86.077 2
      vertex -15.281 -86.6631 0
      vertex -18.2962 -86.077 0
    endloop
  endfacet
  facet normal -0.225004 -0.974358 0
    outer loop
      vertex -24.8454 -99.6494 0
      vertex -21.3525 -100.456 30.2
      vertex -24.8454 -99.6494 30.2
    endloop
  endfacet
  facet normal -0.225004 -0.974358 -0
    outer loop
      vertex -21.3525 -100.456 30.2
      vertex -24.8454 -99.6494 0
      vertex -21.3525 -100.456 0
    endloop
  endfacet
  facet normal 0.224962 0.974368 -0
    outer loop
      vertex -18.2962 -86.077 0
      vertex -21.2891 -85.386 2
      vertex -18.2962 -86.077 2
    endloop
  endfacet
  facet normal 0.224962 0.974368 0
    outer loop
      vertex -21.2891 -85.386 2
      vertex -18.2962 -86.077 0
      vertex -21.2891 -85.386 0
    endloop
  endfacet
  facet normal -0.258819 -0.965926 0
    outer loop
      vertex -28.308 -98.7216 0
      vertex -24.8454 -99.6494 30.2
      vertex -28.308 -98.7216 30.2
    endloop
  endfacet
  facet normal -0.258819 -0.965926 -0
    outer loop
      vertex -24.8454 -99.6494 30.2
      vertex -28.308 -98.7216 0
      vertex -24.8454 -99.6494 0
    endloop
  endfacet
  facet normal 0.258817 0.965926 -0
    outer loop
      vertex -21.2891 -85.386 0
      vertex -24.2561 -84.591 2
      vertex -21.2891 -85.386 2
    endloop
  endfacet
  facet normal 0.258817 0.965926 0
    outer loop
      vertex -24.2561 -84.591 2
      vertex -21.2891 -85.386 0
      vertex -24.2561 -84.591 0
    endloop
  endfacet
  facet normal -0.292386 -0.9563 0
    outer loop
      vertex -31.736 -97.6735 0
      vertex -28.308 -98.7216 30.2
      vertex -31.736 -97.6735 30.2
    endloop
  endfacet
  facet normal -0.292386 -0.9563 -0
    outer loop
      vertex -28.308 -98.7216 30.2
      vertex -31.736 -97.6735 0
      vertex -28.308 -98.7216 0
    endloop
  endfacet
  facet normal 0.292356 0.95631 -0
    outer loop
      vertex -24.2561 -84.591 0
      vertex -27.1935 -83.693 2
      vertex -24.2561 -84.591 2
    endloop
  endfacet
  facet normal 0.292356 0.95631 0
    outer loop
      vertex -27.1935 -83.693 2
      vertex -24.2561 -84.591 0
      vertex -27.1935 -83.693 0
    endloop
  endfacet
  facet normal -0.325569 -0.945518 0
    outer loop
      vertex -35.1255 -96.5064 0
      vertex -31.736 -97.6735 30.2
      vertex -35.1255 -96.5064 30.2
    endloop
  endfacet
  facet normal -0.325569 -0.945518 -0
    outer loop
      vertex -31.736 -97.6735 30.2
      vertex -35.1255 -96.5064 0
      vertex -31.736 -97.6735 0
    endloop
  endfacet
  facet normal 0.325588 0.945512 -0
    outer loop
      vertex -27.1935 -83.693 0
      vertex -30.0978 -82.6929 2
      vertex -27.1935 -83.693 2
    endloop
  endfacet
  facet normal 0.325588 0.945512 0
    outer loop
      vertex -30.0978 -82.6929 2
      vertex -27.1935 -83.693 0
      vertex -30.0978 -82.6929 0
    endloop
  endfacet
  facet normal -0.358358 -0.933584 0
    outer loop
      vertex -38.4721 -95.2218 0
      vertex -35.1255 -96.5064 30.2
      vertex -38.4721 -95.2218 30.2
    endloop
  endfacet
  facet normal -0.358358 -0.933584 -0
    outer loop
      vertex -35.1255 -96.5064 30.2
      vertex -38.4721 -95.2218 0
      vertex -35.1255 -96.5064 0
    endloop
  endfacet
  facet normal 0.358349 0.933588 -0
    outer loop
      vertex -30.0978 -82.6929 0
      vertex -32.9654 -81.5922 2
      vertex -30.0978 -82.6929 2
    endloop
  endfacet
  facet normal 0.358349 0.933588 0
    outer loop
      vertex -32.9654 -81.5922 2
      vertex -30.0978 -82.6929 0
      vertex -32.9654 -81.5922 0
    endloop
  endfacet
  facet normal -0.390735 -0.920503 0
    outer loop
      vertex -41.7719 -93.8211 0
      vertex -38.4721 -95.2218 30.2
      vertex -41.7719 -93.8211 30.2
    endloop
  endfacet
  facet normal -0.390735 -0.920503 -0
    outer loop
      vertex -38.4721 -95.2218 30.2
      vertex -41.7719 -93.8211 0
      vertex -38.4721 -95.2218 0
    endloop
  endfacet
  facet normal 0.390742 0.9205 -0
    outer loop
      vertex -32.9654 -81.5922 0
      vertex -35.7928 -80.392 2
      vertex -32.9654 -81.5922 2
    endloop
  endfacet
  facet normal 0.390742 0.9205 0
    outer loop
      vertex -35.7928 -80.392 2
      vertex -32.9654 -81.5922 0
      vertex -35.7928 -80.392 0
    endloop
  endfacet
  facet normal -0.422609 -0.906312 0
    outer loop
      vertex -45.0207 -92.3062 0
      vertex -41.7719 -93.8211 30.2
      vertex -45.0207 -92.3062 30.2
    endloop
  endfacet
  facet normal -0.422609 -0.906312 -0
    outer loop
      vertex -41.7719 -93.8211 30.2
      vertex -45.0207 -92.3062 0
      vertex -41.7719 -93.8211 0
    endloop
  endfacet
  facet normal 0.422604 0.906315 -0
    outer loop
      vertex -35.7928 -80.392 0
      vertex -38.5767 -79.0939 2
      vertex -35.7928 -80.392 2
    endloop
  endfacet
  facet normal 0.422604 0.906315 0
    outer loop
      vertex -38.5767 -79.0939 2
      vertex -35.7928 -80.392 0
      vertex -38.5767 -79.0939 0
    endloop
  endfacet
  facet normal -0.454007 -0.890998 0
    outer loop
      vertex -48.2147 -90.6787 0
      vertex -45.0207 -92.3062 30.2
      vertex -48.2147 -90.6787 30.2
    endloop
  endfacet
  facet normal -0.454007 -0.890998 -0
    outer loop
      vertex -45.0207 -92.3062 30.2
      vertex -48.2147 -90.6787 0
      vertex -45.0207 -92.3062 0
    endloop
  endfacet
  facet normal 0.453998 0.891002 -0
    outer loop
      vertex -38.5767 -79.0939 0
      vertex -41.3135 -77.6994 2
      vertex -38.5767 -79.0939 2
    endloop
  endfacet
  facet normal 0.453998 0.891002 0
    outer loop
      vertex -41.3135 -77.6994 2
      vertex -38.5767 -79.0939 0
      vertex -41.3135 -77.6994 0
    endloop
  endfacet
  facet normal -0.484804 -0.874623 0
    outer loop
      vertex -51.35 -88.9408 0
      vertex -48.2147 -90.6787 30.2
      vertex -51.35 -88.9408 30.2
    endloop
  endfacet
  facet normal -0.484804 -0.874623 -0
    outer loop
      vertex -48.2147 -90.6787 30.2
      vertex -51.35 -88.9408 0
      vertex -48.2147 -90.6787 0
    endloop
  endfacet
  facet normal 0.484822 0.874613 -0
    outer loop
      vertex -41.3135 -77.6994 0
      vertex -44 -76.2102 2
      vertex -41.3135 -77.6994 2
    endloop
  endfacet
  facet normal 0.484822 0.874613 0
    outer loop
      vertex -44 -76.2102 2
      vertex -41.3135 -77.6994 0
      vertex -44 -76.2102 0
    endloop
  endfacet
  facet normal -0.515045 -0.857163 0
    outer loop
      vertex -54.4227 -87.0945 0
      vertex -51.35 -88.9408 30.2
      vertex -54.4227 -87.0945 30.2
    endloop
  endfacet
  facet normal -0.515045 -0.857163 -0
    outer loop
      vertex -51.35 -88.9408 30.2
      vertex -54.4227 -87.0945 0
      vertex -51.35 -88.9408 0
    endloop
  endfacet
  facet normal 0.515037 0.857168 -0
    outer loop
      vertex -44 -76.2102 0
      vertex -46.6329 -74.6282 2
      vertex -44 -76.2102 2
    endloop
  endfacet
  facet normal 0.515037 0.857168 0
    outer loop
      vertex -46.6329 -74.6282 2
      vertex -44 -76.2102 0
      vertex -46.6329 -74.6282 0
    endloop
  endfacet
  facet normal -0.544624 -0.838681 0
    outer loop
      vertex -57.4291 -85.1422 0
      vertex -54.4227 -87.0945 30.2
      vertex -57.4291 -85.1422 30.2
    endloop
  endfacet
  facet normal -0.544624 -0.838681 -0
    outer loop
      vertex -54.4227 -87.0945 30.2
      vertex -57.4291 -85.1422 0
      vertex -54.4227 -87.0945 0
    endloop
  endfacet
  facet normal 0.54463 0.838676 -0
    outer loop
      vertex -46.6329 -74.6282 0
      vertex -49.209 -72.9553 2
      vertex -46.6329 -74.6282 2
    endloop
  endfacet
  facet normal 0.54463 0.838676 0
    outer loop
      vertex -49.209 -72.9553 2
      vertex -46.6329 -74.6282 0
      vertex -49.209 -72.9553 0
    endloop
  endfacet
  facet normal -0.573597 -0.819138 0
    outer loop
      vertex -60.3655 -83.086 0
      vertex -57.4291 -85.1422 30.2
      vertex -60.3655 -83.086 30.2
    endloop
  endfacet
  facet normal -0.573597 -0.819138 -0
    outer loop
      vertex -57.4291 -85.1422 30.2
      vertex -60.3655 -83.086 0
      vertex -57.4291 -85.1422 0
    endloop
  endfacet
  facet normal 0.573578 0.819151 -0
    outer loop
      vertex -49.209 -72.9553 0
      vertex -51.7251 -71.1935 2
      vertex -49.209 -72.9553 2
    endloop
  endfacet
  facet normal 0.573578 0.819151 0
    outer loop
      vertex -51.7251 -71.1935 2
      vertex -49.209 -72.9553 0
      vertex -51.7251 -71.1935 0
    endloop
  endfacet
  facet normal -0.601806 -0.798642 0
    outer loop
      vertex -63.2284 -80.9287 0
      vertex -60.3655 -83.086 30.2
      vertex -63.2284 -80.9287 30.2
    endloop
  endfacet
  facet normal -0.601806 -0.798642 -0
    outer loop
      vertex -60.3655 -83.086 30.2
      vertex -63.2284 -80.9287 0
      vertex -60.3655 -83.086 0
    endloop
  endfacet
  facet normal 0.601827 0.798627 -0
    outer loop
      vertex -51.7251 -71.1935 0
      vertex -54.1782 -69.3449 2
      vertex -51.7251 -71.1935 2
    endloop
  endfacet
  facet normal 0.601827 0.798627 0
    outer loop
      vertex -54.1782 -69.3449 2
      vertex -51.7251 -71.1935 0
      vertex -54.1782 -69.3449 0
    endloop
  endfacet
  facet normal -0.629307 -0.777157 0
    outer loop
      vertex -66.0143 -78.6728 0
      vertex -63.2284 -80.9287 30.2
      vertex -66.0143 -78.6728 30.2
    endloop
  endfacet
  facet normal -0.629307 -0.777157 -0
    outer loop
      vertex -63.2284 -80.9287 30.2
      vertex -66.0143 -78.6728 0
      vertex -63.2284 -80.9287 0
    endloop
  endfacet
  facet normal 0.629313 0.777152 -0
    outer loop
      vertex -54.1782 -69.3449 0
      vertex -56.5653 -67.4119 2
      vertex -54.1782 -69.3449 2
    endloop
  endfacet
  facet normal 0.629313 0.777152 0
    outer loop
      vertex -56.5653 -67.4119 2
      vertex -54.1782 -69.3449 0
      vertex -56.5653 -67.4119 0
    endloop
  endfacet
  facet normal -0.656064 -0.754705 0
    outer loop
      vertex -68.7197 -76.321 0
      vertex -66.0143 -78.6728 30.2
      vertex -68.7197 -76.321 30.2
    endloop
  endfacet
  facet normal -0.656064 -0.754705 -0
    outer loop
      vertex -66.0143 -78.6728 30.2
      vertex -68.7197 -76.321 0
      vertex -66.0143 -78.6728 0
    endloop
  endfacet
  facet normal 0.656063 0.754706 -0
    outer loop
      vertex -56.5653 -67.4119 0
      vertex -58.8835 -65.3967 2
      vertex -56.5653 -67.4119 2
    endloop
  endfacet
  facet normal 0.656063 0.754706 0
    outer loop
      vertex -58.8835 -65.3967 2
      vertex -56.5653 -67.4119 0
      vertex -58.8835 -65.3967 0
    endloop
  endfacet
  facet normal -0.682002 -0.73135 0
    outer loop
      vertex -71.3414 -73.8762 0
      vertex -68.7197 -76.321 30.2
      vertex -71.3414 -73.8762 30.2
    endloop
  endfacet
  facet normal -0.682002 -0.73135 -0
    outer loop
      vertex -68.7197 -76.321 30.2
      vertex -71.3414 -73.8762 0
      vertex -68.7197 -76.321 0
    endloop
  endfacet
  facet normal 0.681998 0.731354 -0
    outer loop
      vertex -58.8835 -65.3967 0
      vertex -61.1299 -63.3019 2
      vertex -58.8835 -65.3967 2
    endloop
  endfacet
  facet normal 0.681998 0.731354 0
    outer loop
      vertex -61.1299 -63.3019 2
      vertex -58.8835 -65.3967 0
      vertex -61.1299 -63.3019 0
    endloop
  endfacet
  facet normal -0.707107 -0.707107 0
    outer loop
      vertex -71.3414 -73.8762 0
      vertex -73.8762 -71.3414 30.2
      vertex -73.8762 -71.3414 0
    endloop
  endfacet
  facet normal -0.707107 -0.707107 0
    outer loop
      vertex -73.8762 -71.3414 30.2
      vertex -71.3414 -73.8762 0
      vertex -71.3414 -73.8762 30.2
    endloop
  endfacet
  facet normal 0.707107 0.707107 0
    outer loop
      vertex -61.1299 -63.3019 2
      vertex -63.3019 -61.1299 0
      vertex -63.3019 -61.1299 2
    endloop
  endfacet
  facet normal 0.707107 0.707107 0
    outer loop
      vertex -63.3019 -61.1299 0
      vertex -61.1299 -63.3019 2
      vertex -61.1299 -63.3019 0
    endloop
  endfacet
  facet normal -0.73135 -0.682002 0
    outer loop
      vertex -73.8762 -71.3414 0
      vertex -76.321 -68.7197 30.2
      vertex -76.321 -68.7197 0
    endloop
  endfacet
  facet normal -0.73135 -0.682002 0
    outer loop
      vertex -76.321 -68.7197 30.2
      vertex -73.8762 -71.3414 0
      vertex -73.8762 -71.3414 30.2
    endloop
  endfacet
  facet normal 0.731354 0.681998 0
    outer loop
      vertex -63.3019 -61.1299 2
      vertex -65.3967 -58.8835 0
      vertex -65.3967 -58.8835 2
    endloop
  endfacet
  facet normal 0.731354 0.681998 0
    outer loop
      vertex -65.3967 -58.8835 0
      vertex -63.3019 -61.1299 2
      vertex -63.3019 -61.1299 0
    endloop
  endfacet
  facet normal -0.754705 -0.656064 0
    outer loop
      vertex -76.321 -68.7197 0
      vertex -78.6728 -66.0143 30.2
      vertex -78.6728 -66.0143 0
    endloop
  endfacet
  facet normal -0.754705 -0.656064 0
    outer loop
      vertex -78.6728 -66.0143 30.2
      vertex -76.321 -68.7197 0
      vertex -76.321 -68.7197 30.2
    endloop
  endfacet
  facet normal 0.754706 0.656063 0
    outer loop
      vertex -65.3967 -58.8835 2
      vertex -67.4119 -56.5653 0
      vertex -67.4119 -56.5653 2
    endloop
  endfacet
  facet normal 0.754706 0.656063 0
    outer loop
      vertex -67.4119 -56.5653 0
      vertex -65.3967 -58.8835 2
      vertex -65.3967 -58.8835 0
    endloop
  endfacet
  facet normal -0.777157 -0.629307 0
    outer loop
      vertex -78.6728 -66.0143 0
      vertex -80.9287 -63.2284 30.2
      vertex -80.9287 -63.2284 0
    endloop
  endfacet
  facet normal -0.777157 -0.629307 0
    outer loop
      vertex -80.9287 -63.2284 30.2
      vertex -78.6728 -66.0143 0
      vertex -78.6728 -66.0143 30.2
    endloop
  endfacet
  facet normal 0.777152 0.629313 0
    outer loop
      vertex -67.4119 -56.5653 2
      vertex -69.3449 -54.1782 0
      vertex -69.3449 -54.1782 2
    endloop
  endfacet
  facet normal 0.777152 0.629313 0
    outer loop
      vertex -69.3449 -54.1782 0
      vertex -67.4119 -56.5653 2
      vertex -67.4119 -56.5653 0
    endloop
  endfacet
  facet normal -0.798642 -0.601806 0
    outer loop
      vertex -80.9287 -63.2284 0
      vertex -83.086 -60.3655 30.2
      vertex -83.086 -60.3655 0
    endloop
  endfacet
  facet normal -0.798642 -0.601806 0
    outer loop
      vertex -83.086 -60.3655 30.2
      vertex -80.9287 -63.2284 0
      vertex -80.9287 -63.2284 30.2
    endloop
  endfacet
  facet normal 0.798627 0.601827 0
    outer loop
      vertex -69.3449 -54.1782 2
      vertex -71.1935 -51.7251 0
      vertex -71.1935 -51.7251 2
    endloop
  endfacet
  facet normal 0.798627 0.601827 0
    outer loop
      vertex -71.1935 -51.7251 0
      vertex -69.3449 -54.1782 2
      vertex -69.3449 -54.1782 0
    endloop
  endfacet
  facet normal -0.819137 -0.573598 0
    outer loop
      vertex -85.1422 -57.4291 0
      vertex -84.2038 -58.7692 8.2
      vertex -85.1422 -57.4291 8.2
    endloop
  endfacet
  facet normal -0.819138 -0.573597 1.40841e-07
    outer loop
      vertex -83.086 -60.3655 0
      vertex -84.2038 -58.7692 8.2
      vertex -85.1422 -57.4291 0
    endloop
  endfacet
  facet normal -0.819138 -0.573597 -0
    outer loop
      vertex -83.086 -60.3655 30.2
      vertex -84.2038 -58.7692 8.2
      vertex -83.086 -60.3655 0
    endloop
  endfacet
  facet normal -0.819138 -0.573597 0
    outer loop
      vertex -84.2038 -58.7692 8.2
      vertex -83.086 -60.3655 30.2
      vertex -84.2038 -58.7692 30.2
    endloop
  endfacet
  facet normal 0.819151 0.573578 0
    outer loop
      vertex -71.1935 -51.7251 2
      vertex -72.9553 -49.209 0
      vertex -72.9553 -49.209 2
    endloop
  endfacet
  facet normal 0.819151 0.573578 0
    outer loop
      vertex -72.9553 -49.209 0
      vertex -71.1935 -51.7251 2
      vertex -71.1935 -51.7251 0
    endloop
  endfacet
  facet normal -0.838676 -0.54463 0
    outer loop
      vertex -87.0945 -54.4227 0
      vertex -85.1434 -57.4272 8.2
      vertex -87.0945 -54.4227 30.2
    endloop
  endfacet
  facet normal -0.838681 -0.544624 3.45951e-06
    outer loop
      vertex -85.1422 -57.4291 0
      vertex -85.1434 -57.4272 8.2
      vertex -87.0945 -54.4227 0
    endloop
  endfacet
  facet normal -0.845489 -0.533993 0
    outer loop
      vertex -85.1434 -57.4272 8.2
      vertex -85.1422 -57.4291 0
      vertex -85.1422 -57.4291 8.2
    endloop
  endfacet
  facet normal -0.838676 -0.54463 0
    outer loop
      vertex -87.0945 -54.4227 30.2
      vertex -85.1434 -57.4272 8.2
      vertex -85.1434 -57.4272 30.2
    endloop
  endfacet
  facet normal 0.838676 0.54463 0
    outer loop
      vertex -72.9553 -49.209 2
      vertex -74.6282 -46.6329 0
      vertex -74.6282 -46.6329 2
    endloop
  endfacet
  facet normal 0.838676 0.54463 0
    outer loop
      vertex -74.6282 -46.6329 0
      vertex -72.9553 -49.209 2
      vertex -72.9553 -49.209 0
    endloop
  endfacet
  facet normal -0.857163 -0.515045 0
    outer loop
      vertex -87.0945 -54.4227 0
      vertex -88.9408 -51.35 30.2
      vertex -88.9408 -51.35 0
    endloop
  endfacet
  facet normal -0.857163 -0.515045 0
    outer loop
      vertex -88.9408 -51.35 30.2
      vertex -87.0945 -54.4227 0
      vertex -87.0945 -54.4227 30.2
    endloop
  endfacet
  facet normal 0.857168 0.515037 0
    outer loop
      vertex -74.6282 -46.6329 2
      vertex -76.2102 -44 0
      vertex -76.2102 -44 2
    endloop
  endfacet
  facet normal 0.857168 0.515037 0
    outer loop
      vertex -76.2102 -44 0
      vertex -74.6282 -46.6329 2
      vertex -74.6282 -46.6329 0
    endloop
  endfacet
  facet normal -0.874623 -0.484804 0
    outer loop
      vertex -88.9408 -51.35 0
      vertex -90.6787 -48.2147 30.2
      vertex -90.6787 -48.2147 0
    endloop
  endfacet
  facet normal -0.874623 -0.484804 0
    outer loop
      vertex -90.6787 -48.2147 30.2
      vertex -88.9408 -51.35 0
      vertex -88.9408 -51.35 30.2
    endloop
  endfacet
  facet normal 0.874613 0.484822 0
    outer loop
      vertex -76.2102 -44 2
      vertex -77.6994 -41.3135 0
      vertex -77.6994 -41.3135 2
    endloop
  endfacet
  facet normal 0.874613 0.484822 0
    outer loop
      vertex -77.6994 -41.3135 0
      vertex -76.2102 -44 2
      vertex -76.2102 -44 0
    endloop
  endfacet
  facet normal -0.885832 -0.464007 0
    outer loop
      vertex -92.3062 -45.0207 0
      vertex -92.3051 -45.0228 8.2
      vertex -92.3062 -45.0207 8.2
    endloop
  endfacet
  facet normal -0.890998 -0.454007 3.25397e-06
    outer loop
      vertex -90.6787 -48.2147 0
      vertex -92.3051 -45.0228 8.2
      vertex -92.3062 -45.0207 0
    endloop
  endfacet
  facet normal -0.891001 -0.454001 -0
    outer loop
      vertex -90.6787 -48.2147 30.2
      vertex -92.3051 -45.0228 8.2
      vertex -90.6787 -48.2147 0
    endloop
  endfacet
  facet normal -0.891001 -0.454001 0
    outer loop
      vertex -92.3051 -45.0228 8.2
      vertex -90.6787 -48.2147 30.2
      vertex -92.3051 -45.0228 30.2
    endloop
  endfacet
  facet normal 0.891002 0.453998 0
    outer loop
      vertex -77.6994 -41.3135 2
      vertex -79.0939 -38.5767 0
      vertex -79.0939 -38.5767 2
    endloop
  endfacet
  facet normal 0.891002 0.453998 0
    outer loop
      vertex -79.0939 -38.5767 0
      vertex -77.6994 -41.3135 2
      vertex -77.6994 -41.3135 0
    endloop
  endfacet
  facet normal -0.906306 -0.422621 0
    outer loop
      vertex -93.8211 -41.7719 0
      vertex -92.9975 -43.5381 8.2
      vertex -93.8211 -41.7719 30.2
    endloop
  endfacet
  facet normal -0.906312 -0.422609 3.24216e-06
    outer loop
      vertex -92.3062 -45.0207 0
      vertex -92.9975 -43.5381 8.2
      vertex -93.8211 -41.7719 0
    endloop
  endfacet
  facet normal -0.906319 -0.422594 0
    outer loop
      vertex -92.9975 -43.5381 8.2
      vertex -92.3062 -45.0207 0
      vertex -92.3062 -45.0207 8.2
    endloop
  endfacet
  facet normal -0.906306 -0.422621 0
    outer loop
      vertex -93.8211 -41.7719 30.2
      vertex -92.9975 -43.5381 8.2
      vertex -92.9975 -43.5381 30.2
    endloop
  endfacet
  facet normal 0.906315 0.422604 0
    outer loop
      vertex -79.0939 -38.5767 2
      vertex -80.392 -35.7928 0
      vertex -80.392 -35.7928 2
    endloop
  endfacet
  facet normal 0.906315 0.422604 0
    outer loop
      vertex -80.392 -35.7928 0
      vertex -79.0939 -38.5767 2
      vertex -79.0939 -38.5767 0
    endloop
  endfacet
  facet normal -0.920503 -0.390735 0
    outer loop
      vertex -93.8211 -41.7719 0
      vertex -95.2218 -38.4721 30.2
      vertex -95.2218 -38.4721 0
    endloop
  endfacet
  facet normal -0.920503 -0.390735 0
    outer loop
      vertex -95.2218 -38.4721 30.2
      vertex -93.8211 -41.7719 0
      vertex -93.8211 -41.7719 30.2
    endloop
  endfacet
  facet normal 0.9205 0.390742 0
    outer loop
      vertex -80.392 -35.7928 2
      vertex -81.5922 -32.9654 0
      vertex -81.5922 -32.9654 2
    endloop
  endfacet
  facet normal 0.9205 0.390742 0
    outer loop
      vertex -81.5922 -32.9654 0
      vertex -80.392 -35.7928 2
      vertex -80.392 -35.7928 0
    endloop
  endfacet
  facet normal -0.933584 -0.358358 0
    outer loop
      vertex -95.2218 -38.4721 0
      vertex -96.5064 -35.1255 30.2
      vertex -96.5064 -35.1255 0
    endloop
  endfacet
  facet normal -0.933584 -0.358358 0
    outer loop
      vertex -96.5064 -35.1255 30.2
      vertex -95.2218 -38.4721 0
      vertex -95.2218 -38.4721 30.2
    endloop
  endfacet
  facet normal 0.933588 0.358349 0
    outer loop
      vertex -81.5922 -32.9654 2
      vertex -82.6929 -30.0978 0
      vertex -82.6929 -30.0978 2
    endloop
  endfacet
  facet normal 0.933588 0.358349 0
    outer loop
      vertex -82.6929 -30.0978 0
      vertex -81.5922 -32.9654 2
      vertex -81.5922 -32.9654 0
    endloop
  endfacet
  facet normal -0.945518 -0.325569 0
    outer loop
      vertex -96.5064 -35.1255 0
      vertex -97.6735 -31.736 30.2
      vertex -97.6735 -31.736 0
    endloop
  endfacet
  facet normal -0.945518 -0.325569 0
    outer loop
      vertex -97.6735 -31.736 30.2
      vertex -96.5064 -35.1255 0
      vertex -96.5064 -35.1255 30.2
    endloop
  endfacet
  facet normal 0.945512 0.325588 0
    outer loop
      vertex -82.6929 -30.0978 2
      vertex -83.693 -27.1935 0
      vertex -83.693 -27.1935 2
    endloop
  endfacet
  facet normal 0.945512 0.325588 0
    outer loop
      vertex -83.693 -27.1935 0
      vertex -82.6929 -30.0978 2
      vertex -82.6929 -30.0978 0
    endloop
  endfacet
  facet normal -0.9563 -0.292386 0
    outer loop
      vertex -97.6735 -31.736 0
      vertex -98.7216 -28.308 30.2
      vertex -98.7216 -28.308 0
    endloop
  endfacet
  facet normal -0.9563 -0.292386 0
    outer loop
      vertex -98.7216 -28.308 30.2
      vertex -97.6735 -31.736 0
      vertex -97.6735 -31.736 30.2
    endloop
  endfacet
  facet normal 0.95631 0.292356 0
    outer loop
      vertex -83.693 -27.1935 2
      vertex -84.591 -24.2561 0
      vertex -84.591 -24.2561 2
    endloop
  endfacet
  facet normal 0.95631 0.292356 0
    outer loop
      vertex -84.591 -24.2561 0
      vertex -83.693 -27.1935 2
      vertex -83.693 -27.1935 0
    endloop
  endfacet
  facet normal -0.965926 -0.258819 0
    outer loop
      vertex -98.7216 -28.308 0
      vertex -99.6494 -24.8454 30.2
      vertex -99.6494 -24.8454 0
    endloop
  endfacet
  facet normal -0.965926 -0.258819 0
    outer loop
      vertex -99.6494 -24.8454 30.2
      vertex -98.7216 -28.308 0
      vertex -98.7216 -28.308 30.2
    endloop
  endfacet
  facet normal 0.965926 0.258817 0
    outer loop
      vertex -84.591 -24.2561 2
      vertex -85.386 -21.2891 0
      vertex -85.386 -21.2891 2
    endloop
  endfacet
  facet normal 0.965926 0.258817 0
    outer loop
      vertex -85.386 -21.2891 0
      vertex -84.591 -24.2561 2
      vertex -84.591 -24.2561 0
    endloop
  endfacet
  facet normal -0.974358 -0.225004 0
    outer loop
      vertex -99.6494 -24.8454 0
      vertex -100.456 -21.3525 30.2
      vertex -100.456 -21.3525 0
    endloop
  endfacet
  facet normal -0.974358 -0.225004 0
    outer loop
      vertex -100.456 -21.3525 30.2
      vertex -99.6494 -24.8454 0
      vertex -99.6494 -24.8454 30.2
    endloop
  endfacet
  facet normal 0.974368 0.224962 0
    outer loop
      vertex -85.386 -21.2891 2
      vertex -86.077 -18.2962 0
      vertex -86.077 -18.2962 2
    endloop
  endfacet
  facet normal 0.974368 0.224962 0
    outer loop
      vertex -86.077 -18.2962 0
      vertex -85.386 -21.2891 2
      vertex -85.386 -21.2891 0
    endloop
  endfacet
  facet normal -0.981626 -0.190813 0
    outer loop
      vertex -100.456 -21.3525 0
      vertex -101.14 -17.8337 30.2
      vertex -101.14 -17.8337 0
    endloop
  endfacet
  facet normal -0.981626 -0.190813 0
    outer loop
      vertex -101.14 -17.8337 30.2
      vertex -100.456 -21.3525 0
      vertex -100.456 -21.3525 30.2
    endloop
  endfacet
  facet normal 0.981627 0.19081 0
    outer loop
      vertex -86.077 -18.2962 2
      vertex -86.6631 -15.281 0
      vertex -86.6631 -15.281 2
    endloop
  endfacet
  facet normal 0.981627 0.19081 0
    outer loop
      vertex -86.6631 -15.281 0
      vertex -86.077 -18.2962 2
      vertex -86.077 -18.2962 0
    endloop
  endfacet
  facet normal -0.987679 -0.156495 0
    outer loop
      vertex -101.14 -17.8337 0
      vertex -101.701 -14.2931 30.2
      vertex -101.701 -14.2931 0
    endloop
  endfacet
  facet normal -0.987679 -0.156495 0
    outer loop
      vertex -101.701 -14.2931 30.2
      vertex -101.14 -17.8337 0
      vertex -101.14 -17.8337 30.2
    endloop
  endfacet
  facet normal 0.987689 0.156432 0
    outer loop
      vertex -86.6631 -15.281 2
      vertex -87.1436 -12.2472 0
      vertex -87.1436 -12.2472 2
    endloop
  endfacet
  facet normal 0.987689 0.156432 0
    outer loop
      vertex -87.1436 -12.2472 0
      vertex -86.6631 -15.281 2
      vertex -86.6631 -15.281 0
    endloop
  endfacet
  facet normal -0.992575 -0.121631 0
    outer loop
      vertex -101.701 -14.2931 0
      vertex -102.137 -10.7351 30.2
      vertex -102.137 -10.7351 0
    endloop
  endfacet
  facet normal -0.992575 -0.121631 0
    outer loop
      vertex -102.137 -10.7351 30.2
      vertex -101.701 -14.2931 0
      vertex -101.701 -14.2931 30.2
    endloop
  endfacet
  facet normal 0.992547 0.121859 0
    outer loop
      vertex -87.1436 -12.2472 2
      vertex -87.5179 -9.1985 0
      vertex -87.5179 -9.1985 2
    endloop
  endfacet
  facet normal 0.992547 0.121859 0
    outer loop
      vertex -87.5179 -9.1985 0
      vertex -87.1436 -12.2472 2
      vertex -87.1436 -12.2472 0
    endloop
  endfacet
  facet normal -0.996181 -0.0873131 0
    outer loop
      vertex -102.137 -10.7351 0
      vertex -102.45 -7.16399 30.2
      vertex -102.45 -7.16399 0
    endloop
  endfacet
  facet normal -0.996181 -0.0873131 0
    outer loop
      vertex -102.45 -7.16399 30.2
      vertex -102.137 -10.7351 0
      vertex -102.137 -10.7351 30.2
    endloop
  endfacet
  facet normal 0.996195 0.0871528 0
    outer loop
      vertex -87.5179 -9.1985 2
      vertex -87.7856 -6.13857 0
      vertex -87.7856 -6.13857 2
    endloop
  endfacet
  facet normal 0.996195 0.0871528 0
    outer loop
      vertex -87.7856 -6.13857 0
      vertex -87.5179 -9.1985 2
      vertex -87.5179 -9.1985 0
    endloop
  endfacet
  facet normal -0.998638 -0.0521663 0
    outer loop
      vertex -102.45 -7.16399 0
      vertex -102.637 -3.58418 30.2
      vertex -102.637 -3.58418 0
    endloop
  endfacet
  facet normal -0.998638 -0.0521663 0
    outer loop
      vertex -102.637 -3.58418 30.2
      vertex -102.45 -7.16399 0
      vertex -102.45 -7.16399 30.2
    endloop
  endfacet
  facet normal 0.998629 0.0523502 0
    outer loop
      vertex -87.7856 -6.13857 2
      vertex -87.9464 -3.07116 0
      vertex -87.9464 -3.07116 2
    endloop
  endfacet
  facet normal 0.998629 0.0523502 0
    outer loop
      vertex -87.9464 -3.07116 0
      vertex -87.7856 -6.13857 2
      vertex -87.7856 -6.13857 0
    endloop
  endfacet
  facet normal -0.999846 -0.0175745 0
    outer loop
      vertex -102.637 -3.58418 0
      vertex -102.7 0 30.2
      vertex -102.7 0 0
    endloop
  endfacet
  facet normal -0.999846 -0.0175745 0
    outer loop
      vertex -102.7 0 30.2
      vertex -102.637 -3.58418 0
      vertex -102.637 -3.58418 30.2
    endloop
  endfacet
  facet normal 0 0 1
    outer loop
      vertex 88 0 2
      vertex 100.3 0 2
      vertex 100.239 3.50042 2
    endloop
  endfacet
  facet normal 0 0 1
    outer loop
      vertex 87.9464 3.07116 2
      vertex 100.239 3.50042 2
      vertex 100.056 6.99657 2
    endloop
  endfacet
  facet normal 0 0 1
    outer loop
      vertex 100.3 0 2
      vertex 88 0 2
      vertex 100.239 -3.50042 2
    endloop
  endfacet
  facet normal 0 0 1
    outer loop
      vertex 87.7856 6.13857 2
      vertex 100.056 6.99657 2
      vertex 99.7505 10.4842 2
    endloop
  endfacet
  facet normal -0 0 1
    outer loop
      vertex 87.9464 -3.07116 2
      vertex 100.239 -3.50042 2
      vertex 88 0 2
    endloop
  endfacet
  facet normal 0 0 1
    outer loop
      vertex 87.5179 9.1985 2
      vertex 99.7505 10.4842 2
      vertex 99.3239 13.9591 2
    endloop
  endfacet
  facet normal 0 0 1
    outer loop
      vertex 100.239 -3.50042 2
      vertex 87.9464 -3.07116 2
      vertex 100.056 -6.99657 2
    endloop
  endfacet
  facet normal 0 0 1
    outer loop
      vertex 87.1436 12.2472 2
      vertex 99.3239 13.9591 2
      vertex 98.7762 17.4169 2
    endloop
  endfacet
  facet normal -0 0 1
    outer loop
      vertex 87.7856 -6.13857 2
      vertex 100.056 -6.99657 2
      vertex 87.9464 -3.07116 2
    endloop
  endfacet
  facet normal 0 0 1
    outer loop
      vertex 86.6631 15.281 2
      vertex 98.7762 17.4169 2
      vertex 98.1082 20.8535 2
    endloop
  endfacet
  facet normal 0 0 1
    outer loop
      vertex 100.056 -6.99657 2
      vertex 87.7856 -6.13857 2
      vertex 99.7505 -10.4842 2
    endloop
  endfacet
  facet normal 0 0 1
    outer loop
      vertex 86.077 18.2962 2
      vertex 98.1082 20.8535 2
      vertex 97.3207 24.2648 2
    endloop
  endfacet
  facet normal -0 0 1
    outer loop
      vertex 87.5179 -9.1985 2
      vertex 99.7505 -10.4842 2
      vertex 87.7856 -6.13857 2
    endloop
  endfacet
  facet normal 0 0 1
    outer loop
      vertex 85.386 21.2891 2
      vertex 97.3207 24.2648 2
      vertex 96.4146 27.6464 2
    endloop
  endfacet
  facet normal 0 0 1
    outer loop
      vertex 99.7505 -10.4842 2
      vertex 87.5179 -9.1985 2
      vertex 99.3239 -13.9591 2
    endloop
  endfacet
  facet normal 0 0 1
    outer loop
      vertex 84.591 24.2561 2
      vertex 96.4146 27.6464 2
      vertex 95.391 30.9944 2
    endloop
  endfacet
  facet normal -0 0 1
    outer loop
      vertex 87.1436 -12.2472 2
      vertex 99.3239 -13.9591 2
      vertex 87.5179 -9.1985 2
    endloop
  endfacet
  facet normal 0 0 1
    outer loop
      vertex 83.693 27.1935 2
      vertex 95.391 30.9944 2
      vertex 94.2512 34.3046 2
    endloop
  endfacet
  facet normal 0 0 1
    outer loop
      vertex 99.3239 -13.9591 2
      vertex 87.1436 -12.2472 2
      vertex 98.7762 -17.4169 2
    endloop
  endfacet
  facet normal 0 0 1
    outer loop
      vertex 82.6929 30.0978 2
      vertex 94.2512 34.3046 2
      vertex 92.9965 37.573 2
    endloop
  endfacet
  facet normal -0 0 1
    outer loop
      vertex 86.6631 -15.281 2
      vertex 98.7762 -17.4169 2
      vertex 87.1436 -12.2472 2
    endloop
  endfacet
  facet normal 0 0 1
    outer loop
      vertex 81.5922 32.9654 2
      vertex 92.9965 37.573 2
      vertex 91.6286 40.7957 2
    endloop
  endfacet
  facet normal 0 0 1
    outer loop
      vertex 98.7762 -17.4169 2
      vertex 86.6631 -15.281 2
      vertex 98.1082 -20.8535 2
    endloop
  endfacet
  facet normal 0 0 1
    outer loop
      vertex 80.392 35.7928 2
      vertex 91.6286 40.7957 2
      vertex 90.149 43.9686 2
    endloop
  endfacet
  facet normal -0 0 1
    outer loop
      vertex 86.077 -18.2962 2
      vertex 98.1082 -20.8535 2
      vertex 86.6631 -15.281 2
    endloop
  endfacet
  facet normal 0 0 1
    outer loop
      vertex 79.0939 38.5767 2
      vertex 90.149 43.9686 2
      vertex 88.5596 47.088 2
    endloop
  endfacet
  facet normal 0 0 1
    outer loop
      vertex 98.1082 -20.8535 2
      vertex 86.077 -18.2962 2
      vertex 97.3207 -24.2648 2
    endloop
  endfacet
  facet normal -0 0 1
    outer loop
      vertex 85.386 -21.2891 2
      vertex 97.3207 -24.2648 2
      vertex 86.077 -18.2962 2
    endloop
  endfacet
  facet normal 0 0 1
    outer loop
      vertex 100.239 3.50042 2
      vertex 87.9464 3.07116 2
      vertex 88 0 2
    endloop
  endfacet
  facet normal 0 0 1
    outer loop
      vertex 100.056 6.99657 2
      vertex 87.7856 6.13857 2
      vertex 87.9464 3.07116 2
    endloop
  endfacet
  facet normal 0 0 1
    outer loop
      vertex 99.7505 10.4842 2
      vertex 87.5179 9.1985 2
      vertex 87.7856 6.13857 2
    endloop
  endfacet
  facet normal 0 0 1
    outer loop
      vertex 99.3239 13.9591 2
      vertex 87.1436 12.2472 2
      vertex 87.5179 9.1985 2
    endloop
  endfacet
  facet normal 0 0 1
    outer loop
      vertex 77.6994 41.3135 2
      vertex 88.5596 47.088 2
      vertex 86.8624 50.15 2
    endloop
  endfacet
  facet normal 0 0 1
    outer loop
      vertex 98.7762 17.4169 2
      vertex 86.6631 15.281 2
      vertex 87.1436 12.2472 2
    endloop
  endfacet
  facet normal 0 0 1
    outer loop
      vertex 98.1082 20.8535 2
      vertex 86.077 18.2962 2
      vertex 86.6631 15.281 2
    endloop
  endfacet
  facet normal 0 0 1
    outer loop
      vertex 97.3207 24.2648 2
      vertex 85.386 21.2891 2
      vertex 86.077 18.2962 2
    endloop
  endfacet
  facet normal 0 0 1
    outer loop
      vertex 76.2102 44 2
      vertex 86.8624 50.15 2
      vertex 85.0592 53.1509 2
    endloop
  endfacet
  facet normal 0 0 1
    outer loop
      vertex 96.4146 27.6464 2
      vertex 84.591 24.2561 2
      vertex 85.386 21.2891 2
    endloop
  endfacet
  facet normal 0 0 1
    outer loop
      vertex 95.391 30.9944 2
      vertex 83.693 27.1935 2
      vertex 84.591 24.2561 2
    endloop
  endfacet
  facet normal 0 0 1
    outer loop
      vertex 74.6282 46.6329 2
      vertex 85.0592 53.1509 2
      vertex 83.1525 56.087 2
    endloop
  endfacet
  facet normal 0 0 1
    outer loop
      vertex 94.2512 34.3046 2
      vertex 82.6929 30.0978 2
      vertex 83.693 27.1935 2
    endloop
  endfacet
  facet normal 0 0 1
    outer loop
      vertex 92.9965 37.573 2
      vertex 81.5922 32.9654 2
      vertex 82.6929 30.0978 2
    endloop
  endfacet
  facet normal 0 0 1
    outer loop
      vertex 72.9553 49.209 2
      vertex 83.1525 56.087 2
      vertex 81.1444 58.9549 2
    endloop
  endfacet
  facet normal 0 0 1
    outer loop
      vertex 91.6286 40.7957 2
      vertex 80.392 35.7928 2
      vertex 81.5922 32.9654 2
    endloop
  endfacet
  facet normal 0 0 1
    outer loop
      vertex 90.149 43.9686 2
      vertex 79.0939 38.5767 2
      vertex 80.392 35.7928 2
    endloop
  endfacet
  facet normal 0 0 1
    outer loop
      vertex 71.1935 51.7251 2
      vertex 81.1444 58.9549 2
      vertex 79.0375 61.7508 2
    endloop
  endfacet
  facet normal 0 0 1
    outer loop
      vertex 88.5596 47.088 2
      vertex 77.6994 41.3135 2
      vertex 79.0939 38.5767 2
    endloop
  endfacet
  facet normal 0 0 1
    outer loop
      vertex 69.3449 54.1782 2
      vertex 79.0375 61.7508 2
      vertex 76.8343 64.4716 2
    endloop
  endfacet
  facet normal 0 0 1
    outer loop
      vertex 86.8624 50.15 2
      vertex 76.2102 44 2
      vertex 77.6994 41.3135 2
    endloop
  endfacet
  facet normal 0 0 1
    outer loop
      vertex 85.0592 53.1509 2
      vertex 74.6282 46.6329 2
      vertex 76.2102 44 2
    endloop
  endfacet
  facet normal 0 0 1
    outer loop
      vertex 67.4119 56.5653 2
      vertex 76.8343 64.4716 2
      vertex 74.5374 67.1138 2
    endloop
  endfacet
  facet normal 0 0 1
    outer loop
      vertex 83.1525 56.087 2
      vertex 72.9553 49.209 2
      vertex 74.6282 46.6329 2
    endloop
  endfacet
  facet normal 0 0 1
    outer loop
      vertex 65.3967 58.8835 2
      vertex 74.5374 67.1138 2
      vertex 72.1498 69.6742 2
    endloop
  endfacet
  facet normal 0 0 1
    outer loop
      vertex 81.1444 58.9549 2
      vertex 71.1935 51.7251 2
      vertex 72.9553 49.209 2
    endloop
  endfacet
  facet normal 0 0 1
    outer loop
      vertex 63.3019 61.1299 2
      vertex 72.1498 69.6742 2
      vertex 69.6742 72.1498 2
    endloop
  endfacet
  facet normal 0 0 1
    outer loop
      vertex 79.0375 61.7508 2
      vertex 69.3449 54.1782 2
      vertex 71.1935 51.7251 2
    endloop
  endfacet
  facet normal 0 0 1
    outer loop
      vertex 76.8343 64.4716 2
      vertex 67.4119 56.5653 2
      vertex 69.3449 54.1782 2
    endloop
  endfacet
  facet normal 0 0 1
    outer loop
      vertex 61.1299 63.3019 2
      vertex 69.6742 72.1498 2
      vertex 67.1138 74.5374 2
    endloop
  endfacet
  facet normal 0 0 1
    outer loop
      vertex 74.5374 67.1138 2
      vertex 65.3967 58.8835 2
      vertex 67.4119 56.5653 2
    endloop
  endfacet
  facet normal 0 0 1
    outer loop
      vertex 58.8835 65.3967 2
      vertex 67.1138 74.5374 2
      vertex 64.4716 76.8343 2
    endloop
  endfacet
  facet normal 0 0 1
    outer loop
      vertex 72.1498 69.6742 2
      vertex 63.3019 61.1299 2
      vertex 65.3967 58.8835 2
    endloop
  endfacet
  facet normal 0 0 1
    outer loop
      vertex 56.5653 67.4119 2
      vertex 64.4716 76.8343 2
      vertex 61.7508 79.0375 2
    endloop
  endfacet
  facet normal 0 0 1
    outer loop
      vertex 69.6742 72.1498 2
      vertex 61.1299 63.3019 2
      vertex 63.3019 61.1299 2
    endloop
  endfacet
  facet normal 0 0 1
    outer loop
      vertex 54.1782 69.3449 2
      vertex 61.7508 79.0375 2
      vertex 58.9549 81.1444 2
    endloop
  endfacet
  facet normal 0 0 1
    outer loop
      vertex 67.1138 74.5374 2
      vertex 58.8835 65.3967 2
      vertex 61.1299 63.3019 2
    endloop
  endfacet
  facet normal 0 0 1
    outer loop
      vertex 64.4716 76.8343 2
      vertex 56.5653 67.4119 2
      vertex 58.8835 65.3967 2
    endloop
  endfacet
  facet normal 0 0 1
    outer loop
      vertex 51.7251 71.1935 2
      vertex 58.9549 81.1444 2
      vertex 56.087 83.1525 2
    endloop
  endfacet
  facet normal 0 0 1
    outer loop
      vertex 61.7508 79.0375 2
      vertex 54.1782 69.3449 2
      vertex 56.5653 67.4119 2
    endloop
  endfacet
  facet normal 0 0 1
    outer loop
      vertex 49.209 72.9553 2
      vertex 56.087 83.1525 2
      vertex 53.1509 85.0592 2
    endloop
  endfacet
  facet normal 0 0 1
    outer loop
      vertex 58.9549 81.1444 2
      vertex 51.7251 71.1935 2
      vertex 54.1782 69.3449 2
    endloop
  endfacet
  facet normal 0 0 1
    outer loop
      vertex 46.6329 74.6282 2
      vertex 53.1509 85.0592 2
      vertex 50.15 86.8624 2
    endloop
  endfacet
  facet normal 0 0 1
    outer loop
      vertex 56.087 83.1525 2
      vertex 49.209 72.9553 2
      vertex 51.7251 71.1935 2
    endloop
  endfacet
  facet normal 0 0 1
    outer loop
      vertex 44 76.2102 2
      vertex 50.15 86.8624 2
      vertex 47.088 88.5596 2
    endloop
  endfacet
  facet normal 0 0 1
    outer loop
      vertex 53.1509 85.0592 2
      vertex 46.6329 74.6282 2
      vertex 49.209 72.9553 2
    endloop
  endfacet
  facet normal 0 0 1
    outer loop
      vertex 50.15 86.8624 2
      vertex 44 76.2102 2
      vertex 46.6329 74.6282 2
    endloop
  endfacet
  facet normal 0 0 1
    outer loop
      vertex 41.3135 77.6994 2
      vertex 47.088 88.5596 2
      vertex 43.9686 90.149 2
    endloop
  endfacet
  facet normal 0 0 1
    outer loop
      vertex 47.088 88.5596 2
      vertex 41.3135 77.6994 2
      vertex 44 76.2102 2
    endloop
  endfacet
  facet normal 0 0 1
    outer loop
      vertex 38.5767 79.0939 2
      vertex 43.9686 90.149 2
      vertex 40.7957 91.6286 2
    endloop
  endfacet
  facet normal 0 0 1
    outer loop
      vertex 43.9686 90.149 2
      vertex 38.5767 79.0939 2
      vertex 41.3135 77.6994 2
    endloop
  endfacet
  facet normal 0 0 1
    outer loop
      vertex 35.7928 80.392 2
      vertex 40.7957 91.6286 2
      vertex 37.573 92.9965 2
    endloop
  endfacet
  facet normal 0 0 1
    outer loop
      vertex 40.7957 91.6286 2
      vertex 35.7928 80.392 2
      vertex 38.5767 79.0939 2
    endloop
  endfacet
  facet normal 0 0 1
    outer loop
      vertex 32.9654 81.5922 2
      vertex 37.573 92.9965 2
      vertex 34.3046 94.2512 2
    endloop
  endfacet
  facet normal 0 0 1
    outer loop
      vertex 37.573 92.9965 2
      vertex 32.9654 81.5922 2
      vertex 35.7928 80.392 2
    endloop
  endfacet
  facet normal 0 0 1
    outer loop
      vertex 30.0978 82.6929 2
      vertex 34.3046 94.2512 2
      vertex 30.9944 95.391 2
    endloop
  endfacet
  facet normal 0 0 1
    outer loop
      vertex 34.3046 94.2512 2
      vertex 30.0978 82.6929 2
      vertex 32.9654 81.5922 2
    endloop
  endfacet
  facet normal 0 0 1
    outer loop
      vertex 27.1935 83.693 2
      vertex 30.9944 95.391 2
      vertex 27.6464 96.4146 2
    endloop
  endfacet
  facet normal 0 0 1
    outer loop
      vertex 30.9944 95.391 2
      vertex 27.1935 83.693 2
      vertex 30.0978 82.6929 2
    endloop
  endfacet
  facet normal 0 0 1
    outer loop
      vertex 24.2561 84.591 2
      vertex 27.6464 96.4146 2
      vertex 24.2648 97.3207 2
    endloop
  endfacet
  facet normal 0 0 1
    outer loop
      vertex 27.6464 96.4146 2
      vertex 24.2561 84.591 2
      vertex 27.1935 83.693 2
    endloop
  endfacet
  facet normal 0 0 1
    outer loop
      vertex 24.2648 97.3207 2
      vertex 21.2891 85.386 2
      vertex 24.2561 84.591 2
    endloop
  endfacet
  facet normal 0 0 1
    outer loop
      vertex 20.8535 98.1082 2
      vertex 21.2891 85.386 2
      vertex 24.2648 97.3207 2
    endloop
  endfacet
  facet normal 0 0 1
    outer loop
      vertex 20.8535 98.1082 2
      vertex 18.2962 86.077 2
      vertex 21.2891 85.386 2
    endloop
  endfacet
  facet normal 0 0 1
    outer loop
      vertex 17.4169 98.7762 2
      vertex 18.2962 86.077 2
      vertex 20.8535 98.1082 2
    endloop
  endfacet
  facet normal 0 0 1
    outer loop
      vertex 17.4169 98.7762 2
      vertex 15.281 86.6631 2
      vertex 18.2962 86.077 2
    endloop
  endfacet
  facet normal 0 0 1
    outer loop
      vertex 13.9591 99.3239 2
      vertex 15.281 86.6631 2
      vertex 17.4169 98.7762 2
    endloop
  endfacet
  facet normal 0 0 1
    outer loop
      vertex 13.9591 99.3239 2
      vertex 12.2472 87.1436 2
      vertex 15.281 86.6631 2
    endloop
  endfacet
  facet normal 0 0 1
    outer loop
      vertex 10.4842 99.7505 2
      vertex 12.2472 87.1436 2
      vertex 13.9591 99.3239 2
    endloop
  endfacet
  facet normal 0 0 1
    outer loop
      vertex 10.4842 99.7505 2
      vertex 9.1985 87.5179 2
      vertex 12.2472 87.1436 2
    endloop
  endfacet
  facet normal 0 0 1
    outer loop
      vertex 6.99657 100.056 2
      vertex 9.1985 87.5179 2
      vertex 10.4842 99.7505 2
    endloop
  endfacet
  facet normal 0 0 1
    outer loop
      vertex 6.99657 100.056 2
      vertex 6.13857 87.7856 2
      vertex 9.1985 87.5179 2
    endloop
  endfacet
  facet normal 0 0 1
    outer loop
      vertex 3.50042 100.239 2
      vertex 6.13857 87.7856 2
      vertex 6.99657 100.056 2
    endloop
  endfacet
  facet normal 0 0 1
    outer loop
      vertex 3.50042 100.239 2
      vertex 3.07116 87.9464 2
      vertex 6.13857 87.7856 2
    endloop
  endfacet
  facet normal 0 0 1
    outer loop
      vertex 0 100.3 2
      vertex 3.07116 87.9464 2
      vertex 3.50042 100.239 2
    endloop
  endfacet
  facet normal 0 0 1
    outer loop
      vertex 0 100.3 2
      vertex 0 88 2
      vertex 3.07116 87.9464 2
    endloop
  endfacet
  facet normal 0 0 1
    outer loop
      vertex 0 100.3 2
      vertex -3.07116 87.9464 2
      vertex 0 88 2
    endloop
  endfacet
  facet normal -0 0 1
    outer loop
      vertex -3.50042 100.239 2
      vertex -3.07116 87.9464 2
      vertex 0 100.3 2
    endloop
  endfacet
  facet normal 0 0 1
    outer loop
      vertex -3.50042 100.239 2
      vertex -6.13857 87.7856 2
      vertex -3.07116 87.9464 2
    endloop
  endfacet
  facet normal -0 0 1
    outer loop
      vertex -6.99657 100.056 2
      vertex -6.13857 87.7856 2
      vertex -3.50042 100.239 2
    endloop
  endfacet
  facet normal 0 0 1
    outer loop
      vertex -6.99657 100.056 2
      vertex -9.1985 87.5179 2
      vertex -6.13857 87.7856 2
    endloop
  endfacet
  facet normal -0 0 1
    outer loop
      vertex -10.4842 99.7505 2
      vertex -9.1985 87.5179 2
      vertex -6.99657 100.056 2
    endloop
  endfacet
  facet normal 0 0 1
    outer loop
      vertex -10.4842 99.7505 2
      vertex -12.2472 87.1436 2
      vertex -9.1985 87.5179 2
    endloop
  endfacet
  facet normal -0 0 1
    outer loop
      vertex -13.9591 99.3239 2
      vertex -12.2472 87.1436 2
      vertex -10.4842 99.7505 2
    endloop
  endfacet
  facet normal 0 0 1
    outer loop
      vertex -13.9591 99.3239 2
      vertex -15.281 86.6631 2
      vertex -12.2472 87.1436 2
    endloop
  endfacet
  facet normal -0 0 1
    outer loop
      vertex -17.4169 98.7762 2
      vertex -15.281 86.6631 2
      vertex -13.9591 99.3239 2
    endloop
  endfacet
  facet normal 0 0 1
    outer loop
      vertex -17.4169 98.7762 2
      vertex -18.2962 86.077 2
      vertex -15.281 86.6631 2
    endloop
  endfacet
  facet normal -0 0 1
    outer loop
      vertex -20.8535 98.1082 2
      vertex -18.2962 86.077 2
      vertex -17.4169 98.7762 2
    endloop
  endfacet
  facet normal 0 0 1
    outer loop
      vertex -20.8535 98.1082 2
      vertex -21.2891 85.386 2
      vertex -18.2962 86.077 2
    endloop
  endfacet
  facet normal -0 0 1
    outer loop
      vertex -24.2648 97.3207 2
      vertex -21.2891 85.386 2
      vertex -20.8535 98.1082 2
    endloop
  endfacet
  facet normal 0 0 1
    outer loop
      vertex -21.2891 85.386 2
      vertex -24.2648 97.3207 2
      vertex -24.2561 84.591 2
    endloop
  endfacet
  facet normal -0 0 1
    outer loop
      vertex -27.6464 96.4146 2
      vertex -24.2561 84.591 2
      vertex -24.2648 97.3207 2
    endloop
  endfacet
  facet normal 0 0 1
    outer loop
      vertex -24.2561 84.591 2
      vertex -27.6464 96.4146 2
      vertex -27.1935 83.693 2
    endloop
  endfacet
  facet normal -0 0 1
    outer loop
      vertex -30.9944 95.391 2
      vertex -27.1935 83.693 2
      vertex -27.6464 96.4146 2
    endloop
  endfacet
  facet normal 0 0 1
    outer loop
      vertex -27.1935 83.693 2
      vertex -30.9944 95.391 2
      vertex -30.0978 82.6929 2
    endloop
  endfacet
  facet normal -0 0 1
    outer loop
      vertex -34.3046 94.2512 2
      vertex -30.0978 82.6929 2
      vertex -30.9944 95.391 2
    endloop
  endfacet
  facet normal 0 0 1
    outer loop
      vertex -30.0978 82.6929 2
      vertex -34.3046 94.2512 2
      vertex -32.9654 81.5922 2
    endloop
  endfacet
  facet normal -0 0 1
    outer loop
      vertex -37.573 92.9965 2
      vertex -32.9654 81.5922 2
      vertex -34.3046 94.2512 2
    endloop
  endfacet
  facet normal 0 0 1
    outer loop
      vertex -32.9654 81.5922 2
      vertex -37.573 92.9965 2
      vertex -35.7928 80.392 2
    endloop
  endfacet
  facet normal -0 0 1
    outer loop
      vertex -40.7957 91.6286 2
      vertex -35.7928 80.392 2
      vertex -37.573 92.9965 2
    endloop
  endfacet
  facet normal 0 0 1
    outer loop
      vertex -35.7928 80.392 2
      vertex -40.7957 91.6286 2
      vertex -38.5767 79.0939 2
    endloop
  endfacet
  facet normal -0 0 1
    outer loop
      vertex -43.9686 90.149 2
      vertex -38.5767 79.0939 2
      vertex -40.7957 91.6286 2
    endloop
  endfacet
  facet normal 0 0 1
    outer loop
      vertex -38.5767 79.0939 2
      vertex -43.9686 90.149 2
      vertex -41.3135 77.6994 2
    endloop
  endfacet
  facet normal -0 0 1
    outer loop
      vertex -47.088 88.5596 2
      vertex -41.3135 77.6994 2
      vertex -43.9686 90.149 2
    endloop
  endfacet
  facet normal 0 0 1
    outer loop
      vertex -41.3135 77.6994 2
      vertex -47.088 88.5596 2
      vertex -44 76.2102 2
    endloop
  endfacet
  facet normal -0 0 1
    outer loop
      vertex -50.15 86.8624 2
      vertex -44 76.2102 2
      vertex -47.088 88.5596 2
    endloop
  endfacet
  facet normal 0 0 1
    outer loop
      vertex -44 76.2102 2
      vertex -50.15 86.8624 2
      vertex -46.6329 74.6282 2
    endloop
  endfacet
  facet normal -0 0 1
    outer loop
      vertex -53.1509 85.0592 2
      vertex -46.6329 74.6282 2
      vertex -50.15 86.8624 2
    endloop
  endfacet
  facet normal 0 0 1
    outer loop
      vertex -46.6329 74.6282 2
      vertex -53.1509 85.0592 2
      vertex -49.209 72.9553 2
    endloop
  endfacet
  facet normal -0 0 1
    outer loop
      vertex -56.087 83.1525 2
      vertex -49.209 72.9553 2
      vertex -53.1509 85.0592 2
    endloop
  endfacet
  facet normal 0 0 1
    outer loop
      vertex -49.209 72.9553 2
      vertex -56.087 83.1525 2
      vertex -51.7251 71.1935 2
    endloop
  endfacet
  facet normal -0 0 1
    outer loop
      vertex -58.9549 81.1444 2
      vertex -51.7251 71.1935 2
      vertex -56.087 83.1525 2
    endloop
  endfacet
  facet normal 0 0 1
    outer loop
      vertex -51.7251 71.1935 2
      vertex -58.9549 81.1444 2
      vertex -54.1782 69.3449 2
    endloop
  endfacet
  facet normal -0 0 1
    outer loop
      vertex -61.7508 79.0375 2
      vertex -54.1782 69.3449 2
      vertex -58.9549 81.1444 2
    endloop
  endfacet
  facet normal 0 0 1
    outer loop
      vertex -54.1782 69.3449 2
      vertex -61.7508 79.0375 2
      vertex -56.5653 67.4119 2
    endloop
  endfacet
  facet normal -0 0 1
    outer loop
      vertex -64.4716 76.8343 2
      vertex -56.5653 67.4119 2
      vertex -61.7508 79.0375 2
    endloop
  endfacet
  facet normal 0 0 1
    outer loop
      vertex -56.5653 67.4119 2
      vertex -64.4716 76.8343 2
      vertex -58.8835 65.3967 2
    endloop
  endfacet
  facet normal -0 0 1
    outer loop
      vertex -67.1138 74.5374 2
      vertex -58.8835 65.3967 2
      vertex -64.4716 76.8343 2
    endloop
  endfacet
  facet normal 0 0 1
    outer loop
      vertex -58.8835 65.3967 2
      vertex -67.1138 74.5374 2
      vertex -61.1299 63.3019 2
    endloop
  endfacet
  facet normal -0 0 1
    outer loop
      vertex -69.6742 72.1498 2
      vertex -61.1299 63.3019 2
      vertex -67.1138 74.5374 2
    endloop
  endfacet
  facet normal 0 0 1
    outer loop
      vertex -61.1299 63.3019 2
      vertex -69.6742 72.1498 2
      vertex -63.3019 61.1299 2
    endloop
  endfacet
  facet normal -0 0 1
    outer loop
      vertex -72.1498 69.6742 2
      vertex -63.3019 61.1299 2
      vertex -69.6742 72.1498 2
    endloop
  endfacet
  facet normal 0 0 1
    outer loop
      vertex -63.3019 61.1299 2
      vertex -72.1498 69.6742 2
      vertex -65.3967 58.8835 2
    endloop
  endfacet
  facet normal -0 0 1
    outer loop
      vertex -74.5374 67.1138 2
      vertex -65.3967 58.8835 2
      vertex -72.1498 69.6742 2
    endloop
  endfacet
  facet normal 0 0 1
    outer loop
      vertex -65.3967 58.8835 2
      vertex -74.5374 67.1138 2
      vertex -67.4119 56.5653 2
    endloop
  endfacet
  facet normal -0 0 1
    outer loop
      vertex -76.8343 64.4716 2
      vertex -67.4119 56.5653 2
      vertex -74.5374 67.1138 2
    endloop
  endfacet
  facet normal 0 0 1
    outer loop
      vertex -67.4119 56.5653 2
      vertex -76.8343 64.4716 2
      vertex -69.3449 54.1782 2
    endloop
  endfacet
  facet normal -0 0 1
    outer loop
      vertex -79.0375 61.7508 2
      vertex -69.3449 54.1782 2
      vertex -76.8343 64.4716 2
    endloop
  endfacet
  facet normal 0 0 1
    outer loop
      vertex -69.3449 54.1782 2
      vertex -79.0375 61.7508 2
      vertex -71.1935 51.7251 2
    endloop
  endfacet
  facet normal -0 0 1
    outer loop
      vertex -81.1444 58.9549 2
      vertex -71.1935 51.7251 2
      vertex -79.0375 61.7508 2
    endloop
  endfacet
  facet normal 0 0 1
    outer loop
      vertex -71.1935 51.7251 2
      vertex -81.1444 58.9549 2
      vertex -72.9553 49.209 2
    endloop
  endfacet
  facet normal -0 0 1
    outer loop
      vertex -83.1525 56.087 2
      vertex -72.9553 49.209 2
      vertex -81.1444 58.9549 2
    endloop
  endfacet
  facet normal 0 0 1
    outer loop
      vertex -72.9553 49.209 2
      vertex -83.1525 56.087 2
      vertex -74.6282 46.6329 2
    endloop
  endfacet
  facet normal -0 0 1
    outer loop
      vertex -85.0592 53.1509 2
      vertex -74.6282 46.6329 2
      vertex -83.1525 56.087 2
    endloop
  endfacet
  facet normal 0 0 1
    outer loop
      vertex -74.6282 46.6329 2
      vertex -85.0592 53.1509 2
      vertex -76.2102 44 2
    endloop
  endfacet
  facet normal -0 0 1
    outer loop
      vertex -86.8624 50.15 2
      vertex -76.2102 44 2
      vertex -85.0592 53.1509 2
    endloop
  endfacet
  facet normal 0 0 1
    outer loop
      vertex -76.2102 44 2
      vertex -86.8624 50.15 2
      vertex -77.6994 41.3135 2
    endloop
  endfacet
  facet normal -0 0 1
    outer loop
      vertex -88.5596 47.088 2
      vertex -77.6994 41.3135 2
      vertex -86.8624 50.15 2
    endloop
  endfacet
  facet normal 0 0 1
    outer loop
      vertex -77.6994 41.3135 2
      vertex -88.5596 47.088 2
      vertex -79.0939 38.5767 2
    endloop
  endfacet
  facet normal -0 0 1
    outer loop
      vertex -90.149 43.9686 2
      vertex -79.0939 38.5767 2
      vertex -88.5596 47.088 2
    endloop
  endfacet
  facet normal 0 0 1
    outer loop
      vertex -79.0939 38.5767 2
      vertex -90.149 43.9686 2
      vertex -80.392 35.7928 2
    endloop
  endfacet
  facet normal -0 0 1
    outer loop
      vertex -91.6286 40.7957 2
      vertex -80.392 35.7928 2
      vertex -90.149 43.9686 2
    endloop
  endfacet
  facet normal 0 0 1
    outer loop
      vertex -80.392 35.7928 2
      vertex -91.6286 40.7957 2
      vertex -81.5922 32.9654 2
    endloop
  endfacet
  facet normal -0 0 1
    outer loop
      vertex -92.9965 37.573 2
      vertex -81.5922 32.9654 2
      vertex -91.6286 40.7957 2
    endloop
  endfacet
  facet normal 0 0 1
    outer loop
      vertex -81.5922 32.9654 2
      vertex -92.9965 37.573 2
      vertex -82.6929 30.0978 2
    endloop
  endfacet
  facet normal -0 0 1
    outer loop
      vertex -94.2512 34.3046 2
      vertex -82.6929 30.0978 2
      vertex -92.9965 37.573 2
    endloop
  endfacet
  facet normal 0 0 1
    outer loop
      vertex -82.6929 30.0978 2
      vertex -94.2512 34.3046 2
      vertex -83.693 27.1935 2
    endloop
  endfacet
  facet normal -0 0 1
    outer loop
      vertex -95.391 30.9944 2
      vertex -83.693 27.1935 2
      vertex -94.2512 34.3046 2
    endloop
  endfacet
  facet normal 0 0 1
    outer loop
      vertex -83.693 27.1935 2
      vertex -95.391 30.9944 2
      vertex -84.591 24.2561 2
    endloop
  endfacet
  facet normal -0 0 1
    outer loop
      vertex -96.4146 27.6464 2
      vertex -84.591 24.2561 2
      vertex -95.391 30.9944 2
    endloop
  endfacet
  facet normal -0 0 1
    outer loop
      vertex -97.3207 24.2648 2
      vertex -85.386 21.2891 2
      vertex -96.4146 27.6464 2
    endloop
  endfacet
  facet normal 0 0 1
    outer loop
      vertex -84.591 24.2561 2
      vertex -96.4146 27.6464 2
      vertex -85.386 21.2891 2
    endloop
  endfacet
  facet normal 0 0 1
    outer loop
      vertex 97.3207 -24.2648 2
      vertex 85.386 -21.2891 2
      vertex 96.4146 -27.6464 2
    endloop
  endfacet
  facet normal -0 0 1
    outer loop
      vertex 84.591 -24.2561 2
      vertex 96.4146 -27.6464 2
      vertex 85.386 -21.2891 2
    endloop
  endfacet
  facet normal 0 0 1
    outer loop
      vertex 96.4146 -27.6464 2
      vertex 84.591 -24.2561 2
      vertex 95.391 -30.9944 2
    endloop
  endfacet
  facet normal -0 0 1
    outer loop
      vertex 83.693 -27.1935 2
      vertex 95.391 -30.9944 2
      vertex 84.591 -24.2561 2
    endloop
  endfacet
  facet normal 0 0 1
    outer loop
      vertex 95.391 -30.9944 2
      vertex 83.693 -27.1935 2
      vertex 94.2512 -34.3046 2
    endloop
  endfacet
  facet normal -0 0 1
    outer loop
      vertex 82.6929 -30.0978 2
      vertex 94.2512 -34.3046 2
      vertex 83.693 -27.1935 2
    endloop
  endfacet
  facet normal 0 0 1
    outer loop
      vertex 94.2512 -34.3046 2
      vertex 82.6929 -30.0978 2
      vertex 92.9965 -37.573 2
    endloop
  endfacet
  facet normal -0 0 1
    outer loop
      vertex 81.5922 -32.9654 2
      vertex 92.9965 -37.573 2
      vertex 82.6929 -30.0978 2
    endloop
  endfacet
  facet normal 0 0 1
    outer loop
      vertex 92.9965 -37.573 2
      vertex 81.5922 -32.9654 2
      vertex 91.6286 -40.7957 2
    endloop
  endfacet
  facet normal -0 0 1
    outer loop
      vertex 80.392 -35.7928 2
      vertex 91.6286 -40.7957 2
      vertex 81.5922 -32.9654 2
    endloop
  endfacet
  facet normal 0 0 1
    outer loop
      vertex 91.6286 -40.7957 2
      vertex 80.392 -35.7928 2
      vertex 90.149 -43.9686 2
    endloop
  endfacet
  facet normal -0 0 1
    outer loop
      vertex 79.0939 -38.5767 2
      vertex 90.149 -43.9686 2
      vertex 80.392 -35.7928 2
    endloop
  endfacet
  facet normal 0 0 1
    outer loop
      vertex 90.149 -43.9686 2
      vertex 79.0939 -38.5767 2
      vertex 88.5596 -47.088 2
    endloop
  endfacet
  facet normal -0 0 1
    outer loop
      vertex 77.6994 -41.3135 2
      vertex 88.5596 -47.088 2
      vertex 79.0939 -38.5767 2
    endloop
  endfacet
  facet normal 0 0 1
    outer loop
      vertex 88.5596 -47.088 2
      vertex 77.6994 -41.3135 2
      vertex 86.8624 -50.15 2
    endloop
  endfacet
  facet normal -0 0 1
    outer loop
      vertex 76.2102 -44 2
      vertex 86.8624 -50.15 2
      vertex 77.6994 -41.3135 2
    endloop
  endfacet
  facet normal 0 0 1
    outer loop
      vertex 86.8624 -50.15 2
      vertex 76.2102 -44 2
      vertex 85.0592 -53.1509 2
    endloop
  endfacet
  facet normal -0 0 1
    outer loop
      vertex 74.6282 -46.6329 2
      vertex 85.0592 -53.1509 2
      vertex 76.2102 -44 2
    endloop
  endfacet
  facet normal 0 0 1
    outer loop
      vertex 85.0592 -53.1509 2
      vertex 74.6282 -46.6329 2
      vertex 83.1525 -56.087 2
    endloop
  endfacet
  facet normal -0 0 1
    outer loop
      vertex 72.9553 -49.209 2
      vertex 83.1525 -56.087 2
      vertex 74.6282 -46.6329 2
    endloop
  endfacet
  facet normal 0 0 1
    outer loop
      vertex 83.1525 -56.087 2
      vertex 72.9553 -49.209 2
      vertex 81.1444 -58.9549 2
    endloop
  endfacet
  facet normal -0 0 1
    outer loop
      vertex 71.1935 -51.7251 2
      vertex 81.1444 -58.9549 2
      vertex 72.9553 -49.209 2
    endloop
  endfacet
  facet normal 0 0 1
    outer loop
      vertex 81.1444 -58.9549 2
      vertex 71.1935 -51.7251 2
      vertex 79.0375 -61.7508 2
    endloop
  endfacet
  facet normal -0 0 1
    outer loop
      vertex 69.3449 -54.1782 2
      vertex 79.0375 -61.7508 2
      vertex 71.1935 -51.7251 2
    endloop
  endfacet
  facet normal 0 0 1
    outer loop
      vertex 79.0375 -61.7508 2
      vertex 69.3449 -54.1782 2
      vertex 76.8343 -64.4716 2
    endloop
  endfacet
  facet normal -0 0 1
    outer loop
      vertex 67.4119 -56.5653 2
      vertex 76.8343 -64.4716 2
      vertex 69.3449 -54.1782 2
    endloop
  endfacet
  facet normal 0 0 1
    outer loop
      vertex 76.8343 -64.4716 2
      vertex 67.4119 -56.5653 2
      vertex 74.5374 -67.1138 2
    endloop
  endfacet
  facet normal -0 0 1
    outer loop
      vertex 65.3967 -58.8835 2
      vertex 74.5374 -67.1138 2
      vertex 67.4119 -56.5653 2
    endloop
  endfacet
  facet normal 0 0 1
    outer loop
      vertex 74.5374 -67.1138 2
      vertex 65.3967 -58.8835 2
      vertex 72.1498 -69.6742 2
    endloop
  endfacet
  facet normal -0 0 1
    outer loop
      vertex 63.3019 -61.1299 2
      vertex 72.1498 -69.6742 2
      vertex 65.3967 -58.8835 2
    endloop
  endfacet
  facet normal 0 0 1
    outer loop
      vertex 72.1498 -69.6742 2
      vertex 63.3019 -61.1299 2
      vertex 69.6742 -72.1498 2
    endloop
  endfacet
  facet normal -0 0 1
    outer loop
      vertex 61.1299 -63.3019 2
      vertex 69.6742 -72.1498 2
      vertex 63.3019 -61.1299 2
    endloop
  endfacet
  facet normal 0 0 1
    outer loop
      vertex 69.6742 -72.1498 2
      vertex 61.1299 -63.3019 2
      vertex 67.1138 -74.5374 2
    endloop
  endfacet
  facet normal -0 0 1
    outer loop
      vertex 58.8835 -65.3967 2
      vertex 67.1138 -74.5374 2
      vertex 61.1299 -63.3019 2
    endloop
  endfacet
  facet normal 0 0 1
    outer loop
      vertex 67.1138 -74.5374 2
      vertex 58.8835 -65.3967 2
      vertex 64.4716 -76.8343 2
    endloop
  endfacet
  facet normal -0 0 1
    outer loop
      vertex 56.5653 -67.4119 2
      vertex 64.4716 -76.8343 2
      vertex 58.8835 -65.3967 2
    endloop
  endfacet
  facet normal 0 0 1
    outer loop
      vertex 64.4716 -76.8343 2
      vertex 56.5653 -67.4119 2
      vertex 61.7508 -79.0375 2
    endloop
  endfacet
  facet normal -0 0 1
    outer loop
      vertex 54.1782 -69.3449 2
      vertex 61.7508 -79.0375 2
      vertex 56.5653 -67.4119 2
    endloop
  endfacet
  facet normal 0 0 1
    outer loop
      vertex 61.7508 -79.0375 2
      vertex 54.1782 -69.3449 2
      vertex 58.9549 -81.1444 2
    endloop
  endfacet
  facet normal -0 0 1
    outer loop
      vertex 51.7251 -71.1935 2
      vertex 58.9549 -81.1444 2
      vertex 54.1782 -69.3449 2
    endloop
  endfacet
  facet normal 0 0 1
    outer loop
      vertex 58.9549 -81.1444 2
      vertex 51.7251 -71.1935 2
      vertex 56.087 -83.1525 2
    endloop
  endfacet
  facet normal -0 0 1
    outer loop
      vertex 49.209 -72.9553 2
      vertex 56.087 -83.1525 2
      vertex 51.7251 -71.1935 2
    endloop
  endfacet
  facet normal 0 0 1
    outer loop
      vertex 56.087 -83.1525 2
      vertex 49.209 -72.9553 2
      vertex 53.1509 -85.0592 2
    endloop
  endfacet
  facet normal -0 0 1
    outer loop
      vertex 46.6329 -74.6282 2
      vertex 53.1509 -85.0592 2
      vertex 49.209 -72.9553 2
    endloop
  endfacet
  facet normal 0 0 1
    outer loop
      vertex 53.1509 -85.0592 2
      vertex 46.6329 -74.6282 2
      vertex 50.15 -86.8624 2
    endloop
  endfacet
  facet normal -0 0 1
    outer loop
      vertex 44 -76.2102 2
      vertex 50.15 -86.8624 2
      vertex 46.6329 -74.6282 2
    endloop
  endfacet
  facet normal 0 0 1
    outer loop
      vertex 50.15 -86.8624 2
      vertex 44 -76.2102 2
      vertex 47.088 -88.5596 2
    endloop
  endfacet
  facet normal -0 0 1
    outer loop
      vertex 41.3135 -77.6994 2
      vertex 47.088 -88.5596 2
      vertex 44 -76.2102 2
    endloop
  endfacet
  facet normal 0 0 1
    outer loop
      vertex 47.088 -88.5596 2
      vertex 41.3135 -77.6994 2
      vertex 43.9686 -90.149 2
    endloop
  endfacet
  facet normal -0 0 1
    outer loop
      vertex 38.5767 -79.0939 2
      vertex 43.9686 -90.149 2
      vertex 41.3135 -77.6994 2
    endloop
  endfacet
  facet normal 0 0 1
    outer loop
      vertex 43.9686 -90.149 2
      vertex 38.5767 -79.0939 2
      vertex 40.7957 -91.6286 2
    endloop
  endfacet
  facet normal -0 0 1
    outer loop
      vertex 35.7928 -80.392 2
      vertex 40.7957 -91.6286 2
      vertex 38.5767 -79.0939 2
    endloop
  endfacet
  facet normal 0 0 1
    outer loop
      vertex 40.7957 -91.6286 2
      vertex 35.7928 -80.392 2
      vertex 37.573 -92.9965 2
    endloop
  endfacet
  facet normal -0 0 1
    outer loop
      vertex 32.9654 -81.5922 2
      vertex 37.573 -92.9965 2
      vertex 35.7928 -80.392 2
    endloop
  endfacet
  facet normal 0 0 1
    outer loop
      vertex 37.573 -92.9965 2
      vertex 32.9654 -81.5922 2
      vertex 34.3046 -94.2512 2
    endloop
  endfacet
  facet normal -0 0 1
    outer loop
      vertex 30.0978 -82.6929 2
      vertex 34.3046 -94.2512 2
      vertex 32.9654 -81.5922 2
    endloop
  endfacet
  facet normal 0 0 1
    outer loop
      vertex 34.3046 -94.2512 2
      vertex 30.0978 -82.6929 2
      vertex 30.9944 -95.391 2
    endloop
  endfacet
  facet normal -0 0 1
    outer loop
      vertex 27.1935 -83.693 2
      vertex 30.9944 -95.391 2
      vertex 30.0978 -82.6929 2
    endloop
  endfacet
  facet normal 0 0 1
    outer loop
      vertex 30.9944 -95.391 2
      vertex 27.1935 -83.693 2
      vertex 27.6464 -96.4146 2
    endloop
  endfacet
  facet normal -0 0 1
    outer loop
      vertex 24.2561 -84.591 2
      vertex 27.6464 -96.4146 2
      vertex 27.1935 -83.693 2
    endloop
  endfacet
  facet normal 0 0 1
    outer loop
      vertex 27.6464 -96.4146 2
      vertex 24.2561 -84.591 2
      vertex 24.2648 -97.3207 2
    endloop
  endfacet
  facet normal -0 0 1
    outer loop
      vertex 21.2891 -85.386 2
      vertex 24.2648 -97.3207 2
      vertex 24.2561 -84.591 2
    endloop
  endfacet
  facet normal 0 0 1
    outer loop
      vertex 21.2891 -85.386 2
      vertex 20.8535 -98.1082 2
      vertex 24.2648 -97.3207 2
    endloop
  endfacet
  facet normal -0 0 1
    outer loop
      vertex 18.2962 -86.077 2
      vertex 20.8535 -98.1082 2
      vertex 21.2891 -85.386 2
    endloop
  endfacet
  facet normal 0 0 1
    outer loop
      vertex 18.2962 -86.077 2
      vertex 17.4169 -98.7762 2
      vertex 20.8535 -98.1082 2
    endloop
  endfacet
  facet normal -0 0 1
    outer loop
      vertex 15.281 -86.6631 2
      vertex 17.4169 -98.7762 2
      vertex 18.2962 -86.077 2
    endloop
  endfacet
  facet normal 0 0 1
    outer loop
      vertex 15.281 -86.6631 2
      vertex 13.9591 -99.3239 2
      vertex 17.4169 -98.7762 2
    endloop
  endfacet
  facet normal -0 0 1
    outer loop
      vertex 12.2472 -87.1436 2
      vertex 13.9591 -99.3239 2
      vertex 15.281 -86.6631 2
    endloop
  endfacet
  facet normal 0 0 1
    outer loop
      vertex 12.2472 -87.1436 2
      vertex 10.4842 -99.7505 2
      vertex 13.9591 -99.3239 2
    endloop
  endfacet
  facet normal -0 0 1
    outer loop
      vertex 9.1985 -87.5179 2
      vertex 10.4842 -99.7505 2
      vertex 12.2472 -87.1436 2
    endloop
  endfacet
  facet normal 0 0 1
    outer loop
      vertex 9.1985 -87.5179 2
      vertex 6.99657 -100.056 2
      vertex 10.4842 -99.7505 2
    endloop
  endfacet
  facet normal -0 0 1
    outer loop
      vertex 6.13857 -87.7856 2
      vertex 6.99657 -100.056 2
      vertex 9.1985 -87.5179 2
    endloop
  endfacet
  facet normal 0 0 1
    outer loop
      vertex 6.13857 -87.7856 2
      vertex 3.50042 -100.239 2
      vertex 6.99657 -100.056 2
    endloop
  endfacet
  facet normal -0 0 1
    outer loop
      vertex 3.07116 -87.9464 2
      vertex 3.50042 -100.239 2
      vertex 6.13857 -87.7856 2
    endloop
  endfacet
  facet normal -0 0 1
    outer loop
      vertex 0 -88 2
      vertex 3.50042 -100.239 2
      vertex 3.07116 -87.9464 2
    endloop
  endfacet
  facet normal 0 0 1
    outer loop
      vertex 0 -88 2
      vertex 0 -100.3 2
      vertex 3.50042 -100.239 2
    endloop
  endfacet
  facet normal 0 0 1
    outer loop
      vertex -3.07116 -87.9464 2
      vertex 0 -100.3 2
      vertex 0 -88 2
    endloop
  endfacet
  facet normal 0 0 1
    outer loop
      vertex -3.07116 -87.9464 2
      vertex -3.50042 -100.239 2
      vertex 0 -100.3 2
    endloop
  endfacet
  facet normal 0 0 1
    outer loop
      vertex -6.13857 -87.7856 2
      vertex -3.50042 -100.239 2
      vertex -3.07116 -87.9464 2
    endloop
  endfacet
  facet normal 0 0 1
    outer loop
      vertex -6.13857 -87.7856 2
      vertex -6.99657 -100.056 2
      vertex -3.50042 -100.239 2
    endloop
  endfacet
  facet normal 0 0 1
    outer loop
      vertex -9.1985 -87.5179 2
      vertex -6.99657 -100.056 2
      vertex -6.13857 -87.7856 2
    endloop
  endfacet
  facet normal 0 0 1
    outer loop
      vertex -9.1985 -87.5179 2
      vertex -10.4842 -99.7505 2
      vertex -6.99657 -100.056 2
    endloop
  endfacet
  facet normal 0 0 1
    outer loop
      vertex -12.2472 -87.1436 2
      vertex -10.4842 -99.7505 2
      vertex -9.1985 -87.5179 2
    endloop
  endfacet
  facet normal 0 0 1
    outer loop
      vertex -12.2472 -87.1436 2
      vertex -13.9591 -99.3239 2
      vertex -10.4842 -99.7505 2
    endloop
  endfacet
  facet normal 0 0 1
    outer loop
      vertex -15.281 -86.6631 2
      vertex -13.9591 -99.3239 2
      vertex -12.2472 -87.1436 2
    endloop
  endfacet
  facet normal 0 0 1
    outer loop
      vertex -15.281 -86.6631 2
      vertex -17.4169 -98.7762 2
      vertex -13.9591 -99.3239 2
    endloop
  endfacet
  facet normal 0 0 1
    outer loop
      vertex -18.2962 -86.077 2
      vertex -17.4169 -98.7762 2
      vertex -15.281 -86.6631 2
    endloop
  endfacet
  facet normal 0 0 1
    outer loop
      vertex -18.2962 -86.077 2
      vertex -20.8535 -98.1082 2
      vertex -17.4169 -98.7762 2
    endloop
  endfacet
  facet normal 0 0 1
    outer loop
      vertex -21.2891 -85.386 2
      vertex -20.8535 -98.1082 2
      vertex -18.2962 -86.077 2
    endloop
  endfacet
  facet normal 0 0 1
    outer loop
      vertex -24.2648 -97.3207 2
      vertex -21.2891 -85.386 2
      vertex -24.2561 -84.591 2
    endloop
  endfacet
  facet normal 0 0 1
    outer loop
      vertex -21.2891 -85.386 2
      vertex -24.2648 -97.3207 2
      vertex -20.8535 -98.1082 2
    endloop
  endfacet
  facet normal 0 0 1
    outer loop
      vertex -27.6464 -96.4146 2
      vertex -24.2561 -84.591 2
      vertex -27.1935 -83.693 2
    endloop
  endfacet
  facet normal 0 0 1
    outer loop
      vertex -24.2561 -84.591 2
      vertex -27.6464 -96.4146 2
      vertex -24.2648 -97.3207 2
    endloop
  endfacet
  facet normal 0 0 1
    outer loop
      vertex -30.9944 -95.391 2
      vertex -27.1935 -83.693 2
      vertex -30.0978 -82.6929 2
    endloop
  endfacet
  facet normal 0 0 1
    outer loop
      vertex -27.1935 -83.693 2
      vertex -30.9944 -95.391 2
      vertex -27.6464 -96.4146 2
    endloop
  endfacet
  facet normal 0 0 1
    outer loop
      vertex -34.3046 -94.2512 2
      vertex -30.0978 -82.6929 2
      vertex -32.9654 -81.5922 2
    endloop
  endfacet
  facet normal 0 0 1
    outer loop
      vertex -30.0978 -82.6929 2
      vertex -34.3046 -94.2512 2
      vertex -30.9944 -95.391 2
    endloop
  endfacet
  facet normal 0 0 1
    outer loop
      vertex -37.573 -92.9965 2
      vertex -32.9654 -81.5922 2
      vertex -35.7928 -80.392 2
    endloop
  endfacet
  facet normal 0 0 1
    outer loop
      vertex -32.9654 -81.5922 2
      vertex -37.573 -92.9965 2
      vertex -34.3046 -94.2512 2
    endloop
  endfacet
  facet normal 0 0 1
    outer loop
      vertex -40.7957 -91.6286 2
      vertex -35.7928 -80.392 2
      vertex -38.5767 -79.0939 2
    endloop
  endfacet
  facet normal 0 0 1
    outer loop
      vertex -35.7928 -80.392 2
      vertex -40.7957 -91.6286 2
      vertex -37.573 -92.9965 2
    endloop
  endfacet
  facet normal 0 0 1
    outer loop
      vertex -43.9686 -90.149 2
      vertex -38.5767 -79.0939 2
      vertex -41.3135 -77.6994 2
    endloop
  endfacet
  facet normal 0 0 1
    outer loop
      vertex -38.5767 -79.0939 2
      vertex -43.9686 -90.149 2
      vertex -40.7957 -91.6286 2
    endloop
  endfacet
  facet normal 0 0 1
    outer loop
      vertex -47.088 -88.5596 2
      vertex -41.3135 -77.6994 2
      vertex -44 -76.2102 2
    endloop
  endfacet
  facet normal 0 0 1
    outer loop
      vertex -50.15 -86.8624 2
      vertex -44 -76.2102 2
      vertex -46.6329 -74.6282 2
    endloop
  endfacet
  facet normal 0 0 1
    outer loop
      vertex -41.3135 -77.6994 2
      vertex -47.088 -88.5596 2
      vertex -43.9686 -90.149 2
    endloop
  endfacet
  facet normal 0 0 1
    outer loop
      vertex -53.1509 -85.0592 2
      vertex -46.6329 -74.6282 2
      vertex -49.209 -72.9553 2
    endloop
  endfacet
  facet normal 0 0 1
    outer loop
      vertex -44 -76.2102 2
      vertex -50.15 -86.8624 2
      vertex -47.088 -88.5596 2
    endloop
  endfacet
  facet normal 0 0 1
    outer loop
      vertex -56.087 -83.1525 2
      vertex -49.209 -72.9553 2
      vertex -51.7251 -71.1935 2
    endloop
  endfacet
  facet normal 0 0 1
    outer loop
      vertex -46.6329 -74.6282 2
      vertex -53.1509 -85.0592 2
      vertex -50.15 -86.8624 2
    endloop
  endfacet
  facet normal 0 0 1
    outer loop
      vertex -58.9549 -81.1444 2
      vertex -51.7251 -71.1935 2
      vertex -54.1782 -69.3449 2
    endloop
  endfacet
  facet normal 0 0 1
    outer loop
      vertex -49.209 -72.9553 2
      vertex -56.087 -83.1525 2
      vertex -53.1509 -85.0592 2
    endloop
  endfacet
  facet normal 0 0 1
    outer loop
      vertex -61.7508 -79.0375 2
      vertex -54.1782 -69.3449 2
      vertex -56.5653 -67.4119 2
    endloop
  endfacet
  facet normal 0 0 1
    outer loop
      vertex -64.4716 -76.8343 2
      vertex -56.5653 -67.4119 2
      vertex -58.8835 -65.3967 2
    endloop
  endfacet
  facet normal 0 0 1
    outer loop
      vertex -51.7251 -71.1935 2
      vertex -58.9549 -81.1444 2
      vertex -56.087 -83.1525 2
    endloop
  endfacet
  facet normal 0 0 1
    outer loop
      vertex -67.1138 -74.5374 2
      vertex -58.8835 -65.3967 2
      vertex -61.1299 -63.3019 2
    endloop
  endfacet
  facet normal 0 0 1
    outer loop
      vertex -54.1782 -69.3449 2
      vertex -61.7508 -79.0375 2
      vertex -58.9549 -81.1444 2
    endloop
  endfacet
  facet normal 0 0 1
    outer loop
      vertex -69.6742 -72.1498 2
      vertex -61.1299 -63.3019 2
      vertex -63.3019 -61.1299 2
    endloop
  endfacet
  facet normal 0 0 1
    outer loop
      vertex -56.5653 -67.4119 2
      vertex -64.4716 -76.8343 2
      vertex -61.7508 -79.0375 2
    endloop
  endfacet
  facet normal 0 0 1
    outer loop
      vertex -72.1498 -69.6742 2
      vertex -63.3019 -61.1299 2
      vertex -65.3967 -58.8835 2
    endloop
  endfacet
  facet normal 0 0 1
    outer loop
      vertex -58.8835 -65.3967 2
      vertex -67.1138 -74.5374 2
      vertex -64.4716 -76.8343 2
    endloop
  endfacet
  facet normal 0 0 1
    outer loop
      vertex -74.5374 -67.1138 2
      vertex -65.3967 -58.8835 2
      vertex -67.4119 -56.5653 2
    endloop
  endfacet
  facet normal 0 0 1
    outer loop
      vertex -76.8343 -64.4716 2
      vertex -67.4119 -56.5653 2
      vertex -69.3449 -54.1782 2
    endloop
  endfacet
  facet normal 0 0 1
    outer loop
      vertex -61.1299 -63.3019 2
      vertex -69.6742 -72.1498 2
      vertex -67.1138 -74.5374 2
    endloop
  endfacet
  facet normal 0 0 1
    outer loop
      vertex -79.0375 -61.7508 2
      vertex -69.3449 -54.1782 2
      vertex -71.1935 -51.7251 2
    endloop
  endfacet
  facet normal 0 0 1
    outer loop
      vertex -63.3019 -61.1299 2
      vertex -72.1498 -69.6742 2
      vertex -69.6742 -72.1498 2
    endloop
  endfacet
  facet normal 0 0 1
    outer loop
      vertex -81.1444 -58.9549 2
      vertex -71.1935 -51.7251 2
      vertex -72.9553 -49.209 2
    endloop
  endfacet
  facet normal 0 0 1
    outer loop
      vertex -65.3967 -58.8835 2
      vertex -74.5374 -67.1138 2
      vertex -72.1498 -69.6742 2
    endloop
  endfacet
  facet normal 0 0 1
    outer loop
      vertex -83.1525 -56.087 2
      vertex -72.9553 -49.209 2
      vertex -74.6282 -46.6329 2
    endloop
  endfacet
  facet normal 0 0 1
    outer loop
      vertex -85.0592 -53.1509 2
      vertex -74.6282 -46.6329 2
      vertex -76.2102 -44 2
    endloop
  endfacet
  facet normal 0 0 1
    outer loop
      vertex -67.4119 -56.5653 2
      vertex -76.8343 -64.4716 2
      vertex -74.5374 -67.1138 2
    endloop
  endfacet
  facet normal 0 0 1
    outer loop
      vertex -86.8624 -50.15 2
      vertex -76.2102 -44 2
      vertex -77.6994 -41.3135 2
    endloop
  endfacet
  facet normal 0 0 1
    outer loop
      vertex -69.3449 -54.1782 2
      vertex -79.0375 -61.7508 2
      vertex -76.8343 -64.4716 2
    endloop
  endfacet
  facet normal 0 0 1
    outer loop
      vertex -88.5596 -47.088 2
      vertex -77.6994 -41.3135 2
      vertex -79.0939 -38.5767 2
    endloop
  endfacet
  facet normal 0 0 1
    outer loop
      vertex -90.149 -43.9686 2
      vertex -79.0939 -38.5767 2
      vertex -80.392 -35.7928 2
    endloop
  endfacet
  facet normal 0 0 1
    outer loop
      vertex -71.1935 -51.7251 2
      vertex -81.1444 -58.9549 2
      vertex -79.0375 -61.7508 2
    endloop
  endfacet
  facet normal 0 0 1
    outer loop
      vertex -91.6286 -40.7957 2
      vertex -80.392 -35.7928 2
      vertex -81.5922 -32.9654 2
    endloop
  endfacet
  facet normal 0 0 1
    outer loop
      vertex -92.9965 -37.573 2
      vertex -81.5922 -32.9654 2
      vertex -82.6929 -30.0978 2
    endloop
  endfacet
  facet normal 0 0 1
    outer loop
      vertex -72.9553 -49.209 2
      vertex -83.1525 -56.087 2
      vertex -81.1444 -58.9549 2
    endloop
  endfacet
  facet normal 0 0 1
    outer loop
      vertex -94.2512 -34.3046 2
      vertex -82.6929 -30.0978 2
      vertex -83.693 -27.1935 2
    endloop
  endfacet
  facet normal 0 0 1
    outer loop
      vertex -95.391 -30.9944 2
      vertex -83.693 -27.1935 2
      vertex -84.591 -24.2561 2
    endloop
  endfacet
  facet normal 0 0 1
    outer loop
      vertex -74.6282 -46.6329 2
      vertex -85.0592 -53.1509 2
      vertex -83.1525 -56.087 2
    endloop
  endfacet
  facet normal 0 0 1
    outer loop
      vertex -96.4146 -27.6464 2
      vertex -84.591 -24.2561 2
      vertex -85.386 -21.2891 2
    endloop
  endfacet
  facet normal 0 0 1
    outer loop
      vertex -97.3207 -24.2648 2
      vertex -85.386 -21.2891 2
      vertex -86.077 -18.2962 2
    endloop
  endfacet
  facet normal 0 0 1
    outer loop
      vertex -98.1082 -20.8535 2
      vertex -86.077 -18.2962 2
      vertex -86.6631 -15.281 2
    endloop
  endfacet
  facet normal 0 0 1
    outer loop
      vertex -76.2102 -44 2
      vertex -86.8624 -50.15 2
      vertex -85.0592 -53.1509 2
    endloop
  endfacet
  facet normal 0 0 1
    outer loop
      vertex -98.7762 -17.4169 2
      vertex -86.6631 -15.281 2
      vertex -87.1436 -12.2472 2
    endloop
  endfacet
  facet normal 0 0 1
    outer loop
      vertex -99.3239 -13.9591 2
      vertex -87.1436 -12.2472 2
      vertex -87.5179 -9.1985 2
    endloop
  endfacet
  facet normal 0 0 1
    outer loop
      vertex -99.7505 -10.4842 2
      vertex -87.5179 -9.1985 2
      vertex -87.7856 -6.13857 2
    endloop
  endfacet
  facet normal 0 0 1
    outer loop
      vertex -100.056 -6.99657 2
      vertex -87.7856 -6.13857 2
      vertex -87.9464 -3.07116 2
    endloop
  endfacet
  facet normal 0 0 1
    outer loop
      vertex -77.6994 -41.3135 2
      vertex -88.5596 -47.088 2
      vertex -86.8624 -50.15 2
    endloop
  endfacet
  facet normal 0 0 1
    outer loop
      vertex -100.239 -3.50042 2
      vertex -87.9464 -3.07116 2
      vertex -88 0 2
    endloop
  endfacet
  facet normal 0 0 1
    outer loop
      vertex -85.386 21.2891 2
      vertex -97.3207 24.2648 2
      vertex -86.077 18.2962 2
    endloop
  endfacet
  facet normal -0 0 1
    outer loop
      vertex -98.1082 20.8535 2
      vertex -86.077 18.2962 2
      vertex -97.3207 24.2648 2
    endloop
  endfacet
  facet normal 0 0 1
    outer loop
      vertex -79.0939 -38.5767 2
      vertex -90.149 -43.9686 2
      vertex -88.5596 -47.088 2
    endloop
  endfacet
  facet normal 0 0 1
    outer loop
      vertex -86.077 18.2962 2
      vertex -98.1082 20.8535 2
      vertex -86.6631 15.281 2
    endloop
  endfacet
  facet normal 0 0 1
    outer loop
      vertex -80.392 -35.7928 2
      vertex -91.6286 -40.7957 2
      vertex -90.149 -43.9686 2
    endloop
  endfacet
  facet normal -0 0 1
    outer loop
      vertex -98.7762 17.4169 2
      vertex -86.6631 15.281 2
      vertex -98.1082 20.8535 2
    endloop
  endfacet
  facet normal 0 0 1
    outer loop
      vertex -81.5922 -32.9654 2
      vertex -92.9965 -37.573 2
      vertex -91.6286 -40.7957 2
    endloop
  endfacet
  facet normal 0 0 1
    outer loop
      vertex -86.6631 15.281 2
      vertex -98.7762 17.4169 2
      vertex -87.1436 12.2472 2
    endloop
  endfacet
  facet normal 0 0 1
    outer loop
      vertex -82.6929 -30.0978 2
      vertex -94.2512 -34.3046 2
      vertex -92.9965 -37.573 2
    endloop
  endfacet
  facet normal -0 0 1
    outer loop
      vertex -99.3239 13.9591 2
      vertex -87.1436 12.2472 2
      vertex -98.7762 17.4169 2
    endloop
  endfacet
  facet normal 0 0 1
    outer loop
      vertex -83.693 -27.1935 2
      vertex -95.391 -30.9944 2
      vertex -94.2512 -34.3046 2
    endloop
  endfacet
  facet normal 0 0 1
    outer loop
      vertex -87.1436 12.2472 2
      vertex -99.3239 13.9591 2
      vertex -87.5179 9.1985 2
    endloop
  endfacet
  facet normal 0 0 1
    outer loop
      vertex -84.591 -24.2561 2
      vertex -96.4146 -27.6464 2
      vertex -95.391 -30.9944 2
    endloop
  endfacet
  facet normal -0 0 1
    outer loop
      vertex -99.7505 10.4842 2
      vertex -87.5179 9.1985 2
      vertex -99.3239 13.9591 2
    endloop
  endfacet
  facet normal 0 0 1
    outer loop
      vertex -85.386 -21.2891 2
      vertex -97.3207 -24.2648 2
      vertex -96.4146 -27.6464 2
    endloop
  endfacet
  facet normal 0 0 1
    outer loop
      vertex -87.5179 9.1985 2
      vertex -99.7505 10.4842 2
      vertex -87.7856 6.13857 2
    endloop
  endfacet
  facet normal 0 0 1
    outer loop
      vertex -86.077 -18.2962 2
      vertex -98.1082 -20.8535 2
      vertex -97.3207 -24.2648 2
    endloop
  endfacet
  facet normal -0 0 1
    outer loop
      vertex -100.056 6.99657 2
      vertex -87.7856 6.13857 2
      vertex -99.7505 10.4842 2
    endloop
  endfacet
  facet normal 0 0 1
    outer loop
      vertex -86.6631 -15.281 2
      vertex -98.7762 -17.4169 2
      vertex -98.1082 -20.8535 2
    endloop
  endfacet
  facet normal 0 0 1
    outer loop
      vertex -87.7856 6.13857 2
      vertex -100.056 6.99657 2
      vertex -87.9464 3.07116 2
    endloop
  endfacet
  facet normal 0 0 1
    outer loop
      vertex -87.1436 -12.2472 2
      vertex -99.3239 -13.9591 2
      vertex -98.7762 -17.4169 2
    endloop
  endfacet
  facet normal -0 0 1
    outer loop
      vertex -100.239 3.50042 2
      vertex -87.9464 3.07116 2
      vertex -100.056 6.99657 2
    endloop
  endfacet
  facet normal 0 0 1
    outer loop
      vertex -87.5179 -9.1985 2
      vertex -99.7505 -10.4842 2
      vertex -99.3239 -13.9591 2
    endloop
  endfacet
  facet normal 0 0 1
    outer loop
      vertex -87.9464 3.07116 2
      vertex -100.239 3.50042 2
      vertex -88 0 2
    endloop
  endfacet
  facet normal 0 0 1
    outer loop
      vertex -87.7856 -6.13857 2
      vertex -100.056 -6.99657 2
      vertex -99.7505 -10.4842 2
    endloop
  endfacet
  facet normal 0 0 1
    outer loop
      vertex -100.3 0 2
      vertex -88 0 2
      vertex -100.239 3.50042 2
    endloop
  endfacet
  facet normal 0 0 1
    outer loop
      vertex -87.9464 -3.07116 2
      vertex -100.239 -3.50042 2
      vertex -100.056 -6.99657 2
    endloop
  endfacet
  facet normal 0 0 1
    outer loop
      vertex -88 0 2
      vertex -100.3 0 2
      vertex -100.239 -3.50042 2
    endloop
  endfacet
  facet normal 0.999848 0.01745 0
    outer loop
      vertex -87.9464 -3.07116 2
      vertex -88 0 0
      vertex -88 0 2
    endloop
  endfacet
  facet normal 0.999848 0.01745 0
    outer loop
      vertex -88 0 0
      vertex -87.9464 -3.07116 2
      vertex -87.9464 -3.07116 0
    endloop
  endfacet
  facet normal 0.999848 -0.0174238 0
    outer loop
      vertex -100.3 0 30.2
      vertex -100.239 3.50042 2
      vertex -100.239 3.50042 30.2
    endloop
  endfacet
  facet normal 0.999848 -0.0174238 0
    outer loop
      vertex -100.239 3.50042 2
      vertex -100.3 0 30.2
      vertex -100.3 0 2
    endloop
  endfacet
  facet normal 0.998633 -0.0522717 0
    outer loop
      vertex -100.239 3.50042 30.2
      vertex -100.056 6.99657 2
      vertex -100.056 6.99657 30.2
    endloop
  endfacet
  facet normal 0.998633 -0.0522717 0
    outer loop
      vertex -100.056 6.99657 2
      vertex -100.239 3.50042 30.2
      vertex -100.239 3.50042 2
    endloop
  endfacet
  facet normal 0.996185 -0.0872612 0
    outer loop
      vertex -100.056 6.99657 30.2
      vertex -99.7505 10.4842 2
      vertex -99.7505 10.4842 30.2
    endloop
  endfacet
  facet normal 0.996185 -0.0872612 0
    outer loop
      vertex -99.7505 10.4842 2
      vertex -100.056 6.99657 30.2
      vertex -100.056 6.99657 2
    endloop
  endfacet
  facet normal 0.992548 -0.121851 0
    outer loop
      vertex -99.7505 10.4842 30.2
      vertex -99.3239 13.9591 2
      vertex -99.3239 13.9591 30.2
    endloop
  endfacet
  facet normal 0.992548 -0.121851 0
    outer loop
      vertex -99.3239 13.9591 2
      vertex -99.7505 10.4842 30.2
      vertex -99.7505 10.4842 2
    endloop
  endfacet
  facet normal 0.987687 -0.156445 0
    outer loop
      vertex -99.3239 13.9591 30.2
      vertex -98.7762 17.4169 2
      vertex -98.7762 17.4169 30.2
    endloop
  endfacet
  facet normal 0.987687 -0.156445 0
    outer loop
      vertex -98.7762 17.4169 2
      vertex -99.3239 13.9591 30.2
      vertex -99.3239 13.9591 2
    endloop
  endfacet
  facet normal 0.981628 -0.190807 0
    outer loop
      vertex -98.7762 17.4169 30.2
      vertex -98.1082 20.8535 2
      vertex -98.1082 20.8535 30.2
    endloop
  endfacet
  facet normal 0.981628 -0.190807 0
    outer loop
      vertex -98.1082 20.8535 2
      vertex -98.7762 17.4169 30.2
      vertex -98.7762 17.4169 2
    endloop
  endfacet
  facet normal 0.974374 -0.224935 0
    outer loop
      vertex -98.1082 20.8535 30.2
      vertex -97.3207 24.2648 2
      vertex -97.3207 24.2648 30.2
    endloop
  endfacet
  facet normal 0.974374 -0.224935 0
    outer loop
      vertex -97.3207 24.2648 2
      vertex -98.1082 20.8535 30.2
      vertex -98.1082 20.8535 2
    endloop
  endfacet
  facet normal 0.965926 -0.25882 0
    outer loop
      vertex -97.3207 24.2648 30.2
      vertex -96.4146 27.6464 2
      vertex -96.4146 27.6464 30.2
    endloop
  endfacet
  facet normal 0.965926 -0.25882 0
    outer loop
      vertex -96.4146 27.6464 2
      vertex -97.3207 24.2648 30.2
      vertex -97.3207 24.2648 2
    endloop
  endfacet
  facet normal 0.956304 -0.292375 0
    outer loop
      vertex -96.4146 27.6464 30.2
      vertex -95.391 30.9944 2
      vertex -95.391 30.9944 30.2
    endloop
  endfacet
  facet normal 0.956304 -0.292375 0
    outer loop
      vertex -95.391 30.9944 2
      vertex -96.4146 27.6464 30.2
      vertex -96.4146 27.6464 2
    endloop
  endfacet
  facet normal 0.945518 -0.32557 0
    outer loop
      vertex -95.391 30.9944 30.2
      vertex -94.2512 34.3046 2
      vertex -94.2512 34.3046 30.2
    endloop
  endfacet
  facet normal 0.945518 -0.32557 0
    outer loop
      vertex -94.2512 34.3046 2
      vertex -95.391 30.9944 30.2
      vertex -95.391 30.9944 2
    endloop
  endfacet
  facet normal 0.933573 -0.358388 0
    outer loop
      vertex -94.2512 34.3046 30.2
      vertex -92.9965 37.573 2
      vertex -92.9965 37.573 30.2
    endloop
  endfacet
  facet normal 0.933573 -0.358388 0
    outer loop
      vertex -92.9965 37.573 2
      vertex -94.2512 34.3046 30.2
      vertex -94.2512 34.3046 2
    endloop
  endfacet
  facet normal 0.920511 -0.390718 0
    outer loop
      vertex -92.9965 37.573 30.2
      vertex -91.6286 40.7957 2
      vertex -91.6286 40.7957 30.2
    endloop
  endfacet
  facet normal 0.920511 -0.390718 0
    outer loop
      vertex -91.6286 40.7957 2
      vertex -92.9965 37.573 30.2
      vertex -92.9965 37.573 2
    endloop
  endfacet
  facet normal 0.906302 -0.422631 0
    outer loop
      vertex -91.6286 40.7957 30.2
      vertex -90.149 43.9686 2
      vertex -90.149 43.9686 30.2
    endloop
  endfacet
  facet normal 0.906302 -0.422631 0
    outer loop
      vertex -90.149 43.9686 2
      vertex -91.6286 40.7957 30.2
      vertex -91.6286 40.7957 2
    endloop
  endfacet
  facet normal 0.891008 -0.453987 0
    outer loop
      vertex -90.149 43.9686 30.2
      vertex -88.5596 47.088 2
      vertex -88.5596 47.088 30.2
    endloop
  endfacet
  facet normal 0.891008 -0.453987 0
    outer loop
      vertex -88.5596 47.088 2
      vertex -90.149 43.9686 30.2
      vertex -90.149 43.9686 2
    endloop
  endfacet
  facet normal 0.874631 -0.484789 0
    outer loop
      vertex -88.5596 47.088 30.2
      vertex -86.8624 50.15 2
      vertex -86.8624 50.15 30.2
    endloop
  endfacet
  facet normal 0.874631 -0.484789 0
    outer loop
      vertex -86.8624 50.15 2
      vertex -88.5596 47.088 30.2
      vertex -88.5596 47.088 2
    endloop
  endfacet
  facet normal 0.857158 -0.515054 0
    outer loop
      vertex -86.8624 50.15 30.2
      vertex -85.0592 53.1509 2
      vertex -85.0592 53.1509 30.2
    endloop
  endfacet
  facet normal 0.857158 -0.515054 0
    outer loop
      vertex -85.0592 53.1509 2
      vertex -86.8624 50.15 30.2
      vertex -86.8624 50.15 2
    endloop
  endfacet
  facet normal 0.838674 -0.544634 0
    outer loop
      vertex -85.0592 53.1509 30.2
      vertex -83.1525 56.087 2
      vertex -83.1525 56.087 30.2
    endloop
  endfacet
  facet normal 0.838674 -0.544634 0
    outer loop
      vertex -83.1525 56.087 2
      vertex -85.0592 53.1509 30.2
      vertex -85.0592 53.1509 2
    endloop
  endfacet
  facet normal 0.819155 -0.573572 0
    outer loop
      vertex -83.1525 56.087 30.2
      vertex -81.1444 58.9549 2
      vertex -81.1444 58.9549 30.2
    endloop
  endfacet
  facet normal 0.819155 -0.573572 0
    outer loop
      vertex -81.1444 58.9549 2
      vertex -83.1525 56.087 30.2
      vertex -83.1525 56.087 2
    endloop
  endfacet
  facet normal 0.79863 -0.601822 0
    outer loop
      vertex -81.1444 58.9549 30.2
      vertex -79.0375 61.7508 2
      vertex -79.0375 61.7508 30.2
    endloop
  endfacet
  facet normal 0.79863 -0.601822 0
    outer loop
      vertex -79.0375 61.7508 2
      vertex -81.1444 58.9549 30.2
      vertex -81.1444 58.9549 2
    endloop
  endfacet
  facet normal 0.777154 -0.62931 0
    outer loop
      vertex -79.0375 61.7508 30.2
      vertex -76.8343 64.4716 2
      vertex -76.8343 64.4716 30.2
    endloop
  endfacet
  facet normal 0.777154 -0.62931 0
    outer loop
      vertex -76.8343 64.4716 2
      vertex -79.0375 61.7508 30.2
      vertex -79.0375 61.7508 2
    endloop
  endfacet
  facet normal 0.7547 -0.656071 0
    outer loop
      vertex -76.8343 64.4716 30.2
      vertex -74.5374 67.1138 2
      vertex -74.5374 67.1138 30.2
    endloop
  endfacet
  facet normal 0.7547 -0.656071 0
    outer loop
      vertex -74.5374 67.1138 2
      vertex -76.8343 64.4716 30.2
      vertex -76.8343 64.4716 2
    endloop
  endfacet
  facet normal 0.731355 -0.681997 0
    outer loop
      vertex -74.5374 67.1138 30.2
      vertex -72.1498 69.6742 2
      vertex -72.1498 69.6742 30.2
    endloop
  endfacet
  facet normal 0.731355 -0.681997 0
    outer loop
      vertex -72.1498 69.6742 2
      vertex -74.5374 67.1138 30.2
      vertex -74.5374 67.1138 2
    endloop
  endfacet
  facet normal 0.707107 -0.707107 0
    outer loop
      vertex -72.1498 69.6742 30.2
      vertex -69.6742 72.1498 2
      vertex -69.6742 72.1498 30.2
    endloop
  endfacet
  facet normal 0.707107 -0.707107 0
    outer loop
      vertex -69.6742 72.1498 2
      vertex -72.1498 69.6742 30.2
      vertex -72.1498 69.6742 2
    endloop
  endfacet
  facet normal 0.681997 -0.731355 0
    outer loop
      vertex -69.6742 72.1498 2
      vertex -67.1138 74.5374 30.2
      vertex -69.6742 72.1498 30.2
    endloop
  endfacet
  facet normal 0.681997 -0.731355 0
    outer loop
      vertex -67.1138 74.5374 30.2
      vertex -69.6742 72.1498 2
      vertex -67.1138 74.5374 2
    endloop
  endfacet
  facet normal 0.656071 -0.7547 0
    outer loop
      vertex -67.1138 74.5374 2
      vertex -64.4716 76.8343 30.2
      vertex -67.1138 74.5374 30.2
    endloop
  endfacet
  facet normal 0.656071 -0.7547 0
    outer loop
      vertex -64.4716 76.8343 30.2
      vertex -67.1138 74.5374 2
      vertex -64.4716 76.8343 2
    endloop
  endfacet
  facet normal 0.62931 -0.777154 0
    outer loop
      vertex -64.4716 76.8343 2
      vertex -61.7508 79.0375 30.2
      vertex -64.4716 76.8343 30.2
    endloop
  endfacet
  facet normal 0.62931 -0.777154 0
    outer loop
      vertex -61.7508 79.0375 30.2
      vertex -64.4716 76.8343 2
      vertex -61.7508 79.0375 2
    endloop
  endfacet
  facet normal 0.601822 -0.79863 0
    outer loop
      vertex -61.7508 79.0375 2
      vertex -58.9549 81.1444 30.2
      vertex -61.7508 79.0375 30.2
    endloop
  endfacet
  facet normal 0.601822 -0.79863 0
    outer loop
      vertex -58.9549 81.1444 30.2
      vertex -61.7508 79.0375 2
      vertex -58.9549 81.1444 2
    endloop
  endfacet
  facet normal 0.573572 -0.819155 0
    outer loop
      vertex -58.9549 81.1444 2
      vertex -56.087 83.1525 30.2
      vertex -58.9549 81.1444 30.2
    endloop
  endfacet
  facet normal 0.573572 -0.819155 0
    outer loop
      vertex -56.087 83.1525 30.2
      vertex -58.9549 81.1444 2
      vertex -56.087 83.1525 2
    endloop
  endfacet
  facet normal 0.544634 -0.838674 0
    outer loop
      vertex -56.087 83.1525 2
      vertex -53.1509 85.0592 30.2
      vertex -56.087 83.1525 30.2
    endloop
  endfacet
  facet normal 0.544634 -0.838674 0
    outer loop
      vertex -53.1509 85.0592 30.2
      vertex -56.087 83.1525 2
      vertex -53.1509 85.0592 2
    endloop
  endfacet
  facet normal 0.515054 -0.857158 0
    outer loop
      vertex -53.1509 85.0592 2
      vertex -50.15 86.8624 30.2
      vertex -53.1509 85.0592 30.2
    endloop
  endfacet
  facet normal 0.515054 -0.857158 0
    outer loop
      vertex -50.15 86.8624 30.2
      vertex -53.1509 85.0592 2
      vertex -50.15 86.8624 2
    endloop
  endfacet
  facet normal 0.484789 -0.874631 0
    outer loop
      vertex -50.15 86.8624 2
      vertex -47.088 88.5596 30.2
      vertex -50.15 86.8624 30.2
    endloop
  endfacet
  facet normal 0.484789 -0.874631 0
    outer loop
      vertex -47.088 88.5596 30.2
      vertex -50.15 86.8624 2
      vertex -47.088 88.5596 2
    endloop
  endfacet
  facet normal 0.453987 -0.891008 0
    outer loop
      vertex -47.088 88.5596 2
      vertex -43.9686 90.149 30.2
      vertex -47.088 88.5596 30.2
    endloop
  endfacet
  facet normal 0.453987 -0.891008 0
    outer loop
      vertex -43.9686 90.149 30.2
      vertex -47.088 88.5596 2
      vertex -43.9686 90.149 2
    endloop
  endfacet
  facet normal 0.422631 -0.906302 0
    outer loop
      vertex -43.9686 90.149 2
      vertex -40.7957 91.6286 30.2
      vertex -43.9686 90.149 30.2
    endloop
  endfacet
  facet normal 0.422631 -0.906302 0
    outer loop
      vertex -40.7957 91.6286 30.2
      vertex -43.9686 90.149 2
      vertex -40.7957 91.6286 2
    endloop
  endfacet
  facet normal 0.390718 -0.920511 0
    outer loop
      vertex -40.7957 91.6286 2
      vertex -37.573 92.9965 30.2
      vertex -40.7957 91.6286 30.2
    endloop
  endfacet
  facet normal 0.390718 -0.920511 0
    outer loop
      vertex -37.573 92.9965 30.2
      vertex -40.7957 91.6286 2
      vertex -37.573 92.9965 2
    endloop
  endfacet
  facet normal 0.358388 -0.933573 0
    outer loop
      vertex -37.573 92.9965 2
      vertex -34.3046 94.2512 30.2
      vertex -37.573 92.9965 30.2
    endloop
  endfacet
  facet normal 0.358388 -0.933573 0
    outer loop
      vertex -34.3046 94.2512 30.2
      vertex -37.573 92.9965 2
      vertex -34.3046 94.2512 2
    endloop
  endfacet
  facet normal 0.32557 -0.945518 0
    outer loop
      vertex -34.3046 94.2512 2
      vertex -30.9944 95.391 30.2
      vertex -34.3046 94.2512 30.2
    endloop
  endfacet
  facet normal 0.32557 -0.945518 0
    outer loop
      vertex -30.9944 95.391 30.2
      vertex -34.3046 94.2512 2
      vertex -30.9944 95.391 2
    endloop
  endfacet
  facet normal 0.292375 -0.956304 0
    outer loop
      vertex -30.9944 95.391 2
      vertex -27.6464 96.4146 30.2
      vertex -30.9944 95.391 30.2
    endloop
  endfacet
  facet normal 0.292375 -0.956304 0
    outer loop
      vertex -27.6464 96.4146 30.2
      vertex -30.9944 95.391 2
      vertex -27.6464 96.4146 2
    endloop
  endfacet
  facet normal 0.25882 -0.965926 0
    outer loop
      vertex -27.6464 96.4146 2
      vertex -24.2648 97.3207 30.2
      vertex -27.6464 96.4146 30.2
    endloop
  endfacet
  facet normal 0.25882 -0.965926 0
    outer loop
      vertex -24.2648 97.3207 30.2
      vertex -27.6464 96.4146 2
      vertex -24.2648 97.3207 2
    endloop
  endfacet
  facet normal 0.224935 -0.974374 0
    outer loop
      vertex -24.2648 97.3207 2
      vertex -20.8535 98.1082 30.2
      vertex -24.2648 97.3207 30.2
    endloop
  endfacet
  facet normal 0.224935 -0.974374 0
    outer loop
      vertex -20.8535 98.1082 30.2
      vertex -24.2648 97.3207 2
      vertex -20.8535 98.1082 2
    endloop
  endfacet
  facet normal 0.190807 -0.981628 0
    outer loop
      vertex -20.8535 98.1082 2
      vertex -17.4169 98.7762 30.2
      vertex -20.8535 98.1082 30.2
    endloop
  endfacet
  facet normal 0.190807 -0.981628 0
    outer loop
      vertex -17.4169 98.7762 30.2
      vertex -20.8535 98.1082 2
      vertex -17.4169 98.7762 2
    endloop
  endfacet
  facet normal 0.156445 -0.987687 0
    outer loop
      vertex -17.4169 98.7762 2
      vertex -13.9591 99.3239 30.2
      vertex -17.4169 98.7762 30.2
    endloop
  endfacet
  facet normal 0.156445 -0.987687 0
    outer loop
      vertex -13.9591 99.3239 30.2
      vertex -17.4169 98.7762 2
      vertex -13.9591 99.3239 2
    endloop
  endfacet
  facet normal 0.121851 -0.992548 0
    outer loop
      vertex -13.9591 99.3239 2
      vertex -10.4842 99.7505 30.2
      vertex -13.9591 99.3239 30.2
    endloop
  endfacet
  facet normal 0.121851 -0.992548 0
    outer loop
      vertex -10.4842 99.7505 30.2
      vertex -13.9591 99.3239 2
      vertex -10.4842 99.7505 2
    endloop
  endfacet
  facet normal 0.0871656 -0.996194 0
    outer loop
      vertex -10.4842 99.7505 30.2
      vertex -8.58817 99.9164 8.2
      vertex -8.58817 99.9164 30.2
    endloop
  endfacet
  facet normal 0.0871656 -0.996194 0
    outer loop
      vertex -10.4842 99.7505 2
      vertex -8.58817 99.9164 8.2
      vertex -10.4842 99.7505 30.2
    endloop
  endfacet
  facet normal 0.0872612 -0.996185 -2.94548e-05
    outer loop
      vertex -6.99657 100.056 2
      vertex -8.58817 99.9164 8.2
      vertex -10.4842 99.7505 2
    endloop
  endfacet
  facet normal 0.087375 -0.996175 0
    outer loop
      vertex -8.58817 99.9164 8.2
      vertex -6.99657 100.056 2
      vertex -6.99657 100.056 8.2
    endloop
  endfacet
  facet normal 0 -1 0
    outer loop
      vertex -6.99657 100.056 8.2
      vertex -6.99657 100.056 2
      vertex -6.99432 100.056 8.2
    endloop
  endfacet
  facet normal 0.0523053 -0.998631 -7.88438e-05
    outer loop
      vertex -6.99432 100.056 30.2
      vertex -5.27631 100.146 30
      vertex -3.50042 100.239 30.2
    endloop
  endfacet
  facet normal 0.0522068 -0.998636 -0.000927417
    outer loop
      vertex -6.99432 100.056 30.2
      vertex -6.95979 100.058 29.9902
      vertex -5.27631 100.146 30
    endloop
  endfacet
  facet normal 0.0578237 -0.998327 0
    outer loop
      vertex -6.99432 100.056 30.2
      vertex -6.99432 100.056 29.99
      vertex -6.95979 100.058 29.9902
    endloop
  endfacet
  facet normal -0 0 0
    outer loop
      vertex -6.99432 100.056 29.99
      vertex -6.99432 100.056 30.2
      vertex -6.99432 100.056 28.6955
    endloop
  endfacet
  facet normal 0.0522933 -0.998632 2.79236e-05
    outer loop
      vertex -6.99432 100.056 28.6955
      vertex -3.50042 100.239 30.2
      vertex -5.27631 100.146 30
    endloop
  endfacet
  facet normal 0.0523053 -0.998631 0
    outer loop
      vertex -6.99432 100.056 8.2
      vertex -3.50042 100.239 30.2
      vertex -6.99432 100.056 28.6955
    endloop
  endfacet
  facet normal 0.0522717 -0.998633 -1.89696e-05
    outer loop
      vertex -3.50042 100.239 2
      vertex -6.99432 100.056 8.2
      vertex -6.99657 100.056 2
    endloop
  endfacet
  facet normal 0.0523053 -0.998631 0
    outer loop
      vertex -6.99432 100.056 8.2
      vertex -3.50042 100.239 2
      vertex -3.50042 100.239 30.2
    endloop
  endfacet
  facet normal -0 0 0
    outer loop
      vertex -6.99432 100.056 28.6955
      vertex -6.99432 100.056 30.2
      vertex -6.99432 100.056 8.2
    endloop
  endfacet
  facet normal 0.0177136 -0.999838 0.00306973
    outer loop
      vertex -3.50042 100.239 30.2
      vertex -2.33281 100.259 29.9766
      vertex -0.982191 100.283 30
    endloop
  endfacet
  facet normal 0.0172875 -0.99985 0.000842017
    outer loop
      vertex -2.33281 100.259 29.9766
      vertex -3.50042 100.239 30.2
      vertex -3.14366 100.245 30
    endloop
  endfacet
  facet normal 0.0164024 -0.999865 -0.000737332
    outer loop
      vertex -3.50042 100.239 30.2
      vertex -3.03945 100.247 29.6061
      vertex -3.14366 100.245 30
    endloop
  endfacet
  facet normal 0.0174666 -0.999847 8.88707e-05
    outer loop
      vertex -3.50042 100.239 30.2
      vertex -2.45579 100.257 27.4
      vertex -3.03945 100.247 29.6061
    endloop
  endfacet
  facet normal 0.0182991 -0.999833 -4.40475e-05
    outer loop
      vertex -2.45579 100.257 27.4
      vertex -3.50042 100.239 2
      vertex -2.12796 100.263 27.4
    endloop
  endfacet
  facet normal 0.0172284 -0.999852 0
    outer loop
      vertex -3.50042 100.239 2
      vertex -2.45579 100.257 27.4
      vertex -3.50042 100.239 30.2
    endloop
  endfacet
  facet normal 0.0174238 -0.999848 -0.000580572
    outer loop
      vertex -3.50042 100.239 30.2
      vertex -0.982191 100.283 30
      vertex 0 100.3 30.2
    endloop
  endfacet
  facet normal 0.0172911 -0.99985 7.12924e-05
    outer loop
      vertex -2.12796 100.263 27.4
      vertex 0 100.3 30.2
      vertex -0.982191 100.283 30
    endloop
  endfacet
  facet normal 0.0174238 -0.999848 3.26143e-06
    outer loop
      vertex 0 100.3 2
      vertex -2.12796 100.263 27.4
      vertex -3.50042 100.239 2
    endloop
  endfacet
  facet normal 0.0173849 -0.999849 0
    outer loop
      vertex -2.12796 100.263 27.4
      vertex 0 100.3 2
      vertex 0 100.3 30.2
    endloop
  endfacet
  facet normal -0.0177146 -0.999842 0.00160412
    outer loop
      vertex 3.50042 100.239 30.2
      vertex 2.408 100.258 29.9788
      vertex 3.14366 100.245 30
    endloop
  endfacet
  facet normal -0.0126038 -0.999642 -0.0236191
    outer loop
      vertex 3.50042 100.239 30.2
      vertex 2.33281 100.259 29.9766
      vertex 2.408 100.258 29.9788
    endloop
  endfacet
  facet normal -0.0174238 -0.999848 -0.000580572
    outer loop
      vertex 0 100.3 30.2
      vertex 0.982191 100.283 30
      vertex 3.50042 100.239 30.2
    endloop
  endfacet
  facet normal -0.0172911 -0.99985 7.12924e-05
    outer loop
      vertex 0 100.3 30.2
      vertex 2.12796 100.263 27.4
      vertex 0.982191 100.283 30
    endloop
  endfacet
  facet normal -0.0174238 -0.999848 3.26143e-06
    outer loop
      vertex 3.50042 100.239 2
      vertex 2.12796 100.263 27.4
      vertex 0 100.3 2
    endloop
  endfacet
  facet normal -0.0173849 -0.999849 0
    outer loop
      vertex 0 100.3 2
      vertex 2.12796 100.263 27.4
      vertex 0 100.3 30.2
    endloop
  endfacet
  facet normal -0.0177136 -0.999838 0.00306973
    outer loop
      vertex 2.33281 100.259 29.9766
      vertex 3.50042 100.239 30.2
      vertex 0.982191 100.283 30
    endloop
  endfacet
  facet normal -0.0166096 -0.999862 -0.000367674
    outer loop
      vertex 2.47706 100.257 27.4804
      vertex 3.50042 100.239 30.2
      vertex 3.14366 100.245 30
    endloop
  endfacet
  facet normal -0.0591223 -0.998128 0.0156409
    outer loop
      vertex 2.45579 100.257 27.4
      vertex 3.50042 100.239 30.2
      vertex 2.47706 100.257 27.4804
    endloop
  endfacet
  facet normal -0.0182991 -0.999833 -4.40475e-05
    outer loop
      vertex 2.12796 100.263 27.4
      vertex 3.50042 100.239 2
      vertex 2.45579 100.257 27.4
    endloop
  endfacet
  facet normal -0.0172284 -0.999852 0
    outer loop
      vertex 2.45579 100.257 27.4
      vertex 3.50042 100.239 2
      vertex 3.50042 100.239 30.2
    endloop
  endfacet
  facet normal -0.0523053 -0.998631 -7.88438e-05
    outer loop
      vertex 3.50042 100.239 30.2
      vertex 5.27631 100.146 30
      vertex 6.99432 100.056 30.2
    endloop
  endfacet
  facet normal -0.0523235 -0.99863 -0.000240853
    outer loop
      vertex 3.50042 100.239 30.2
      vertex 6.00411 100.108 29.4474
      vertex 5.27631 100.146 30
    endloop
  endfacet
  facet normal -0.0521264 -0.99864 0.000416538
    outer loop
      vertex 3.50042 100.239 30.2
      vertex 6.99432 100.056 28.6955
      vertex 6.00411 100.108 29.4474
    endloop
  endfacet
  facet normal -0.0523053 -0.998631 0
    outer loop
      vertex 3.50042 100.239 30.2
      vertex 6.99432 100.056 8.2
      vertex 6.99432 100.056 28.6955
    endloop
  endfacet
  facet normal -0.0523053 -0.998631 0
    outer loop
      vertex 3.50042 100.239 2
      vertex 6.99432 100.056 8.2
      vertex 3.50042 100.239 30.2
    endloop
  endfacet
  facet normal -0.0522717 -0.998633 -1.89696e-05
    outer loop
      vertex 6.99657 100.056 2
      vertex 6.99432 100.056 8.2
      vertex 3.50042 100.239 2
    endloop
  endfacet
  facet normal 0 -1 0
    outer loop
      vertex 6.99432 100.056 8.2
      vertex 6.99657 100.056 2
      vertex 6.99657 100.056 8.2
    endloop
  endfacet
  facet normal -0.0523145 -0.998631 0
    outer loop
      vertex 6.99432 100.056 29.99
      vertex 6.99432 100.056 30.2
      vertex 5.27631 100.146 30
    endloop
  endfacet
  facet normal 0 0 0
    outer loop
      vertex 6.99432 100.056 30.2
      vertex 6.99432 100.056 29.99
      vertex 6.99432 100.056 28.6955
    endloop
  endfacet
  facet normal 0 -0 0
    outer loop
      vertex 6.99432 100.056 28.6955
      vertex 6.99432 100.056 8.2
      vertex 6.99432 100.056 30.2
    endloop
  endfacet
  facet normal -0.087375 -0.996175 -0
    outer loop
      vertex 6.99657 100.056 8.2
      vertex 6.99657 100.056 2
      vertex 8.58817 99.9164 8.2
    endloop
  endfacet
  facet normal -0.0871656 -0.996194 0
    outer loop
      vertex 8.58817 99.9164 8.2
      vertex 10.4842 99.7505 30.2
      vertex 8.58817 99.9164 30.2
    endloop
  endfacet
  facet normal -0.0871656 -0.996194 0
    outer loop
      vertex 8.58817 99.9164 8.2
      vertex 10.4842 99.7505 2
      vertex 10.4842 99.7505 30.2
    endloop
  endfacet
  facet normal -0.0872612 -0.996185 -2.94548e-05
    outer loop
      vertex 10.4842 99.7505 2
      vertex 8.58817 99.9164 8.2
      vertex 6.99657 100.056 2
    endloop
  endfacet
  facet normal -0.121851 -0.992548 0
    outer loop
      vertex 10.4842 99.7505 2
      vertex 13.9591 99.3239 30.2
      vertex 10.4842 99.7505 30.2
    endloop
  endfacet
  facet normal -0.121851 -0.992548 -0
    outer loop
      vertex 13.9591 99.3239 30.2
      vertex 10.4842 99.7505 2
      vertex 13.9591 99.3239 2
    endloop
  endfacet
  facet normal -0.156445 -0.987687 0
    outer loop
      vertex 13.9591 99.3239 2
      vertex 17.4169 98.7762 30.2
      vertex 13.9591 99.3239 30.2
    endloop
  endfacet
  facet normal -0.156445 -0.987687 -0
    outer loop
      vertex 17.4169 98.7762 30.2
      vertex 13.9591 99.3239 2
      vertex 17.4169 98.7762 2
    endloop
  endfacet
  facet normal -0.190807 -0.981628 0
    outer loop
      vertex 17.4169 98.7762 2
      vertex 20.8535 98.1082 30.2
      vertex 17.4169 98.7762 30.2
    endloop
  endfacet
  facet normal -0.190807 -0.981628 -0
    outer loop
      vertex 20.8535 98.1082 30.2
      vertex 17.4169 98.7762 2
      vertex 20.8535 98.1082 2
    endloop
  endfacet
  facet normal -0.224935 -0.974374 0
    outer loop
      vertex 20.8535 98.1082 2
      vertex 24.2648 97.3207 30.2
      vertex 20.8535 98.1082 30.2
    endloop
  endfacet
  facet normal -0.224935 -0.974374 -0
    outer loop
      vertex 24.2648 97.3207 30.2
      vertex 20.8535 98.1082 2
      vertex 24.2648 97.3207 2
    endloop
  endfacet
  facet normal -0.25882 -0.965926 0
    outer loop
      vertex 24.2648 97.3207 2
      vertex 27.6464 96.4146 30.2
      vertex 24.2648 97.3207 30.2
    endloop
  endfacet
  facet normal -0.25882 -0.965926 -0
    outer loop
      vertex 27.6464 96.4146 30.2
      vertex 24.2648 97.3207 2
      vertex 27.6464 96.4146 2
    endloop
  endfacet
  facet normal -0.292375 -0.956304 0
    outer loop
      vertex 27.6464 96.4146 2
      vertex 30.9944 95.391 30.2
      vertex 27.6464 96.4146 30.2
    endloop
  endfacet
  facet normal -0.292375 -0.956304 -0
    outer loop
      vertex 30.9944 95.391 30.2
      vertex 27.6464 96.4146 2
      vertex 30.9944 95.391 2
    endloop
  endfacet
  facet normal -0.32557 -0.945518 0
    outer loop
      vertex 30.9944 95.391 2
      vertex 34.3046 94.2512 30.2
      vertex 30.9944 95.391 30.2
    endloop
  endfacet
  facet normal -0.32557 -0.945518 -0
    outer loop
      vertex 34.3046 94.2512 30.2
      vertex 30.9944 95.391 2
      vertex 34.3046 94.2512 2
    endloop
  endfacet
  facet normal -0.358388 -0.933573 0
    outer loop
      vertex 34.3046 94.2512 2
      vertex 37.573 92.9965 30.2
      vertex 34.3046 94.2512 30.2
    endloop
  endfacet
  facet normal -0.358388 -0.933573 -0
    outer loop
      vertex 37.573 92.9965 30.2
      vertex 34.3046 94.2512 2
      vertex 37.573 92.9965 2
    endloop
  endfacet
  facet normal -0.390718 -0.920511 0
    outer loop
      vertex 37.573 92.9965 2
      vertex 40.7957 91.6286 30.2
      vertex 37.573 92.9965 30.2
    endloop
  endfacet
  facet normal -0.390718 -0.920511 -0
    outer loop
      vertex 40.7957 91.6286 30.2
      vertex 37.573 92.9965 2
      vertex 40.7957 91.6286 2
    endloop
  endfacet
  facet normal -0.422631 -0.906302 0
    outer loop
      vertex 40.7957 91.6286 2
      vertex 43.9686 90.149 30.2
      vertex 40.7957 91.6286 30.2
    endloop
  endfacet
  facet normal -0.422631 -0.906302 -0
    outer loop
      vertex 43.9686 90.149 30.2
      vertex 40.7957 91.6286 2
      vertex 43.9686 90.149 2
    endloop
  endfacet
  facet normal -0.453987 -0.891008 0
    outer loop
      vertex 43.9686 90.149 2
      vertex 47.088 88.5596 30.2
      vertex 43.9686 90.149 30.2
    endloop
  endfacet
  facet normal -0.453987 -0.891008 -0
    outer loop
      vertex 47.088 88.5596 30.2
      vertex 43.9686 90.149 2
      vertex 47.088 88.5596 2
    endloop
  endfacet
  facet normal -0.484789 -0.874631 0
    outer loop
      vertex 47.088 88.5596 2
      vertex 50.15 86.8624 30.2
      vertex 47.088 88.5596 30.2
    endloop
  endfacet
  facet normal -0.484789 -0.874631 -0
    outer loop
      vertex 50.15 86.8624 30.2
      vertex 47.088 88.5596 2
      vertex 50.15 86.8624 2
    endloop
  endfacet
  facet normal -0.515054 -0.857158 0
    outer loop
      vertex 50.15 86.8624 2
      vertex 53.1509 85.0592 30.2
      vertex 50.15 86.8624 30.2
    endloop
  endfacet
  facet normal -0.515054 -0.857158 -0
    outer loop
      vertex 53.1509 85.0592 30.2
      vertex 50.15 86.8624 2
      vertex 53.1509 85.0592 2
    endloop
  endfacet
  facet normal -0.544634 -0.838674 0
    outer loop
      vertex 53.1509 85.0592 2
      vertex 56.087 83.1525 30.2
      vertex 53.1509 85.0592 30.2
    endloop
  endfacet
  facet normal -0.544634 -0.838674 -0
    outer loop
      vertex 56.087 83.1525 30.2
      vertex 53.1509 85.0592 2
      vertex 56.087 83.1525 2
    endloop
  endfacet
  facet normal -0.573572 -0.819155 0
    outer loop
      vertex 56.087 83.1525 2
      vertex 58.9549 81.1444 30.2
      vertex 56.087 83.1525 30.2
    endloop
  endfacet
  facet normal -0.573572 -0.819155 -0
    outer loop
      vertex 58.9549 81.1444 30.2
      vertex 56.087 83.1525 2
      vertex 58.9549 81.1444 2
    endloop
  endfacet
  facet normal -0.601822 -0.79863 0
    outer loop
      vertex 58.9549 81.1444 2
      vertex 61.7508 79.0375 30.2
      vertex 58.9549 81.1444 30.2
    endloop
  endfacet
  facet normal -0.601822 -0.79863 -0
    outer loop
      vertex 61.7508 79.0375 30.2
      vertex 58.9549 81.1444 2
      vertex 61.7508 79.0375 2
    endloop
  endfacet
  facet normal -0.62931 -0.777154 0
    outer loop
      vertex 61.7508 79.0375 2
      vertex 64.4716 76.8343 30.2
      vertex 61.7508 79.0375 30.2
    endloop
  endfacet
  facet normal -0.62931 -0.777154 -0
    outer loop
      vertex 64.4716 76.8343 30.2
      vertex 61.7508 79.0375 2
      vertex 64.4716 76.8343 2
    endloop
  endfacet
  facet normal -0.656071 -0.7547 0
    outer loop
      vertex 64.4716 76.8343 2
      vertex 67.1138 74.5374 30.2
      vertex 64.4716 76.8343 30.2
    endloop
  endfacet
  facet normal -0.656071 -0.7547 -0
    outer loop
      vertex 67.1138 74.5374 30.2
      vertex 64.4716 76.8343 2
      vertex 67.1138 74.5374 2
    endloop
  endfacet
  facet normal -0.681997 -0.731355 0
    outer loop
      vertex 67.1138 74.5374 2
      vertex 69.6742 72.1498 30.2
      vertex 67.1138 74.5374 30.2
    endloop
  endfacet
  facet normal -0.681997 -0.731355 -0
    outer loop
      vertex 69.6742 72.1498 30.2
      vertex 67.1138 74.5374 2
      vertex 69.6742 72.1498 2
    endloop
  endfacet
  facet normal -0.707107 -0.707107 0
    outer loop
      vertex 72.1498 69.6742 2
      vertex 69.6742 72.1498 30.2
      vertex 69.6742 72.1498 2
    endloop
  endfacet
  facet normal -0.707107 -0.707107 0
    outer loop
      vertex 69.6742 72.1498 30.2
      vertex 72.1498 69.6742 2
      vertex 72.1498 69.6742 30.2
    endloop
  endfacet
  facet normal -0.731355 -0.681997 0
    outer loop
      vertex 74.5374 67.1138 2
      vertex 72.1498 69.6742 30.2
      vertex 72.1498 69.6742 2
    endloop
  endfacet
  facet normal -0.731355 -0.681997 0
    outer loop
      vertex 72.1498 69.6742 30.2
      vertex 74.5374 67.1138 2
      vertex 74.5374 67.1138 30.2
    endloop
  endfacet
  facet normal -0.7547 -0.656071 0
    outer loop
      vertex 76.8343 64.4716 2
      vertex 74.5374 67.1138 30.2
      vertex 74.5374 67.1138 2
    endloop
  endfacet
  facet normal -0.7547 -0.656071 0
    outer loop
      vertex 74.5374 67.1138 30.2
      vertex 76.8343 64.4716 2
      vertex 76.8343 64.4716 30.2
    endloop
  endfacet
  facet normal -0.777154 -0.62931 0
    outer loop
      vertex 79.0375 61.7508 2
      vertex 76.8343 64.4716 30.2
      vertex 76.8343 64.4716 2
    endloop
  endfacet
  facet normal -0.777154 -0.62931 0
    outer loop
      vertex 76.8343 64.4716 30.2
      vertex 79.0375 61.7508 2
      vertex 79.0375 61.7508 30.2
    endloop
  endfacet
  facet normal -0.79863 -0.601822 0
    outer loop
      vertex 81.1444 58.9549 2
      vertex 79.0375 61.7508 30.2
      vertex 79.0375 61.7508 2
    endloop
  endfacet
  facet normal -0.79863 -0.601822 0
    outer loop
      vertex 79.0375 61.7508 30.2
      vertex 81.1444 58.9549 2
      vertex 81.1444 58.9549 30.2
    endloop
  endfacet
  facet normal -0.819155 -0.573572 0
    outer loop
      vertex 83.1525 56.087 2
      vertex 81.1444 58.9549 30.2
      vertex 81.1444 58.9549 2
    endloop
  endfacet
  facet normal -0.819155 -0.573572 0
    outer loop
      vertex 81.1444 58.9549 30.2
      vertex 83.1525 56.087 2
      vertex 83.1525 56.087 30.2
    endloop
  endfacet
  facet normal -0.838674 -0.544634 0
    outer loop
      vertex 85.0592 53.1509 2
      vertex 83.1525 56.087 30.2
      vertex 83.1525 56.087 2
    endloop
  endfacet
  facet normal -0.838674 -0.544634 0
    outer loop
      vertex 83.1525 56.087 30.2
      vertex 85.0592 53.1509 2
      vertex 85.0592 53.1509 30.2
    endloop
  endfacet
  facet normal -0.857158 -0.515054 0
    outer loop
      vertex 86.8624 50.15 2
      vertex 85.0592 53.1509 30.2
      vertex 85.0592 53.1509 2
    endloop
  endfacet
  facet normal -0.857158 -0.515054 0
    outer loop
      vertex 85.0592 53.1509 30.2
      vertex 86.8624 50.15 2
      vertex 86.8624 50.15 30.2
    endloop
  endfacet
  facet normal -0.874631 -0.484789 0
    outer loop
      vertex 88.5596 47.088 2
      vertex 86.8624 50.15 30.2
      vertex 86.8624 50.15 2
    endloop
  endfacet
  facet normal -0.874631 -0.484789 0
    outer loop
      vertex 86.8624 50.15 30.2
      vertex 88.5596 47.088 2
      vertex 88.5596 47.088 30.2
    endloop
  endfacet
  facet normal -0.891008 -0.453987 0
    outer loop
      vertex 90.149 43.9686 2
      vertex 88.5596 47.088 30.2
      vertex 88.5596 47.088 2
    endloop
  endfacet
  facet normal -0.891008 -0.453987 0
    outer loop
      vertex 88.5596 47.088 30.2
      vertex 90.149 43.9686 2
      vertex 90.149 43.9686 30.2
    endloop
  endfacet
  facet normal -0.906302 -0.422631 0
    outer loop
      vertex 91.6286 40.7957 2
      vertex 90.149 43.9686 30.2
      vertex 90.149 43.9686 2
    endloop
  endfacet
  facet normal -0.906302 -0.422631 0
    outer loop
      vertex 90.149 43.9686 30.2
      vertex 91.6286 40.7957 2
      vertex 91.6286 40.7957 30.2
    endloop
  endfacet
  facet normal -0.920511 -0.390718 0
    outer loop
      vertex 92.9965 37.573 2
      vertex 91.6286 40.7957 30.2
      vertex 91.6286 40.7957 2
    endloop
  endfacet
  facet normal -0.920511 -0.390718 0
    outer loop
      vertex 91.6286 40.7957 30.2
      vertex 92.9965 37.573 2
      vertex 92.9965 37.573 30.2
    endloop
  endfacet
  facet normal -0.933573 -0.358388 0
    outer loop
      vertex 94.2512 34.3046 2
      vertex 92.9965 37.573 30.2
      vertex 92.9965 37.573 2
    endloop
  endfacet
  facet normal -0.933573 -0.358388 0
    outer loop
      vertex 92.9965 37.573 30.2
      vertex 94.2512 34.3046 2
      vertex 94.2512 34.3046 30.2
    endloop
  endfacet
  facet normal -0.945518 -0.32557 0
    outer loop
      vertex 95.391 30.9944 2
      vertex 94.2512 34.3046 30.2
      vertex 94.2512 34.3046 2
    endloop
  endfacet
  facet normal -0.945518 -0.32557 0
    outer loop
      vertex 94.2512 34.3046 30.2
      vertex 95.391 30.9944 2
      vertex 95.391 30.9944 30.2
    endloop
  endfacet
  facet normal -0.956304 -0.292375 0
    outer loop
      vertex 96.4146 27.6464 2
      vertex 95.391 30.9944 30.2
      vertex 95.391 30.9944 2
    endloop
  endfacet
  facet normal -0.956304 -0.292375 0
    outer loop
      vertex 95.391 30.9944 30.2
      vertex 96.4146 27.6464 2
      vertex 96.4146 27.6464 30.2
    endloop
  endfacet
  facet normal -0.965926 -0.25882 0
    outer loop
      vertex 97.3207 24.2648 2
      vertex 96.4146 27.6464 30.2
      vertex 96.4146 27.6464 2
    endloop
  endfacet
  facet normal -0.965926 -0.25882 0
    outer loop
      vertex 96.4146 27.6464 30.2
      vertex 97.3207 24.2648 2
      vertex 97.3207 24.2648 30.2
    endloop
  endfacet
  facet normal -0.974374 -0.224935 0
    outer loop
      vertex 98.1082 20.8535 2
      vertex 97.3207 24.2648 30.2
      vertex 97.3207 24.2648 2
    endloop
  endfacet
  facet normal -0.974374 -0.224935 0
    outer loop
      vertex 97.3207 24.2648 30.2
      vertex 98.1082 20.8535 2
      vertex 98.1082 20.8535 30.2
    endloop
  endfacet
  facet normal -0.981628 -0.190807 0
    outer loop
      vertex 98.7762 17.4169 2
      vertex 98.1082 20.8535 30.2
      vertex 98.1082 20.8535 2
    endloop
  endfacet
  facet normal -0.981628 -0.190807 0
    outer loop
      vertex 98.1082 20.8535 30.2
      vertex 98.7762 17.4169 2
      vertex 98.7762 17.4169 30.2
    endloop
  endfacet
  facet normal -0.987687 -0.156445 0
    outer loop
      vertex 99.3239 13.9591 2
      vertex 98.7762 17.4169 30.2
      vertex 98.7762 17.4169 2
    endloop
  endfacet
  facet normal -0.987687 -0.156445 0
    outer loop
      vertex 98.7762 17.4169 30.2
      vertex 99.3239 13.9591 2
      vertex 99.3239 13.9591 30.2
    endloop
  endfacet
  facet normal -0.992548 -0.121851 0
    outer loop
      vertex 99.7505 10.4842 2
      vertex 99.3239 13.9591 30.2
      vertex 99.3239 13.9591 2
    endloop
  endfacet
  facet normal -0.992548 -0.121851 0
    outer loop
      vertex 99.3239 13.9591 30.2
      vertex 99.7505 10.4842 2
      vertex 99.7505 10.4842 30.2
    endloop
  endfacet
  facet normal -0.996185 -0.0872612 0
    outer loop
      vertex 100.056 6.99657 2
      vertex 99.7505 10.4842 30.2
      vertex 99.7505 10.4842 2
    endloop
  endfacet
  facet normal -0.996185 -0.0872612 0
    outer loop
      vertex 99.7505 10.4842 30.2
      vertex 100.056 6.99657 2
      vertex 100.056 6.99657 30.2
    endloop
  endfacet
  facet normal -0.998633 -0.0522717 0
    outer loop
      vertex 100.239 3.50042 2
      vertex 100.056 6.99657 30.2
      vertex 100.056 6.99657 2
    endloop
  endfacet
  facet normal -0.998633 -0.0522717 0
    outer loop
      vertex 100.056 6.99657 30.2
      vertex 100.239 3.50042 2
      vertex 100.239 3.50042 30.2
    endloop
  endfacet
  facet normal -0.999848 -0.0174238 0
    outer loop
      vertex 100.3 0 2
      vertex 100.239 3.50042 30.2
      vertex 100.239 3.50042 2
    endloop
  endfacet
  facet normal -0.999848 -0.0174238 0
    outer loop
      vertex 100.239 3.50042 30.2
      vertex 100.3 0 2
      vertex 100.3 0 30.2
    endloop
  endfacet
  facet normal -0.999848 0.0174238 0
    outer loop
      vertex 100.239 -3.50042 2
      vertex 100.3 0 30.2
      vertex 100.3 0 2
    endloop
  endfacet
  facet normal -0.999848 0.0174238 0
    outer loop
      vertex 100.3 0 30.2
      vertex 100.239 -3.50042 2
      vertex 100.239 -3.50042 30.2
    endloop
  endfacet
  facet normal -0.998633 0.0522717 0
    outer loop
      vertex 100.056 -6.99657 2
      vertex 100.239 -3.50042 30.2
      vertex 100.239 -3.50042 2
    endloop
  endfacet
  facet normal -0.998633 0.0522717 0
    outer loop
      vertex 100.239 -3.50042 30.2
      vertex 100.056 -6.99657 2
      vertex 100.056 -6.99657 30.2
    endloop
  endfacet
  facet normal -0.996185 0.0872612 0
    outer loop
      vertex 99.7505 -10.4842 2
      vertex 100.056 -6.99657 30.2
      vertex 100.056 -6.99657 2
    endloop
  endfacet
  facet normal -0.996185 0.0872612 0
    outer loop
      vertex 100.056 -6.99657 30.2
      vertex 99.7505 -10.4842 2
      vertex 99.7505 -10.4842 30.2
    endloop
  endfacet
  facet normal -0.992548 0.121851 0
    outer loop
      vertex 99.3239 -13.9591 2
      vertex 99.7505 -10.4842 30.2
      vertex 99.7505 -10.4842 2
    endloop
  endfacet
  facet normal -0.992548 0.121851 0
    outer loop
      vertex 99.7505 -10.4842 30.2
      vertex 99.3239 -13.9591 2
      vertex 99.3239 -13.9591 30.2
    endloop
  endfacet
  facet normal -0.987687 0.156445 0
    outer loop
      vertex 98.7762 -17.4169 2
      vertex 99.3239 -13.9591 30.2
      vertex 99.3239 -13.9591 2
    endloop
  endfacet
  facet normal -0.987687 0.156445 0
    outer loop
      vertex 99.3239 -13.9591 30.2
      vertex 98.7762 -17.4169 2
      vertex 98.7762 -17.4169 30.2
    endloop
  endfacet
  facet normal -0.981628 0.190807 0
    outer loop
      vertex 98.1082 -20.8535 2
      vertex 98.7762 -17.4169 30.2
      vertex 98.7762 -17.4169 2
    endloop
  endfacet
  facet normal -0.981628 0.190807 0
    outer loop
      vertex 98.7762 -17.4169 30.2
      vertex 98.1082 -20.8535 2
      vertex 98.1082 -20.8535 30.2
    endloop
  endfacet
  facet normal -0.974374 0.224935 0
    outer loop
      vertex 97.3207 -24.2648 2
      vertex 98.1082 -20.8535 30.2
      vertex 98.1082 -20.8535 2
    endloop
  endfacet
  facet normal -0.974374 0.224935 0
    outer loop
      vertex 98.1082 -20.8535 30.2
      vertex 97.3207 -24.2648 2
      vertex 97.3207 -24.2648 30.2
    endloop
  endfacet
  facet normal -0.965926 0.25882 0
    outer loop
      vertex 96.4146 -27.6464 2
      vertex 97.3207 -24.2648 30.2
      vertex 97.3207 -24.2648 2
    endloop
  endfacet
  facet normal -0.965926 0.25882 0
    outer loop
      vertex 97.3207 -24.2648 30.2
      vertex 96.4146 -27.6464 2
      vertex 96.4146 -27.6464 30.2
    endloop
  endfacet
  facet normal -0.956304 0.292375 0
    outer loop
      vertex 95.391 -30.9944 2
      vertex 96.4146 -27.6464 30.2
      vertex 96.4146 -27.6464 2
    endloop
  endfacet
  facet normal -0.956304 0.292375 0
    outer loop
      vertex 96.4146 -27.6464 30.2
      vertex 95.391 -30.9944 2
      vertex 95.391 -30.9944 30.2
    endloop
  endfacet
  facet normal -0.945518 0.32557 0
    outer loop
      vertex 94.2512 -34.3046 2
      vertex 95.391 -30.9944 30.2
      vertex 95.391 -30.9944 2
    endloop
  endfacet
  facet normal -0.945518 0.32557 0
    outer loop
      vertex 95.391 -30.9944 30.2
      vertex 94.2512 -34.3046 2
      vertex 94.2512 -34.3046 30.2
    endloop
  endfacet
  facet normal -0.933573 0.358388 0
    outer loop
      vertex 92.9965 -37.573 2
      vertex 94.2512 -34.3046 30.2
      vertex 94.2512 -34.3046 2
    endloop
  endfacet
  facet normal -0.933573 0.358388 0
    outer loop
      vertex 94.2512 -34.3046 30.2
      vertex 92.9965 -37.573 2
      vertex 92.9965 -37.573 30.2
    endloop
  endfacet
  facet normal -0.920511 0.390718 0
    outer loop
      vertex 91.6286 -40.7957 2
      vertex 92.9965 -37.573 30.2
      vertex 92.9965 -37.573 2
    endloop
  endfacet
  facet normal -0.920511 0.390718 0
    outer loop
      vertex 92.9965 -37.573 30.2
      vertex 91.6286 -40.7957 2
      vertex 91.6286 -40.7957 30.2
    endloop
  endfacet
  facet normal -0.906295 0.422647 0
    outer loop
      vertex 91.6286 -40.7957 2
      vertex 90.8242 -42.5206 8.2
      vertex 91.6286 -40.7957 30.2
    endloop
  endfacet
  facet normal -0.906302 0.422631 -5.46951e-06
    outer loop
      vertex 90.149 -43.9686 2
      vertex 90.8242 -42.5206 8.2
      vertex 91.6286 -40.7957 2
    endloop
  endfacet
  facet normal -0.906311 0.422611 0
    outer loop
      vertex 90.8242 -42.5206 8.2
      vertex 90.149 -43.9686 2
      vertex 90.149 -43.9686 8.2
    endloop
  endfacet
  facet normal -0.906295 0.422647 0
    outer loop
      vertex 91.6286 -40.7957 30.2
      vertex 90.8242 -42.5206 8.2
      vertex 90.8242 -42.5206 30.2
    endloop
  endfacet
  facet normal -0.894427 0.447214 0
    outer loop
      vertex 90.149 -43.9686 2
      vertex 90.148 -43.9706 8.2
      vertex 90.149 -43.9686 8.2
    endloop
  endfacet
  facet normal -0.891006 0.453992 0
    outer loop
      vertex 88.5596 -47.088 30.2
      vertex 90.148 -43.9706 28.6955
      vertex 90.148 -43.9706 8.2
    endloop
  endfacet
  facet normal -0.891008 0.453987 2.73656e-06
    outer loop
      vertex 88.5596 -47.088 2
      vertex 90.148 -43.9706 8.2
      vertex 90.149 -43.9686 2
    endloop
  endfacet
  facet normal -0.891006 0.453992 0
    outer loop
      vertex 88.5596 -47.088 30.2
      vertex 90.148 -43.9706 8.2
      vertex 88.5596 -47.088 2
    endloop
  endfacet
  facet normal -0.890929 0.454142 0
    outer loop
      vertex 90.1323 -44.0014 29.9902
      vertex 90.148 -43.9706 30.2
      vertex 90.148 -43.9706 29.99
    endloop
  endfacet
  facet normal -0.89102 0.453963 3.31334e-05
    outer loop
      vertex 89.367 -45.5035 30
      vertex 90.148 -43.9706 30.2
      vertex 90.1323 -44.0014 29.9902
    endloop
  endfacet
  facet normal -0.891006 0.453992 -0.000241458
    outer loop
      vertex 89.367 -45.5035 30
      vertex 88.5596 -47.088 30.2
      vertex 90.148 -43.9706 30.2
    endloop
  endfacet
  facet normal -0.890989 0.454024 8.55155e-05
    outer loop
      vertex 90.148 -43.9706 28.6955
      vertex 88.5596 -47.088 30.2
      vertex 89.367 -45.5035 30
    endloop
  endfacet
  facet normal -0.874631 0.484789 0
    outer loop
      vertex 88.0531 -48.0018 27.4
      vertex 88.5596 -47.088 30.2
      vertex 88.5596 -47.088 2
    endloop
  endfacet
  facet normal -0.874831 0.484427 0.000343112
    outer loop
      vertex 88.5596 -47.088 30.2
      vertex 88.3361 -47.4912 29.6061
      vertex 88.3867 -47.4001 30
    endloop
  endfacet
  facet normal -0.874605 0.484837 -2.014e-05
    outer loop
      vertex 88.5596 -47.088 30.2
      vertex 88.0531 -48.0018 27.4
      vertex 88.3361 -47.4912 29.6061
    endloop
  endfacet
  facet normal -0.874718 0.484633 -7.37025e-06
    outer loop
      vertex 88.5596 -47.088 2
      vertex 87.8942 -48.2886 27.4
      vertex 88.0531 -48.0018 27.4
    endloop
  endfacet
  facet normal -0.874631 0.484789 2.28872e-06
    outer loop
      vertex 86.8624 -50.15 2
      vertex 87.8942 -48.2886 27.4
      vertex 88.5596 -47.088 2
    endloop
  endfacet
  facet normal -0.874618 0.484813 0
    outer loop
      vertex 86.8624 -50.15 30.2
      vertex 87.8942 -48.2886 27.4
      vertex 86.8624 -50.15 2
    endloop
  endfacet
  facet normal -0.875349 0.48349 -0.00114914
    outer loop
      vertex 87.8942 -48.2886 27.4
      vertex 86.8624 -50.15 30.2
      vertex 87.8618 -48.3469 27.5513
    endloop
  endfacet
  facet normal -0.874597 0.48485 -0.000518362
    outer loop
      vertex 87.9935 -48.1094 29.9766
      vertex 88.5596 -47.088 30.2
      vertex 88.3867 -47.4001 30
    endloop
  endfacet
  facet normal -0.874417 0.485169 -0.00243281
    outer loop
      vertex 87.9556 -48.1777 29.978
      vertex 88.5596 -47.088 30.2
      vertex 87.9935 -48.1094 29.9766
    endloop
  endfacet
  facet normal -0.874621 0.484807 -0.000104858
    outer loop
      vertex 87.3386 -49.2908 30
      vertex 88.5596 -47.088 30.2
      vertex 87.9556 -48.1777 29.978
    endloop
  endfacet
  facet normal -0.874631 0.484789 0.000156874
    outer loop
      vertex 87.3386 -49.2908 30
      vertex 86.8624 -50.15 30.2
      vertex 88.5596 -47.088 30.2
    endloop
  endfacet
  facet normal -0.874649 0.484757 -2.20404e-05
    outer loop
      vertex 87.8618 -48.3469 27.5513
      vertex 86.8624 -50.15 30.2
      vertex 87.3386 -49.2908 30
    endloop
  endfacet
  facet normal -0.857157 0.515055 0
    outer loop
      vertex 85.7662 -51.9743 27.4
      vertex 86.8624 -50.15 30.2
      vertex 86.8624 -50.15 2
    endloop
  endfacet
  facet normal -0.857124 0.51511 -8.88164e-05
    outer loop
      vertex 86.8624 -50.15 30.2
      vertex 86.2192 -51.2204 29.3956
      vertex 86.3564 -50.992 30
    endloop
  endfacet
  facet normal -0.85715 0.515066 -9.68295e-06
    outer loop
      vertex 86.8624 -50.15 30.2
      vertex 85.7662 -51.9743 27.4
      vertex 86.2192 -51.2204 29.3956
    endloop
  endfacet
  facet normal -0.857158 0.515054 -9.91845e-08
    outer loop
      vertex 85.0592 -53.1509 2
      vertex 85.7662 -51.9743 27.4
      vertex 86.8624 -50.15 2
    endloop
  endfacet
  facet normal -0.85717 0.515034 1.19573e-06
    outer loop
      vertex 85.7662 -51.9743 27.4
      vertex 85.0592 -53.1509 2
      vertex 85.5973 -52.2554 27.4
    endloop
  endfacet
  facet normal -0.857155 0.515059 0
    outer loop
      vertex 85.0592 -53.1509 30.2
      vertex 85.5973 -52.2554 27.4
      vertex 85.0592 -53.1509 2
    endloop
  endfacet
  facet normal -0.855327 0.518088 0.0013201
    outer loop
      vertex 85.5973 -52.2554 27.4
      vertex 85.0592 -53.1509 30.2
      vertex 85.5864 -52.2736 27.4804
    endloop
  endfacet
  facet normal -0.857183 0.515011 0.000477388
    outer loop
      vertex 85.6607 -52.1499 29.9766
      vertex 86.8624 -50.15 30.2
      vertex 86.3564 -50.992 30
    endloop
  endfacet
  facet normal -0.856858 0.515544 0.00295163
    outer loop
      vertex 85.0592 -53.1509 30.2
      vertex 85.6607 -52.1499 29.9766
      vertex 85.6219 -52.2144 29.9788
    endloop
  endfacet
  facet normal -0.857211 0.514966 -0.000394301
    outer loop
      vertex 85.0592 -53.1509 30.2
      vertex 85.6219 -52.2144 29.9788
      vertex 85.243 -52.8451 30
    endloop
  endfacet
  facet normal -0.857158 0.515054 -4.87776e-05
    outer loop
      vertex 85.6607 -52.1499 29.9766
      vertex 85.0592 -53.1509 30.2
      vertex 86.8624 -50.15 30.2
    endloop
  endfacet
  facet normal -0.857086 0.515174 3.91583e-05
    outer loop
      vertex 85.5864 -52.2736 27.4804
      vertex 85.0592 -53.1509 30.2
      vertex 85.243 -52.8451 30
    endloop
  endfacet
  facet normal -0.838678 0.544628 0
    outer loop
      vertex 83.1537 -56.0852 8.2
      vertex 85.0592 -53.1509 30.2
      vertex 85.0592 -53.1509 2
    endloop
  endfacet
  facet normal -0.838678 0.544628 0
    outer loop
      vertex 83.1537 -56.0852 28.6954
      vertex 85.0592 -53.1509 30.2
      vertex 83.1537 -56.0852 8.2
    endloop
  endfacet
  facet normal -0.838677 0.54463 -1.25938e-05
    outer loop
      vertex 85.0592 -53.1509 30.2
      vertex 83.6938 -55.2535 29.4474
      vertex 84.0907 -54.6423 30
    endloop
  endfacet
  facet normal -0.838674 0.544634 4.20447e-06
    outer loop
      vertex 83.1525 -56.087 2
      vertex 83.1537 -56.0852 8.2
      vertex 85.0592 -53.1509 2
    endloop
  endfacet
  facet normal -0.83205 0.5547 0
    outer loop
      vertex 83.1537 -56.0852 8.2
      vertex 83.1525 -56.087 2
      vertex 83.1525 -56.087 8.2
    endloop
  endfacet
  facet normal -0.838679 0.544627 0
    outer loop
      vertex 83.1537 -56.0852 30.2
      vertex 84.0907 -54.6423 30
      vertex 83.1537 -56.0852 29.99
    endloop
  endfacet
  facet normal -0.838678 0.544628 9.78929e-06
    outer loop
      vertex 84.0907 -54.6423 30
      vertex 83.1537 -56.0852 30.2
      vertex 85.0592 -53.1509 30.2
    endloop
  endfacet
  facet normal -0.83868 0.544624 9.72823e-06
    outer loop
      vertex 85.0592 -53.1509 30.2
      vertex 83.1537 -56.0852 28.6954
      vertex 83.6938 -55.2535 29.4474
    endloop
  endfacet
  facet normal -0.819161 0.573563 0
    outer loop
      vertex 83.1525 -56.087 2
      vertex 82.2361 -57.3958 8.2
      vertex 83.1525 -56.087 8.2
    endloop
  endfacet
  facet normal -0.819155 0.573572 2.65911e-06
    outer loop
      vertex 81.1444 -58.9549 2
      vertex 82.2361 -57.3958 8.2
      vertex 83.1525 -56.087 2
    endloop
  endfacet
  facet normal -0.81915 0.573579 0
    outer loop
      vertex 81.1444 -58.9549 30.2
      vertex 82.2361 -57.3958 8.2
      vertex 81.1444 -58.9549 2
    endloop
  endfacet
  facet normal -0.81915 0.573579 0
    outer loop
      vertex 82.2361 -57.3958 8.2
      vertex 81.1444 -58.9549 30.2
      vertex 82.2361 -57.3958 30.2
    endloop
  endfacet
  facet normal -0.79863 0.601822 0
    outer loop
      vertex 79.0375 -61.7508 2
      vertex 81.1444 -58.9549 30.2
      vertex 81.1444 -58.9549 2
    endloop
  endfacet
  facet normal -0.79863 0.601822 0
    outer loop
      vertex 81.1444 -58.9549 30.2
      vertex 79.0375 -61.7508 2
      vertex 79.0375 -61.7508 30.2
    endloop
  endfacet
  facet normal -0.777154 0.62931 0
    outer loop
      vertex 76.8343 -64.4716 2
      vertex 79.0375 -61.7508 30.2
      vertex 79.0375 -61.7508 2
    endloop
  endfacet
  facet normal -0.777154 0.62931 0
    outer loop
      vertex 79.0375 -61.7508 30.2
      vertex 76.8343 -64.4716 2
      vertex 76.8343 -64.4716 30.2
    endloop
  endfacet
  facet normal -0.7547 0.656071 0
    outer loop
      vertex 74.5374 -67.1138 2
      vertex 76.8343 -64.4716 30.2
      vertex 76.8343 -64.4716 2
    endloop
  endfacet
  facet normal -0.7547 0.656071 0
    outer loop
      vertex 76.8343 -64.4716 30.2
      vertex 74.5374 -67.1138 2
      vertex 74.5374 -67.1138 30.2
    endloop
  endfacet
  facet normal -0.731355 0.681997 0
    outer loop
      vertex 72.1498 -69.6742 2
      vertex 74.5374 -67.1138 30.2
      vertex 74.5374 -67.1138 2
    endloop
  endfacet
  facet normal -0.731355 0.681997 0
    outer loop
      vertex 74.5374 -67.1138 30.2
      vertex 72.1498 -69.6742 2
      vertex 72.1498 -69.6742 30.2
    endloop
  endfacet
  facet normal -0.707107 0.707107 0
    outer loop
      vertex 69.6742 -72.1498 2
      vertex 72.1498 -69.6742 30.2
      vertex 72.1498 -69.6742 2
    endloop
  endfacet
  facet normal -0.707107 0.707107 0
    outer loop
      vertex 72.1498 -69.6742 30.2
      vertex 69.6742 -72.1498 2
      vertex 69.6742 -72.1498 30.2
    endloop
  endfacet
  facet normal -0.681997 0.731355 0
    outer loop
      vertex 69.6742 -72.1498 2
      vertex 67.1138 -74.5374 30.2
      vertex 69.6742 -72.1498 30.2
    endloop
  endfacet
  facet normal -0.681997 0.731355 0
    outer loop
      vertex 67.1138 -74.5374 30.2
      vertex 69.6742 -72.1498 2
      vertex 67.1138 -74.5374 2
    endloop
  endfacet
  facet normal -0.656071 0.7547 0
    outer loop
      vertex 67.1138 -74.5374 2
      vertex 64.4716 -76.8343 30.2
      vertex 67.1138 -74.5374 30.2
    endloop
  endfacet
  facet normal -0.656071 0.7547 0
    outer loop
      vertex 64.4716 -76.8343 30.2
      vertex 67.1138 -74.5374 2
      vertex 64.4716 -76.8343 2
    endloop
  endfacet
  facet normal -0.62931 0.777154 0
    outer loop
      vertex 64.4716 -76.8343 2
      vertex 61.7508 -79.0375 30.2
      vertex 64.4716 -76.8343 30.2
    endloop
  endfacet
  facet normal -0.62931 0.777154 0
    outer loop
      vertex 61.7508 -79.0375 30.2
      vertex 64.4716 -76.8343 2
      vertex 61.7508 -79.0375 2
    endloop
  endfacet
  facet normal -0.601822 0.79863 0
    outer loop
      vertex 61.7508 -79.0375 2
      vertex 58.9549 -81.1444 30.2
      vertex 61.7508 -79.0375 30.2
    endloop
  endfacet
  facet normal -0.601822 0.79863 0
    outer loop
      vertex 58.9549 -81.1444 30.2
      vertex 61.7508 -79.0375 2
      vertex 58.9549 -81.1444 2
    endloop
  endfacet
  facet normal -0.573572 0.819155 0
    outer loop
      vertex 58.9549 -81.1444 2
      vertex 56.087 -83.1525 30.2
      vertex 58.9549 -81.1444 30.2
    endloop
  endfacet
  facet normal -0.573572 0.819155 0
    outer loop
      vertex 56.087 -83.1525 30.2
      vertex 58.9549 -81.1444 2
      vertex 56.087 -83.1525 2
    endloop
  endfacet
  facet normal -0.544634 0.838674 0
    outer loop
      vertex 56.087 -83.1525 2
      vertex 53.1509 -85.0592 30.2
      vertex 56.087 -83.1525 30.2
    endloop
  endfacet
  facet normal -0.544634 0.838674 0
    outer loop
      vertex 53.1509 -85.0592 30.2
      vertex 56.087 -83.1525 2
      vertex 53.1509 -85.0592 2
    endloop
  endfacet
  facet normal -0.515054 0.857158 0
    outer loop
      vertex 53.1509 -85.0592 2
      vertex 50.15 -86.8624 30.2
      vertex 53.1509 -85.0592 30.2
    endloop
  endfacet
  facet normal -0.515054 0.857158 0
    outer loop
      vertex 50.15 -86.8624 30.2
      vertex 53.1509 -85.0592 2
      vertex 50.15 -86.8624 2
    endloop
  endfacet
  facet normal -0.484789 0.874631 0
    outer loop
      vertex 50.15 -86.8624 2
      vertex 47.088 -88.5596 30.2
      vertex 50.15 -86.8624 30.2
    endloop
  endfacet
  facet normal -0.484789 0.874631 0
    outer loop
      vertex 47.088 -88.5596 30.2
      vertex 50.15 -86.8624 2
      vertex 47.088 -88.5596 2
    endloop
  endfacet
  facet normal -0.453987 0.891008 0
    outer loop
      vertex 47.088 -88.5596 2
      vertex 43.9686 -90.149 30.2
      vertex 47.088 -88.5596 30.2
    endloop
  endfacet
  facet normal -0.453987 0.891008 0
    outer loop
      vertex 43.9686 -90.149 30.2
      vertex 47.088 -88.5596 2
      vertex 43.9686 -90.149 2
    endloop
  endfacet
  facet normal -0.422631 0.906302 0
    outer loop
      vertex 43.9686 -90.149 2
      vertex 40.7957 -91.6286 30.2
      vertex 43.9686 -90.149 30.2
    endloop
  endfacet
  facet normal -0.422631 0.906302 0
    outer loop
      vertex 40.7957 -91.6286 30.2
      vertex 43.9686 -90.149 2
      vertex 40.7957 -91.6286 2
    endloop
  endfacet
  facet normal -0.390718 0.920511 0
    outer loop
      vertex 40.7957 -91.6286 2
      vertex 37.573 -92.9965 30.2
      vertex 40.7957 -91.6286 30.2
    endloop
  endfacet
  facet normal -0.390718 0.920511 0
    outer loop
      vertex 37.573 -92.9965 30.2
      vertex 40.7957 -91.6286 2
      vertex 37.573 -92.9965 2
    endloop
  endfacet
  facet normal -0.358388 0.933573 0
    outer loop
      vertex 37.573 -92.9965 2
      vertex 34.3046 -94.2512 30.2
      vertex 37.573 -92.9965 30.2
    endloop
  endfacet
  facet normal -0.358388 0.933573 0
    outer loop
      vertex 34.3046 -94.2512 30.2
      vertex 37.573 -92.9965 2
      vertex 34.3046 -94.2512 2
    endloop
  endfacet
  facet normal -0.32557 0.945518 0
    outer loop
      vertex 34.3046 -94.2512 2
      vertex 30.9944 -95.391 30.2
      vertex 34.3046 -94.2512 30.2
    endloop
  endfacet
  facet normal -0.32557 0.945518 0
    outer loop
      vertex 30.9944 -95.391 30.2
      vertex 34.3046 -94.2512 2
      vertex 30.9944 -95.391 2
    endloop
  endfacet
  facet normal -0.292375 0.956304 0
    outer loop
      vertex 30.9944 -95.391 2
      vertex 27.6464 -96.4146 30.2
      vertex 30.9944 -95.391 30.2
    endloop
  endfacet
  facet normal -0.292375 0.956304 0
    outer loop
      vertex 27.6464 -96.4146 30.2
      vertex 30.9944 -95.391 2
      vertex 27.6464 -96.4146 2
    endloop
  endfacet
  facet normal -0.25882 0.965926 0
    outer loop
      vertex 27.6464 -96.4146 2
      vertex 24.2648 -97.3207 30.2
      vertex 27.6464 -96.4146 30.2
    endloop
  endfacet
  facet normal -0.25882 0.965926 0
    outer loop
      vertex 24.2648 -97.3207 30.2
      vertex 27.6464 -96.4146 2
      vertex 24.2648 -97.3207 2
    endloop
  endfacet
  facet normal -0.224935 0.974374 0
    outer loop
      vertex 24.2648 -97.3207 2
      vertex 20.8535 -98.1082 30.2
      vertex 24.2648 -97.3207 30.2
    endloop
  endfacet
  facet normal -0.224935 0.974374 0
    outer loop
      vertex 20.8535 -98.1082 30.2
      vertex 24.2648 -97.3207 2
      vertex 20.8535 -98.1082 2
    endloop
  endfacet
  facet normal -0.190807 0.981628 0
    outer loop
      vertex 20.8535 -98.1082 2
      vertex 17.4169 -98.7762 30.2
      vertex 20.8535 -98.1082 30.2
    endloop
  endfacet
  facet normal -0.190807 0.981628 0
    outer loop
      vertex 17.4169 -98.7762 30.2
      vertex 20.8535 -98.1082 2
      vertex 17.4169 -98.7762 2
    endloop
  endfacet
  facet normal -0.156445 0.987687 0
    outer loop
      vertex 17.4169 -98.7762 2
      vertex 13.9591 -99.3239 30.2
      vertex 17.4169 -98.7762 30.2
    endloop
  endfacet
  facet normal -0.156445 0.987687 0
    outer loop
      vertex 13.9591 -99.3239 30.2
      vertex 17.4169 -98.7762 2
      vertex 13.9591 -99.3239 2
    endloop
  endfacet
  facet normal -0.121851 0.992548 0
    outer loop
      vertex 13.9591 -99.3239 2
      vertex 10.4842 -99.7505 30.2
      vertex 13.9591 -99.3239 30.2
    endloop
  endfacet
  facet normal -0.121851 0.992548 0
    outer loop
      vertex 10.4842 -99.7505 30.2
      vertex 13.9591 -99.3239 2
      vertex 10.4842 -99.7505 2
    endloop
  endfacet
  facet normal -0.0872612 0.996185 0
    outer loop
      vertex 10.4842 -99.7505 2
      vertex 6.99657 -100.056 30.2
      vertex 10.4842 -99.7505 30.2
    endloop
  endfacet
  facet normal -0.0872612 0.996185 0
    outer loop
      vertex 6.99657 -100.056 30.2
      vertex 10.4842 -99.7505 2
      vertex 6.99657 -100.056 2
    endloop
  endfacet
  facet normal -0.0522717 0.998633 0
    outer loop
      vertex 6.99657 -100.056 2
      vertex 3.50042 -100.239 30.2
      vertex 6.99657 -100.056 30.2
    endloop
  endfacet
  facet normal -0.0522717 0.998633 0
    outer loop
      vertex 3.50042 -100.239 30.2
      vertex 6.99657 -100.056 2
      vertex 3.50042 -100.239 2
    endloop
  endfacet
  facet normal -0.0174238 0.999848 0
    outer loop
      vertex 3.50042 -100.239 2
      vertex 0 -100.3 30.2
      vertex 3.50042 -100.239 30.2
    endloop
  endfacet
  facet normal -0.0174238 0.999848 0
    outer loop
      vertex 0 -100.3 30.2
      vertex 3.50042 -100.239 2
      vertex 0 -100.3 2
    endloop
  endfacet
  facet normal 0.0174238 0.999848 -0
    outer loop
      vertex 0 -100.3 2
      vertex -3.50042 -100.239 30.2
      vertex 0 -100.3 30.2
    endloop
  endfacet
  facet normal 0.0174238 0.999848 0
    outer loop
      vertex -3.50042 -100.239 30.2
      vertex 0 -100.3 2
      vertex -3.50042 -100.239 2
    endloop
  endfacet
  facet normal 0.0522717 0.998633 -0
    outer loop
      vertex -3.50042 -100.239 2
      vertex -6.99657 -100.056 30.2
      vertex -3.50042 -100.239 30.2
    endloop
  endfacet
  facet normal 0.0522717 0.998633 0
    outer loop
      vertex -6.99657 -100.056 30.2
      vertex -3.50042 -100.239 2
      vertex -6.99657 -100.056 2
    endloop
  endfacet
  facet normal 0.0872612 0.996185 -0
    outer loop
      vertex -6.99657 -100.056 2
      vertex -10.4842 -99.7505 30.2
      vertex -6.99657 -100.056 30.2
    endloop
  endfacet
  facet normal 0.0872612 0.996185 0
    outer loop
      vertex -10.4842 -99.7505 30.2
      vertex -6.99657 -100.056 2
      vertex -10.4842 -99.7505 2
    endloop
  endfacet
  facet normal 0.121851 0.992548 -0
    outer loop
      vertex -10.4842 -99.7505 2
      vertex -13.9591 -99.3239 30.2
      vertex -10.4842 -99.7505 30.2
    endloop
  endfacet
  facet normal 0.121851 0.992548 0
    outer loop
      vertex -13.9591 -99.3239 30.2
      vertex -10.4842 -99.7505 2
      vertex -13.9591 -99.3239 2
    endloop
  endfacet
  facet normal 0.156445 0.987687 -0
    outer loop
      vertex -13.9591 -99.3239 2
      vertex -17.4169 -98.7762 30.2
      vertex -13.9591 -99.3239 30.2
    endloop
  endfacet
  facet normal 0.156445 0.987687 0
    outer loop
      vertex -17.4169 -98.7762 30.2
      vertex -13.9591 -99.3239 2
      vertex -17.4169 -98.7762 2
    endloop
  endfacet
  facet normal 0.190807 0.981628 -0
    outer loop
      vertex -17.4169 -98.7762 2
      vertex -20.8535 -98.1082 30.2
      vertex -17.4169 -98.7762 30.2
    endloop
  endfacet
  facet normal 0.190807 0.981628 0
    outer loop
      vertex -20.8535 -98.1082 30.2
      vertex -17.4169 -98.7762 2
      vertex -20.8535 -98.1082 2
    endloop
  endfacet
  facet normal 0.224935 0.974374 -0
    outer loop
      vertex -20.8535 -98.1082 2
      vertex -24.2648 -97.3207 30.2
      vertex -20.8535 -98.1082 30.2
    endloop
  endfacet
  facet normal 0.224935 0.974374 0
    outer loop
      vertex -24.2648 -97.3207 30.2
      vertex -20.8535 -98.1082 2
      vertex -24.2648 -97.3207 2
    endloop
  endfacet
  facet normal 0.25882 0.965926 -0
    outer loop
      vertex -24.2648 -97.3207 2
      vertex -27.6464 -96.4146 30.2
      vertex -24.2648 -97.3207 30.2
    endloop
  endfacet
  facet normal 0.25882 0.965926 0
    outer loop
      vertex -27.6464 -96.4146 30.2
      vertex -24.2648 -97.3207 2
      vertex -27.6464 -96.4146 2
    endloop
  endfacet
  facet normal 0.292375 0.956304 -0
    outer loop
      vertex -27.6464 -96.4146 2
      vertex -30.9944 -95.391 30.2
      vertex -27.6464 -96.4146 30.2
    endloop
  endfacet
  facet normal 0.292375 0.956304 0
    outer loop
      vertex -30.9944 -95.391 30.2
      vertex -27.6464 -96.4146 2
      vertex -30.9944 -95.391 2
    endloop
  endfacet
  facet normal 0.32557 0.945518 -0
    outer loop
      vertex -30.9944 -95.391 2
      vertex -34.3046 -94.2512 30.2
      vertex -30.9944 -95.391 30.2
    endloop
  endfacet
  facet normal 0.32557 0.945518 0
    outer loop
      vertex -34.3046 -94.2512 30.2
      vertex -30.9944 -95.391 2
      vertex -34.3046 -94.2512 2
    endloop
  endfacet
  facet normal 0.358388 0.933573 -0
    outer loop
      vertex -34.3046 -94.2512 2
      vertex -37.573 -92.9965 30.2
      vertex -34.3046 -94.2512 30.2
    endloop
  endfacet
  facet normal 0.358388 0.933573 0
    outer loop
      vertex -37.573 -92.9965 30.2
      vertex -34.3046 -94.2512 2
      vertex -37.573 -92.9965 2
    endloop
  endfacet
  facet normal 0.390718 0.920511 -0
    outer loop
      vertex -37.573 -92.9965 2
      vertex -40.7957 -91.6286 30.2
      vertex -37.573 -92.9965 30.2
    endloop
  endfacet
  facet normal 0.390718 0.920511 0
    outer loop
      vertex -40.7957 -91.6286 30.2
      vertex -37.573 -92.9965 2
      vertex -40.7957 -91.6286 2
    endloop
  endfacet
  facet normal 0.422631 0.906302 -0
    outer loop
      vertex -40.7957 -91.6286 2
      vertex -43.9686 -90.149 30.2
      vertex -40.7957 -91.6286 30.2
    endloop
  endfacet
  facet normal 0.422631 0.906302 0
    outer loop
      vertex -43.9686 -90.149 30.2
      vertex -40.7957 -91.6286 2
      vertex -43.9686 -90.149 2
    endloop
  endfacet
  facet normal 0.453987 0.891008 -0
    outer loop
      vertex -43.9686 -90.149 2
      vertex -47.088 -88.5596 30.2
      vertex -43.9686 -90.149 30.2
    endloop
  endfacet
  facet normal 0.453987 0.891008 0
    outer loop
      vertex -47.088 -88.5596 30.2
      vertex -43.9686 -90.149 2
      vertex -47.088 -88.5596 2
    endloop
  endfacet
  facet normal 0.484789 0.874631 -0
    outer loop
      vertex -47.088 -88.5596 2
      vertex -50.15 -86.8624 30.2
      vertex -47.088 -88.5596 30.2
    endloop
  endfacet
  facet normal 0.484789 0.874631 0
    outer loop
      vertex -50.15 -86.8624 30.2
      vertex -47.088 -88.5596 2
      vertex -50.15 -86.8624 2
    endloop
  endfacet
  facet normal 0.515054 0.857158 -0
    outer loop
      vertex -50.15 -86.8624 2
      vertex -53.1509 -85.0592 30.2
      vertex -50.15 -86.8624 30.2
    endloop
  endfacet
  facet normal 0.515054 0.857158 0
    outer loop
      vertex -53.1509 -85.0592 30.2
      vertex -50.15 -86.8624 2
      vertex -53.1509 -85.0592 2
    endloop
  endfacet
  facet normal 0.544634 0.838674 -0
    outer loop
      vertex -53.1509 -85.0592 2
      vertex -56.087 -83.1525 30.2
      vertex -53.1509 -85.0592 30.2
    endloop
  endfacet
  facet normal 0.544634 0.838674 0
    outer loop
      vertex -56.087 -83.1525 30.2
      vertex -53.1509 -85.0592 2
      vertex -56.087 -83.1525 2
    endloop
  endfacet
  facet normal 0.573572 0.819155 -0
    outer loop
      vertex -56.087 -83.1525 2
      vertex -58.9549 -81.1444 30.2
      vertex -56.087 -83.1525 30.2
    endloop
  endfacet
  facet normal 0.573572 0.819155 0
    outer loop
      vertex -58.9549 -81.1444 30.2
      vertex -56.087 -83.1525 2
      vertex -58.9549 -81.1444 2
    endloop
  endfacet
  facet normal 0.601822 0.79863 -0
    outer loop
      vertex -58.9549 -81.1444 2
      vertex -61.7508 -79.0375 30.2
      vertex -58.9549 -81.1444 30.2
    endloop
  endfacet
  facet normal 0.601822 0.79863 0
    outer loop
      vertex -61.7508 -79.0375 30.2
      vertex -58.9549 -81.1444 2
      vertex -61.7508 -79.0375 2
    endloop
  endfacet
  facet normal 0.62931 0.777154 -0
    outer loop
      vertex -61.7508 -79.0375 2
      vertex -64.4716 -76.8343 30.2
      vertex -61.7508 -79.0375 30.2
    endloop
  endfacet
  facet normal 0.62931 0.777154 0
    outer loop
      vertex -64.4716 -76.8343 30.2
      vertex -61.7508 -79.0375 2
      vertex -64.4716 -76.8343 2
    endloop
  endfacet
  facet normal 0.656071 0.7547 -0
    outer loop
      vertex -64.4716 -76.8343 2
      vertex -67.1138 -74.5374 30.2
      vertex -64.4716 -76.8343 30.2
    endloop
  endfacet
  facet normal 0.656071 0.7547 0
    outer loop
      vertex -67.1138 -74.5374 30.2
      vertex -64.4716 -76.8343 2
      vertex -67.1138 -74.5374 2
    endloop
  endfacet
  facet normal 0.681997 0.731355 -0
    outer loop
      vertex -67.1138 -74.5374 2
      vertex -69.6742 -72.1498 30.2
      vertex -67.1138 -74.5374 30.2
    endloop
  endfacet
  facet normal 0.681997 0.731355 0
    outer loop
      vertex -69.6742 -72.1498 30.2
      vertex -67.1138 -74.5374 2
      vertex -69.6742 -72.1498 2
    endloop
  endfacet
  facet normal 0.707107 0.707107 0
    outer loop
      vertex -69.6742 -72.1498 30.2
      vertex -72.1498 -69.6742 2
      vertex -72.1498 -69.6742 30.2
    endloop
  endfacet
  facet normal 0.707107 0.707107 0
    outer loop
      vertex -72.1498 -69.6742 2
      vertex -69.6742 -72.1498 30.2
      vertex -69.6742 -72.1498 2
    endloop
  endfacet
  facet normal 0.731355 0.681997 0
    outer loop
      vertex -72.1498 -69.6742 30.2
      vertex -74.5374 -67.1138 2
      vertex -74.5374 -67.1138 30.2
    endloop
  endfacet
  facet normal 0.731355 0.681997 0
    outer loop
      vertex -74.5374 -67.1138 2
      vertex -72.1498 -69.6742 30.2
      vertex -72.1498 -69.6742 2
    endloop
  endfacet
  facet normal 0.7547 0.656071 0
    outer loop
      vertex -74.5374 -67.1138 30.2
      vertex -76.8343 -64.4716 2
      vertex -76.8343 -64.4716 30.2
    endloop
  endfacet
  facet normal 0.7547 0.656071 0
    outer loop
      vertex -76.8343 -64.4716 2
      vertex -74.5374 -67.1138 30.2
      vertex -74.5374 -67.1138 2
    endloop
  endfacet
  facet normal 0.777154 0.62931 0
    outer loop
      vertex -76.8343 -64.4716 30.2
      vertex -79.0375 -61.7508 2
      vertex -79.0375 -61.7508 30.2
    endloop
  endfacet
  facet normal 0.777154 0.62931 0
    outer loop
      vertex -79.0375 -61.7508 2
      vertex -76.8343 -64.4716 30.2
      vertex -76.8343 -64.4716 2
    endloop
  endfacet
  facet normal 0.79863 0.601822 0
    outer loop
      vertex -79.0375 -61.7508 30.2
      vertex -81.1444 -58.9549 2
      vertex -81.1444 -58.9549 30.2
    endloop
  endfacet
  facet normal 0.79863 0.601822 0
    outer loop
      vertex -81.1444 -58.9549 2
      vertex -79.0375 -61.7508 30.2
      vertex -79.0375 -61.7508 2
    endloop
  endfacet
  facet normal 0.81915 0.573579 0
    outer loop
      vertex -82.2361 -57.3958 30.2
      vertex -81.1444 -58.9549 30.2
      vertex -82.2361 -57.3958 8.2
    endloop
  endfacet
  facet normal 0.819161 0.573563 0
    outer loop
      vertex -82.2361 -57.3958 8.2
      vertex -83.1525 -56.087 2
      vertex -83.1525 -56.087 8.2
    endloop
  endfacet
  facet normal 0.819155 0.573572 2.65911e-06
    outer loop
      vertex -82.2361 -57.3958 8.2
      vertex -81.1444 -58.9549 2
      vertex -83.1525 -56.087 2
    endloop
  endfacet
  facet normal 0.81915 0.573579 -0
    outer loop
      vertex -81.1444 -58.9549 2
      vertex -82.2361 -57.3958 8.2
      vertex -81.1444 -58.9549 30.2
    endloop
  endfacet
  facet normal 0.838677 0.544629 -3.46686e-06
    outer loop
      vertex -83.1537 -56.0852 28.6954
      vertex -85.0592 -53.1509 30.2
      vertex -84.0907 -54.6423 30
    endloop
  endfacet
  facet normal 0.838678 0.544628 9.78929e-06
    outer loop
      vertex -83.1537 -56.0852 30.2
      vertex -84.0907 -54.6423 30
      vertex -85.0592 -53.1509 30.2
    endloop
  endfacet
  facet normal 0.83867 0.544639 0.000131286
    outer loop
      vertex -84.0907 -54.6423 30
      vertex -83.1537 -56.0852 30.2
      vertex -83.1725 -56.0562 29.9902
    endloop
  endfacet
  facet normal 0.839104 0.543971 0
    outer loop
      vertex -83.1725 -56.0562 29.9902
      vertex -83.1537 -56.0852 30.2
      vertex -83.1537 -56.0852 29.99
    endloop
  endfacet
  facet normal 0.838678 0.544628 0
    outer loop
      vertex -85.0592 -53.1509 30.2
      vertex -83.1537 -56.0852 28.6954
      vertex -83.1537 -56.0852 8.2
    endloop
  endfacet
  facet normal 0.838678 0.544628 0
    outer loop
      vertex -85.0592 -53.1509 30.2
      vertex -83.1537 -56.0852 8.2
      vertex -85.0592 -53.1509 2
    endloop
  endfacet
  facet normal 0.83205 0.5547 -0
    outer loop
      vertex -83.1525 -56.087 2
      vertex -83.1537 -56.0852 8.2
      vertex -83.1525 -56.087 8.2
    endloop
  endfacet
  facet normal 0.838674 0.544634 4.20447e-06
    outer loop
      vertex -83.1537 -56.0852 8.2
      vertex -83.1525 -56.087 2
      vertex -85.0592 -53.1509 2
    endloop
  endfacet
  facet normal 0.857128 0.515104 -5.34363e-05
    outer loop
      vertex -85.8006 -51.9171 27.5514
      vertex -86.8624 -50.15 30.2
      vertex -86.3564 -50.992 30
    endloop
  endfacet
  facet normal 0.857185 0.515008 0.000493681
    outer loop
      vertex -86.8624 -50.15 30.2
      vertex -85.7009 -52.083 29.978
      vertex -86.3564 -50.992 30
    endloop
  endfacet
  facet normal 0.857158 0.515054 -5.17872e-05
    outer loop
      vertex -85.0592 -53.1509 30.2
      vertex -85.7009 -52.083 29.978
      vertex -86.8624 -50.15 30.2
    endloop
  endfacet
  facet normal 0.857154 0.515061 -7.8653e-06
    outer loop
      vertex -85.7009 -52.083 29.978
      vertex -85.0592 -53.1509 30.2
      vertex -85.6607 -52.1499 29.9766
    endloop
  endfacet
  facet normal 0.857182 0.515014 -0.000293127
    outer loop
      vertex -85.6607 -52.1499 29.9766
      vertex -85.0592 -53.1509 30.2
      vertex -85.243 -52.8451 30
    endloop
  endfacet
  facet normal 0.857424 0.514611 0.000393691
    outer loop
      vertex -85.7662 -51.9743 27.4
      vertex -86.8624 -50.15 30.2
      vertex -85.8006 -51.9171 27.5514
    endloop
  endfacet
  facet normal 0.857157 0.515055 0
    outer loop
      vertex -86.8624 -50.15 30.2
      vertex -85.7662 -51.9743 27.4
      vertex -86.8624 -50.15 2
    endloop
  endfacet
  facet normal 0.85717 0.515034 1.19573e-06
    outer loop
      vertex -85.0592 -53.1509 2
      vertex -85.7662 -51.9743 27.4
      vertex -85.5973 -52.2554 27.4
    endloop
  endfacet
  facet normal 0.857105 0.515141 3.5986e-05
    outer loop
      vertex -85.0592 -53.1509 30.2
      vertex -85.5973 -52.2554 27.4
      vertex -85.2967 -52.7557 29.6061
    endloop
  endfacet
  facet normal 0.857072 0.515196 8.57284e-05
    outer loop
      vertex -85.0592 -53.1509 30.2
      vertex -85.2967 -52.7557 29.6061
      vertex -85.243 -52.8451 30
    endloop
  endfacet
  facet normal 0.857155 0.515059 0
    outer loop
      vertex -85.5973 -52.2554 27.4
      vertex -85.0592 -53.1509 30.2
      vertex -85.0592 -53.1509 2
    endloop
  endfacet
  facet normal 0.857158 0.515054 -9.91845e-08
    outer loop
      vertex -85.7662 -51.9743 27.4
      vertex -85.0592 -53.1509 2
      vertex -86.8624 -50.15 2
    endloop
  endfacet
  facet normal 0.874768 0.484542 0.000109635
    outer loop
      vertex -88.0634 -47.9832 27.4804
      vertex -88.5596 -47.088 30.2
      vertex -88.3867 -47.4001 30
    endloop
  endfacet
  facet normal 0.874551 0.484933 -0.000688632
    outer loop
      vertex -88.5596 -47.088 30.2
      vertex -88.0299 -48.0436 29.9788
      vertex -88.3867 -47.4001 30
    endloop
  endfacet
  facet normal 0.875093 0.483929 0.00494868
    outer loop
      vertex -88.5596 -47.088 30.2
      vertex -87.9935 -48.1094 29.9766
      vertex -88.0299 -48.0436 29.9788
    endloop
  endfacet
  facet normal 0.87461 0.484826 -0.000377769
    outer loop
      vertex -88.5596 -47.088 30.2
      vertex -87.3386 -49.2908 30
      vertex -87.9935 -48.1094 29.9766
    endloop
  endfacet
  facet normal 0.874631 0.484789 0.000156874
    outer loop
      vertex -87.3386 -49.2908 30
      vertex -88.5596 -47.088 30.2
      vertex -86.8624 -50.15 30.2
    endloop
  endfacet
  facet normal 0.874165 0.485628 -0.000358011
    outer loop
      vertex -88.0531 -48.0018 27.4
      vertex -88.5596 -47.088 30.2
      vertex -88.0634 -47.9832 27.4804
    endloop
  endfacet
  facet normal 0.874631 0.484789 0
    outer loop
      vertex -88.5596 -47.088 30.2
      vertex -88.0531 -48.0018 27.4
      vertex -88.5596 -47.088 2
    endloop
  endfacet
  facet normal 0.874718 0.484633 -7.37025e-06
    outer loop
      vertex -87.8942 -48.2886 27.4
      vertex -88.5596 -47.088 2
      vertex -88.0531 -48.0018 27.4
    endloop
  endfacet
  facet normal 0.874632 0.484787 -2.26384e-05
    outer loop
      vertex -86.8624 -50.15 30.2
      vertex -87.8942 -48.2886 27.4
      vertex -87.4678 -49.0578 29.3956
    endloop
  endfacet
  facet normal 0.874656 0.484743 -9.99924e-05
    outer loop
      vertex -86.8624 -50.15 30.2
      vertex -87.4678 -49.0578 29.3956
      vertex -87.3386 -49.2908 30
    endloop
  endfacet
  facet normal 0.874618 0.484813 0
    outer loop
      vertex -87.8942 -48.2886 27.4
      vertex -86.8624 -50.15 30.2
      vertex -86.8624 -50.15 2
    endloop
  endfacet
  facet normal 0.874631 0.484789 2.28872e-06
    outer loop
      vertex -87.8942 -48.2886 27.4
      vertex -86.8624 -50.15 2
      vertex -88.5596 -47.088 2
    endloop
  endfacet
  facet normal 0.891019 0.453967 0
    outer loop
      vertex -90.148 -43.9706 30.2
      vertex -89.367 -45.5035 30
      vertex -90.148 -43.9706 29.99
    endloop
  endfacet
  facet normal 0.891006 0.453992 -0.000241458
    outer loop
      vertex -89.367 -45.5035 30
      vertex -90.148 -43.9706 30.2
      vertex -88.5596 -47.088 30.2
    endloop
  endfacet
  facet normal 0.89097 0.454062 0.000184086
    outer loop
      vertex -88.5596 -47.088 30.2
      vertex -90.148 -43.9706 28.6955
      vertex -89.6979 -44.8541 29.4474
    endloop
  endfacet
  facet normal 0.894427 0.447214 0
    outer loop
      vertex -90.148 -43.9706 8.2
      vertex -90.149 -43.9686 2
      vertex -90.149 -43.9686 8.2
    endloop
  endfacet
  facet normal 0.891006 0.453992 0
    outer loop
      vertex -90.148 -43.9706 28.6955
      vertex -88.5596 -47.088 30.2
      vertex -90.148 -43.9706 8.2
    endloop
  endfacet
  facet normal 0.890993 0.454018 1.73368e-05
    outer loop
      vertex -88.5596 -47.088 30.2
      vertex -89.6979 -44.8541 29.4474
      vertex -89.367 -45.5035 30
    endloop
  endfacet
  facet normal 0.891006 0.453992 0
    outer loop
      vertex -90.148 -43.9706 8.2
      vertex -88.5596 -47.088 30.2
      vertex -88.5596 -47.088 2
    endloop
  endfacet
  facet normal 0.891008 0.453987 2.73656e-06
    outer loop
      vertex -90.148 -43.9706 8.2
      vertex -88.5596 -47.088 2
      vertex -90.149 -43.9686 2
    endloop
  endfacet
  facet normal 0.906295 0.422647 -0
    outer loop
      vertex -90.8242 -42.5206 8.2
      vertex -91.6286 -40.7957 30.2
      vertex -90.8242 -42.5206 30.2
    endloop
  endfacet
  facet normal 0.906295 0.422647 0
    outer loop
      vertex -91.6286 -40.7957 30.2
      vertex -90.8242 -42.5206 8.2
      vertex -91.6286 -40.7957 2
    endloop
  endfacet
  facet normal 0.906311 0.422611 -0
    outer loop
      vertex -90.149 -43.9686 2
      vertex -90.8242 -42.5206 8.2
      vertex -90.149 -43.9686 8.2
    endloop
  endfacet
  facet normal 0.906302 0.422631 -5.46951e-06
    outer loop
      vertex -90.8242 -42.5206 8.2
      vertex -90.149 -43.9686 2
      vertex -91.6286 -40.7957 2
    endloop
  endfacet
  facet normal 0.920511 0.390718 0
    outer loop
      vertex -91.6286 -40.7957 30.2
      vertex -92.9965 -37.573 2
      vertex -92.9965 -37.573 30.2
    endloop
  endfacet
  facet normal 0.920511 0.390718 0
    outer loop
      vertex -92.9965 -37.573 2
      vertex -91.6286 -40.7957 30.2
      vertex -91.6286 -40.7957 2
    endloop
  endfacet
  facet normal 0.933573 0.358388 0
    outer loop
      vertex -92.9965 -37.573 30.2
      vertex -94.2512 -34.3046 2
      vertex -94.2512 -34.3046 30.2
    endloop
  endfacet
  facet normal 0.933573 0.358388 0
    outer loop
      vertex -94.2512 -34.3046 2
      vertex -92.9965 -37.573 30.2
      vertex -92.9965 -37.573 2
    endloop
  endfacet
  facet normal 0.945518 0.32557 0
    outer loop
      vertex -94.2512 -34.3046 30.2
      vertex -95.391 -30.9944 2
      vertex -95.391 -30.9944 30.2
    endloop
  endfacet
  facet normal 0.945518 0.32557 0
    outer loop
      vertex -95.391 -30.9944 2
      vertex -94.2512 -34.3046 30.2
      vertex -94.2512 -34.3046 2
    endloop
  endfacet
  facet normal 0.956304 0.292375 0
    outer loop
      vertex -95.391 -30.9944 30.2
      vertex -96.4146 -27.6464 2
      vertex -96.4146 -27.6464 30.2
    endloop
  endfacet
  facet normal 0.956304 0.292375 0
    outer loop
      vertex -96.4146 -27.6464 2
      vertex -95.391 -30.9944 30.2
      vertex -95.391 -30.9944 2
    endloop
  endfacet
  facet normal 0.965926 0.25882 0
    outer loop
      vertex -96.4146 -27.6464 30.2
      vertex -97.3207 -24.2648 2
      vertex -97.3207 -24.2648 30.2
    endloop
  endfacet
  facet normal 0.965926 0.25882 0
    outer loop
      vertex -97.3207 -24.2648 2
      vertex -96.4146 -27.6464 30.2
      vertex -96.4146 -27.6464 2
    endloop
  endfacet
  facet normal 0.974374 0.224935 0
    outer loop
      vertex -97.3207 -24.2648 30.2
      vertex -98.1082 -20.8535 2
      vertex -98.1082 -20.8535 30.2
    endloop
  endfacet
  facet normal 0.974374 0.224935 0
    outer loop
      vertex -98.1082 -20.8535 2
      vertex -97.3207 -24.2648 30.2
      vertex -97.3207 -24.2648 2
    endloop
  endfacet
  facet normal 0.981628 0.190807 0
    outer loop
      vertex -98.1082 -20.8535 30.2
      vertex -98.7762 -17.4169 2
      vertex -98.7762 -17.4169 30.2
    endloop
  endfacet
  facet normal 0.981628 0.190807 0
    outer loop
      vertex -98.7762 -17.4169 2
      vertex -98.1082 -20.8535 30.2
      vertex -98.1082 -20.8535 2
    endloop
  endfacet
  facet normal 0.987687 0.156445 0
    outer loop
      vertex -98.7762 -17.4169 30.2
      vertex -99.3239 -13.9591 2
      vertex -99.3239 -13.9591 30.2
    endloop
  endfacet
  facet normal 0.987687 0.156445 0
    outer loop
      vertex -99.3239 -13.9591 2
      vertex -98.7762 -17.4169 30.2
      vertex -98.7762 -17.4169 2
    endloop
  endfacet
  facet normal 0.992548 0.121851 0
    outer loop
      vertex -99.3239 -13.9591 30.2
      vertex -99.7505 -10.4842 2
      vertex -99.7505 -10.4842 30.2
    endloop
  endfacet
  facet normal 0.992548 0.121851 0
    outer loop
      vertex -99.7505 -10.4842 2
      vertex -99.3239 -13.9591 30.2
      vertex -99.3239 -13.9591 2
    endloop
  endfacet
  facet normal 0.996185 0.0872612 0
    outer loop
      vertex -99.7505 -10.4842 30.2
      vertex -100.056 -6.99657 2
      vertex -100.056 -6.99657 30.2
    endloop
  endfacet
  facet normal 0.996185 0.0872612 0
    outer loop
      vertex -100.056 -6.99657 2
      vertex -99.7505 -10.4842 30.2
      vertex -99.7505 -10.4842 2
    endloop
  endfacet
  facet normal 0.998633 0.0522717 0
    outer loop
      vertex -100.056 -6.99657 30.2
      vertex -100.239 -3.50042 2
      vertex -100.239 -3.50042 30.2
    endloop
  endfacet
  facet normal 0.998633 0.0522717 0
    outer loop
      vertex -100.239 -3.50042 2
      vertex -100.056 -6.99657 30.2
      vertex -100.056 -6.99657 2
    endloop
  endfacet
  facet normal 0 0 1
    outer loop
      vertex -8.79367 102.307 30.2
      vertex -10.4842 99.7505 30.2
      vertex -8.58817 99.9164 30.2
    endloop
  endfacet
  facet normal -0 0 1
    outer loop
      vertex -10.7351 102.137 30.2
      vertex -10.4842 99.7505 30.2
      vertex -8.79367 102.307 30.2
    endloop
  endfacet
  facet normal 0 0 1
    outer loop
      vertex -10.7351 102.137 30.2
      vertex -13.9591 99.3239 30.2
      vertex -10.4842 99.7505 30.2
    endloop
  endfacet
  facet normal -0 0 1
    outer loop
      vertex -14.2931 101.701 30.2
      vertex -13.9591 99.3239 30.2
      vertex -10.7351 102.137 30.2
    endloop
  endfacet
  facet normal 0 0 1
    outer loop
      vertex -14.2931 101.701 30.2
      vertex -17.4169 98.7762 30.2
      vertex -13.9591 99.3239 30.2
    endloop
  endfacet
  facet normal -0 0 1
    outer loop
      vertex -17.8337 101.14 30.2
      vertex -17.4169 98.7762 30.2
      vertex -14.2931 101.701 30.2
    endloop
  endfacet
  facet normal 0 0 1
    outer loop
      vertex -17.8337 101.14 30.2
      vertex -20.8535 98.1082 30.2
      vertex -17.4169 98.7762 30.2
    endloop
  endfacet
  facet normal -0 0 1
    outer loop
      vertex -21.3525 100.456 30.2
      vertex -20.8535 98.1082 30.2
      vertex -17.8337 101.14 30.2
    endloop
  endfacet
  facet normal 0 0 1
    outer loop
      vertex -21.3525 100.456 30.2
      vertex -24.2648 97.3207 30.2
      vertex -20.8535 98.1082 30.2
    endloop
  endfacet
  facet normal -0 0 1
    outer loop
      vertex -24.8454 99.6494 30.2
      vertex -24.2648 97.3207 30.2
      vertex -21.3525 100.456 30.2
    endloop
  endfacet
  facet normal 0 0 1
    outer loop
      vertex -24.8454 99.6494 30.2
      vertex -27.6464 96.4146 30.2
      vertex -24.2648 97.3207 30.2
    endloop
  endfacet
  facet normal -0 0 1
    outer loop
      vertex -28.308 98.7216 30.2
      vertex -27.6464 96.4146 30.2
      vertex -24.8454 99.6494 30.2
    endloop
  endfacet
  facet normal 0 0 1
    outer loop
      vertex -28.308 98.7216 30.2
      vertex -30.9944 95.391 30.2
      vertex -27.6464 96.4146 30.2
    endloop
  endfacet
  facet normal -0 0 1
    outer loop
      vertex -31.736 97.6735 30.2
      vertex -30.9944 95.391 30.2
      vertex -28.308 98.7216 30.2
    endloop
  endfacet
  facet normal 0 0 1
    outer loop
      vertex -31.736 97.6735 30.2
      vertex -34.3046 94.2512 30.2
      vertex -30.9944 95.391 30.2
    endloop
  endfacet
  facet normal -0 0 1
    outer loop
      vertex -35.1255 96.5064 30.2
      vertex -34.3046 94.2512 30.2
      vertex -31.736 97.6735 30.2
    endloop
  endfacet
  facet normal 0 0 1
    outer loop
      vertex -35.1255 96.5064 30.2
      vertex -37.573 92.9965 30.2
      vertex -34.3046 94.2512 30.2
    endloop
  endfacet
  facet normal -0 0 1
    outer loop
      vertex -38.4721 95.2218 30.2
      vertex -37.573 92.9965 30.2
      vertex -35.1255 96.5064 30.2
    endloop
  endfacet
  facet normal 0 0 1
    outer loop
      vertex -38.4721 95.2218 30.2
      vertex -40.7957 91.6286 30.2
      vertex -37.573 92.9965 30.2
    endloop
  endfacet
  facet normal -0 0 1
    outer loop
      vertex -41.7719 93.8211 30.2
      vertex -40.7957 91.6286 30.2
      vertex -38.4721 95.2218 30.2
    endloop
  endfacet
  facet normal 0 0 1
    outer loop
      vertex -41.7719 93.8211 30.2
      vertex -43.9686 90.149 30.2
      vertex -40.7957 91.6286 30.2
    endloop
  endfacet
  facet normal -0 0 1
    outer loop
      vertex -45.0207 92.3062 30.2
      vertex -43.9686 90.149 30.2
      vertex -41.7719 93.8211 30.2
    endloop
  endfacet
  facet normal 0 0 1
    outer loop
      vertex -45.0207 92.3062 30.2
      vertex -47.088 88.5596 30.2
      vertex -43.9686 90.149 30.2
    endloop
  endfacet
  facet normal -0 0 1
    outer loop
      vertex -48.2147 90.6787 30.2
      vertex -47.088 88.5596 30.2
      vertex -45.0207 92.3062 30.2
    endloop
  endfacet
  facet normal 0 0 1
    outer loop
      vertex -48.2147 90.6787 30.2
      vertex -50.15 86.8624 30.2
      vertex -47.088 88.5596 30.2
    endloop
  endfacet
  facet normal -0 0 1
    outer loop
      vertex -51.35 88.9408 30.2
      vertex -50.15 86.8624 30.2
      vertex -48.2147 90.6787 30.2
    endloop
  endfacet
  facet normal 0 0 1
    outer loop
      vertex -51.35 88.9408 30.2
      vertex -53.1509 85.0592 30.2
      vertex -50.15 86.8624 30.2
    endloop
  endfacet
  facet normal -0 0 1
    outer loop
      vertex -54.4227 87.0945 30.2
      vertex -53.1509 85.0592 30.2
      vertex -51.35 88.9408 30.2
    endloop
  endfacet
  facet normal 0 0 1
    outer loop
      vertex -54.4227 87.0945 30.2
      vertex -56.087 83.1525 30.2
      vertex -53.1509 85.0592 30.2
    endloop
  endfacet
  facet normal -0 0 1
    outer loop
      vertex -57.4291 85.1422 30.2
      vertex -56.087 83.1525 30.2
      vertex -54.4227 87.0945 30.2
    endloop
  endfacet
  facet normal 0 0 1
    outer loop
      vertex -57.4291 85.1422 30.2
      vertex -58.9549 81.1444 30.2
      vertex -56.087 83.1525 30.2
    endloop
  endfacet
  facet normal -0 0 1
    outer loop
      vertex -60.3655 83.086 30.2
      vertex -58.9549 81.1444 30.2
      vertex -57.4291 85.1422 30.2
    endloop
  endfacet
  facet normal 0 0 1
    outer loop
      vertex -60.3655 83.086 30.2
      vertex -61.7508 79.0375 30.2
      vertex -58.9549 81.1444 30.2
    endloop
  endfacet
  facet normal -0 0 1
    outer loop
      vertex -63.2284 80.9287 30.2
      vertex -61.7508 79.0375 30.2
      vertex -60.3655 83.086 30.2
    endloop
  endfacet
  facet normal 0 0 1
    outer loop
      vertex -63.2284 80.9287 30.2
      vertex -64.4716 76.8343 30.2
      vertex -61.7508 79.0375 30.2
    endloop
  endfacet
  facet normal -0 0 1
    outer loop
      vertex -66.0143 78.6728 30.2
      vertex -64.4716 76.8343 30.2
      vertex -63.2284 80.9287 30.2
    endloop
  endfacet
  facet normal 0 0 1
    outer loop
      vertex -66.0143 78.6728 30.2
      vertex -67.1138 74.5374 30.2
      vertex -64.4716 76.8343 30.2
    endloop
  endfacet
  facet normal -0 0 1
    outer loop
      vertex -68.7197 76.321 30.2
      vertex -67.1138 74.5374 30.2
      vertex -66.0143 78.6728 30.2
    endloop
  endfacet
  facet normal 0 0 1
    outer loop
      vertex -68.7197 76.321 30.2
      vertex -69.6742 72.1498 30.2
      vertex -67.1138 74.5374 30.2
    endloop
  endfacet
  facet normal -0 0 1
    outer loop
      vertex -71.3414 73.8762 30.2
      vertex -69.6742 72.1498 30.2
      vertex -68.7197 76.321 30.2
    endloop
  endfacet
  facet normal 0 0 1
    outer loop
      vertex -71.3414 73.8762 30.2
      vertex -72.1498 69.6742 30.2
      vertex -69.6742 72.1498 30.2
    endloop
  endfacet
  facet normal -0 0 1
    outer loop
      vertex -73.8762 71.3414 30.2
      vertex -72.1498 69.6742 30.2
      vertex -71.3414 73.8762 30.2
    endloop
  endfacet
  facet normal 0 0 1
    outer loop
      vertex -73.8762 71.3414 30.2
      vertex -74.5374 67.1138 30.2
      vertex -72.1498 69.6742 30.2
    endloop
  endfacet
  facet normal -0 0 1
    outer loop
      vertex -76.321 68.7197 30.2
      vertex -74.5374 67.1138 30.2
      vertex -73.8762 71.3414 30.2
    endloop
  endfacet
  facet normal 0 0 1
    outer loop
      vertex -76.321 68.7197 30.2
      vertex -76.8343 64.4716 30.2
      vertex -74.5374 67.1138 30.2
    endloop
  endfacet
  facet normal -0 0 1
    outer loop
      vertex -78.6728 66.0143 30.2
      vertex -76.8343 64.4716 30.2
      vertex -76.321 68.7197 30.2
    endloop
  endfacet
  facet normal 0 0 1
    outer loop
      vertex -78.6728 66.0143 30.2
      vertex -79.0375 61.7508 30.2
      vertex -76.8343 64.4716 30.2
    endloop
  endfacet
  facet normal -0 0 1
    outer loop
      vertex -80.9287 63.2284 30.2
      vertex -79.0375 61.7508 30.2
      vertex -78.6728 66.0143 30.2
    endloop
  endfacet
  facet normal 0 0 1
    outer loop
      vertex -80.9287 63.2284 30.2
      vertex -81.1444 58.9549 30.2
      vertex -79.0375 61.7508 30.2
    endloop
  endfacet
  facet normal -0 0 1
    outer loop
      vertex -83.086 60.3655 30.2
      vertex -81.1444 58.9549 30.2
      vertex -80.9287 63.2284 30.2
    endloop
  endfacet
  facet normal 0 0 1
    outer loop
      vertex -83.086 60.3655 30.2
      vertex -83.1525 56.087 30.2
      vertex -81.1444 58.9549 30.2
    endloop
  endfacet
  facet normal -0 0 1
    outer loop
      vertex -85.1422 57.4291 30.2
      vertex -83.1525 56.087 30.2
      vertex -83.086 60.3655 30.2
    endloop
  endfacet
  facet normal 0 0 1
    outer loop
      vertex -83.1525 56.087 30.2
      vertex -85.1422 57.4291 30.2
      vertex -85.0592 53.1509 30.2
    endloop
  endfacet
  facet normal -0 0 1
    outer loop
      vertex -87.0945 54.4227 30.2
      vertex -85.0592 53.1509 30.2
      vertex -85.1422 57.4291 30.2
    endloop
  endfacet
  facet normal 0 0 1
    outer loop
      vertex -85.0592 53.1509 30.2
      vertex -87.0945 54.4227 30.2
      vertex -86.8624 50.15 30.2
    endloop
  endfacet
  facet normal -0 0 1
    outer loop
      vertex -88.9408 51.35 30.2
      vertex -86.8624 50.15 30.2
      vertex -87.0945 54.4227 30.2
    endloop
  endfacet
  facet normal 0 0 1
    outer loop
      vertex -86.8624 50.15 30.2
      vertex -88.9408 51.35 30.2
      vertex -88.5596 47.088 30.2
    endloop
  endfacet
  facet normal -0 0 1
    outer loop
      vertex -90.6787 48.2147 30.2
      vertex -88.5596 47.088 30.2
      vertex -88.9408 51.35 30.2
    endloop
  endfacet
  facet normal 0 0 1
    outer loop
      vertex -88.5596 47.088 30.2
      vertex -90.6787 48.2147 30.2
      vertex -90.149 43.9686 30.2
    endloop
  endfacet
  facet normal -0 0 1
    outer loop
      vertex -92.3062 45.0207 30.2
      vertex -90.149 43.9686 30.2
      vertex -90.6787 48.2147 30.2
    endloop
  endfacet
  facet normal 0 0 1
    outer loop
      vertex -90.149 43.9686 30.2
      vertex -92.3062 45.0207 30.2
      vertex -91.6286 40.7957 30.2
    endloop
  endfacet
  facet normal -0 0 1
    outer loop
      vertex -93.8211 41.7719 30.2
      vertex -91.6286 40.7957 30.2
      vertex -92.3062 45.0207 30.2
    endloop
  endfacet
  facet normal 0 0 1
    outer loop
      vertex -91.6286 40.7957 30.2
      vertex -93.8211 41.7719 30.2
      vertex -92.9965 37.573 30.2
    endloop
  endfacet
  facet normal -0 0 1
    outer loop
      vertex -95.2218 38.4721 30.2
      vertex -92.9965 37.573 30.2
      vertex -93.8211 41.7719 30.2
    endloop
  endfacet
  facet normal 0 0 1
    outer loop
      vertex -92.9965 37.573 30.2
      vertex -95.2218 38.4721 30.2
      vertex -94.2512 34.3046 30.2
    endloop
  endfacet
  facet normal -0 0 1
    outer loop
      vertex -96.5064 35.1255 30.2
      vertex -94.2512 34.3046 30.2
      vertex -95.2218 38.4721 30.2
    endloop
  endfacet
  facet normal 0 0 1
    outer loop
      vertex -94.2512 34.3046 30.2
      vertex -96.5064 35.1255 30.2
      vertex -95.391 30.9944 30.2
    endloop
  endfacet
  facet normal -0 0 1
    outer loop
      vertex -97.6735 31.736 30.2
      vertex -95.391 30.9944 30.2
      vertex -96.5064 35.1255 30.2
    endloop
  endfacet
  facet normal 0 0 1
    outer loop
      vertex -95.391 30.9944 30.2
      vertex -97.6735 31.736 30.2
      vertex -96.4146 27.6464 30.2
    endloop
  endfacet
  facet normal -0 0 1
    outer loop
      vertex -98.7216 28.308 30.2
      vertex -96.4146 27.6464 30.2
      vertex -97.6735 31.736 30.2
    endloop
  endfacet
  facet normal 0 0 1
    outer loop
      vertex -96.4146 27.6464 30.2
      vertex -98.7216 28.308 30.2
      vertex -97.3207 24.2648 30.2
    endloop
  endfacet
  facet normal -0 0 1
    outer loop
      vertex -99.6494 24.8454 30.2
      vertex -97.3207 24.2648 30.2
      vertex -98.7216 28.308 30.2
    endloop
  endfacet
  facet normal 0 0 1
    outer loop
      vertex -97.3207 24.2648 30.2
      vertex -99.6494 24.8454 30.2
      vertex -98.1082 20.8535 30.2
    endloop
  endfacet
  facet normal -0 0 1
    outer loop
      vertex -100.456 21.3525 30.2
      vertex -98.1082 20.8535 30.2
      vertex -99.6494 24.8454 30.2
    endloop
  endfacet
  facet normal 0 0 1
    outer loop
      vertex -98.1082 20.8535 30.2
      vertex -100.456 21.3525 30.2
      vertex -98.7762 17.4169 30.2
    endloop
  endfacet
  facet normal -0 0 1
    outer loop
      vertex -101.14 17.8337 30.2
      vertex -98.7762 17.4169 30.2
      vertex -100.456 21.3525 30.2
    endloop
  endfacet
  facet normal 0 0 1
    outer loop
      vertex -98.7762 17.4169 30.2
      vertex -101.14 17.8337 30.2
      vertex -99.3239 13.9591 30.2
    endloop
  endfacet
  facet normal -0 0 1
    outer loop
      vertex -101.701 14.2931 30.2
      vertex -99.3239 13.9591 30.2
      vertex -101.14 17.8337 30.2
    endloop
  endfacet
  facet normal -0 0 1
    outer loop
      vertex -102.137 10.7351 30.2
      vertex -99.7505 10.4842 30.2
      vertex -101.701 14.2931 30.2
    endloop
  endfacet
  facet normal 0 0 1
    outer loop
      vertex -99.3239 13.9591 30.2
      vertex -101.701 14.2931 30.2
      vertex -99.7505 10.4842 30.2
    endloop
  endfacet
  facet normal 0 0 1
    outer loop
      vertex -91.6286 -40.7957 30.2
      vertex -92.9975 -43.5381 30.2
      vertex -90.8242 -42.5206 30.2
    endloop
  endfacet
  facet normal 0 0 1
    outer loop
      vertex -93.8211 -41.7719 30.2
      vertex -91.6286 -40.7957 30.2
      vertex -92.9965 -37.573 30.2
    endloop
  endfacet
  facet normal 0 0 1
    outer loop
      vertex -91.6286 -40.7957 30.2
      vertex -93.8211 -41.7719 30.2
      vertex -92.9975 -43.5381 30.2
    endloop
  endfacet
  facet normal 0 0 1
    outer loop
      vertex -95.2218 -38.4721 30.2
      vertex -92.9965 -37.573 30.2
      vertex -94.2512 -34.3046 30.2
    endloop
  endfacet
  facet normal 0 0 1
    outer loop
      vertex -92.9965 -37.573 30.2
      vertex -95.2218 -38.4721 30.2
      vertex -93.8211 -41.7719 30.2
    endloop
  endfacet
  facet normal 0 0 1
    outer loop
      vertex -96.5064 -35.1255 30.2
      vertex -94.2512 -34.3046 30.2
      vertex -95.391 -30.9944 30.2
    endloop
  endfacet
  facet normal 0 0 1
    outer loop
      vertex -97.6735 -31.736 30.2
      vertex -95.391 -30.9944 30.2
      vertex -96.4146 -27.6464 30.2
    endloop
  endfacet
  facet normal 0 0 1
    outer loop
      vertex -94.2512 -34.3046 30.2
      vertex -96.5064 -35.1255 30.2
      vertex -95.2218 -38.4721 30.2
    endloop
  endfacet
  facet normal 0 0 1
    outer loop
      vertex -98.7216 -28.308 30.2
      vertex -96.4146 -27.6464 30.2
      vertex -97.3207 -24.2648 30.2
    endloop
  endfacet
  facet normal 0 0 1
    outer loop
      vertex -95.391 -30.9944 30.2
      vertex -97.6735 -31.736 30.2
      vertex -96.5064 -35.1255 30.2
    endloop
  endfacet
  facet normal 0 0 1
    outer loop
      vertex -99.6494 -24.8454 30.2
      vertex -97.3207 -24.2648 30.2
      vertex -98.1082 -20.8535 30.2
    endloop
  endfacet
  facet normal 0 0 1
    outer loop
      vertex -96.4146 -27.6464 30.2
      vertex -98.7216 -28.308 30.2
      vertex -97.6735 -31.736 30.2
    endloop
  endfacet
  facet normal 0 0 1
    outer loop
      vertex -100.456 -21.3525 30.2
      vertex -98.1082 -20.8535 30.2
      vertex -98.7762 -17.4169 30.2
    endloop
  endfacet
  facet normal 0 0 1
    outer loop
      vertex -101.14 -17.8337 30.2
      vertex -98.7762 -17.4169 30.2
      vertex -99.3239 -13.9591 30.2
    endloop
  endfacet
  facet normal 0 0 1
    outer loop
      vertex -97.3207 -24.2648 30.2
      vertex -99.6494 -24.8454 30.2
      vertex -98.7216 -28.308 30.2
    endloop
  endfacet
  facet normal 0 0 1
    outer loop
      vertex -101.701 -14.2931 30.2
      vertex -99.3239 -13.9591 30.2
      vertex -99.7505 -10.4842 30.2
    endloop
  endfacet
  facet normal 0 0 1
    outer loop
      vertex -102.137 -10.7351 30.2
      vertex -99.7505 -10.4842 30.2
      vertex -100.056 -6.99657 30.2
    endloop
  endfacet
  facet normal 0 0 1
    outer loop
      vertex -102.45 -7.16399 30.2
      vertex -100.056 -6.99657 30.2
      vertex -100.239 -3.50042 30.2
    endloop
  endfacet
  facet normal 0 0 1
    outer loop
      vertex -98.1082 -20.8535 30.2
      vertex -100.456 -21.3525 30.2
      vertex -99.6494 -24.8454 30.2
    endloop
  endfacet
  facet normal 0 0 1
    outer loop
      vertex -102.637 -3.58418 30.2
      vertex -100.239 -3.50042 30.2
      vertex -100.3 0 30.2
    endloop
  endfacet
  facet normal 0 0 1
    outer loop
      vertex -99.7505 10.4842 30.2
      vertex -102.137 10.7351 30.2
      vertex -100.056 6.99657 30.2
    endloop
  endfacet
  facet normal -0 0 1
    outer loop
      vertex -102.45 7.16399 30.2
      vertex -100.056 6.99657 30.2
      vertex -102.137 10.7351 30.2
    endloop
  endfacet
  facet normal 0 0 1
    outer loop
      vertex -98.7762 -17.4169 30.2
      vertex -101.14 -17.8337 30.2
      vertex -100.456 -21.3525 30.2
    endloop
  endfacet
  facet normal 0 0 1
    outer loop
      vertex -100.056 6.99657 30.2
      vertex -102.45 7.16399 30.2
      vertex -100.239 3.50042 30.2
    endloop
  endfacet
  facet normal 0 0 1
    outer loop
      vertex -99.3239 -13.9591 30.2
      vertex -101.701 -14.2931 30.2
      vertex -101.14 -17.8337 30.2
    endloop
  endfacet
  facet normal -0 0 1
    outer loop
      vertex -102.637 3.58418 30.2
      vertex -100.239 3.50042 30.2
      vertex -102.45 7.16399 30.2
    endloop
  endfacet
  facet normal 0 0 1
    outer loop
      vertex -99.7505 -10.4842 30.2
      vertex -102.137 -10.7351 30.2
      vertex -101.701 -14.2931 30.2
    endloop
  endfacet
  facet normal 0 0 1
    outer loop
      vertex -100.239 3.50042 30.2
      vertex -102.637 3.58418 30.2
      vertex -100.3 0 30.2
    endloop
  endfacet
  facet normal 0 0 1
    outer loop
      vertex -100.056 -6.99657 30.2
      vertex -102.45 -7.16399 30.2
      vertex -102.137 -10.7351 30.2
    endloop
  endfacet
  facet normal 0 0 1
    outer loop
      vertex -102.7 0 30.2
      vertex -100.3 0 30.2
      vertex -102.637 3.58418 30.2
    endloop
  endfacet
  facet normal 0 0 1
    outer loop
      vertex -100.239 -3.50042 30.2
      vertex -102.637 -3.58418 30.2
      vertex -102.45 -7.16399 30.2
    endloop
  endfacet
  facet normal 0 0 1
    outer loop
      vertex -100.3 0 30.2
      vertex -102.7 0 30.2
      vertex -102.637 -3.58418 30.2
    endloop
  endfacet
  facet normal 0 0 1
    outer loop
      vertex 3.58418 102.637 30.2
      vertex 6.99432 100.056 30.2
      vertex 7.16168 102.45 30.2
    endloop
  endfacet
  facet normal 0 0 1
    outer loop
      vertex 3.58418 102.637 30.2
      vertex 3.50042 100.239 30.2
      vertex 6.99432 100.056 30.2
    endloop
  endfacet
  facet normal 0 0 1
    outer loop
      vertex 0 102.7 30.2
      vertex 3.50042 100.239 30.2
      vertex 3.58418 102.637 30.2
    endloop
  endfacet
  facet normal 0 0 1
    outer loop
      vertex 0 102.7 30.2
      vertex 0 100.3 30.2
      vertex 3.50042 100.239 30.2
    endloop
  endfacet
  facet normal 0 0 1
    outer loop
      vertex 0 102.7 30.2
      vertex -3.50042 100.239 30.2
      vertex 0 100.3 30.2
    endloop
  endfacet
  facet normal -0 0 1
    outer loop
      vertex -3.58418 102.637 30.2
      vertex -3.50042 100.239 30.2
      vertex 0 102.7 30.2
    endloop
  endfacet
  facet normal 0 0 1
    outer loop
      vertex -3.58418 102.637 30.2
      vertex -6.99432 100.056 30.2
      vertex -3.50042 100.239 30.2
    endloop
  endfacet
  facet normal 0 -0 1
    outer loop
      vertex -6.99432 100.056 30.2
      vertex -3.58418 102.637 30.2
      vertex -7.16168 102.45 30.2
    endloop
  endfacet
  facet normal 0 0 1
    outer loop
      vertex 100.3 0 30.2
      vertex 102.7 0 30.2
      vertex 102.637 3.58418 30.2
    endloop
  endfacet
  facet normal 0 0 1
    outer loop
      vertex 100.239 3.50042 30.2
      vertex 102.637 3.58418 30.2
      vertex 102.45 7.16399 30.2
    endloop
  endfacet
  facet normal 0 0 1
    outer loop
      vertex 102.7 0 30.2
      vertex 100.3 0 30.2
      vertex 102.637 -3.58418 30.2
    endloop
  endfacet
  facet normal 0 0 1
    outer loop
      vertex 100.056 6.99657 30.2
      vertex 102.45 7.16399 30.2
      vertex 102.137 10.7351 30.2
    endloop
  endfacet
  facet normal -0 0 1
    outer loop
      vertex 100.239 -3.50042 30.2
      vertex 102.637 -3.58418 30.2
      vertex 100.3 0 30.2
    endloop
  endfacet
  facet normal 0 0 1
    outer loop
      vertex 99.7505 10.4842 30.2
      vertex 102.137 10.7351 30.2
      vertex 101.701 14.2931 30.2
    endloop
  endfacet
  facet normal 0 0 1
    outer loop
      vertex 102.637 -3.58418 30.2
      vertex 100.239 -3.50042 30.2
      vertex 102.45 -7.16399 30.2
    endloop
  endfacet
  facet normal 0 0 1
    outer loop
      vertex 99.3239 13.9591 30.2
      vertex 101.701 14.2931 30.2
      vertex 101.14 17.8337 30.2
    endloop
  endfacet
  facet normal -0 0 1
    outer loop
      vertex 100.056 -6.99657 30.2
      vertex 102.45 -7.16399 30.2
      vertex 100.239 -3.50042 30.2
    endloop
  endfacet
  facet normal 0 0 1
    outer loop
      vertex 98.7762 17.4169 30.2
      vertex 101.14 17.8337 30.2
      vertex 100.456 21.3525 30.2
    endloop
  endfacet
  facet normal 0 0 1
    outer loop
      vertex 102.45 -7.16399 30.2
      vertex 100.056 -6.99657 30.2
      vertex 102.137 -10.7351 30.2
    endloop
  endfacet
  facet normal -0 0 1
    outer loop
      vertex 99.7505 -10.4842 30.2
      vertex 102.137 -10.7351 30.2
      vertex 100.056 -6.99657 30.2
    endloop
  endfacet
  facet normal 0 0 1
    outer loop
      vertex 102.637 3.58418 30.2
      vertex 100.239 3.50042 30.2
      vertex 100.3 0 30.2
    endloop
  endfacet
  facet normal 0 0 1
    outer loop
      vertex 102.45 7.16399 30.2
      vertex 100.056 6.99657 30.2
      vertex 100.239 3.50042 30.2
    endloop
  endfacet
  facet normal 0 0 1
    outer loop
      vertex 102.137 10.7351 30.2
      vertex 99.7505 10.4842 30.2
      vertex 100.056 6.99657 30.2
    endloop
  endfacet
  facet normal 0 0 1
    outer loop
      vertex 98.1082 20.8535 30.2
      vertex 100.456 21.3525 30.2
      vertex 99.6494 24.8454 30.2
    endloop
  endfacet
  facet normal 0 0 1
    outer loop
      vertex 101.701 14.2931 30.2
      vertex 99.3239 13.9591 30.2
      vertex 99.7505 10.4842 30.2
    endloop
  endfacet
  facet normal 0 0 1
    outer loop
      vertex 101.14 17.8337 30.2
      vertex 98.7762 17.4169 30.2
      vertex 99.3239 13.9591 30.2
    endloop
  endfacet
  facet normal 0 0 1
    outer loop
      vertex 97.3207 24.2648 30.2
      vertex 99.6494 24.8454 30.2
      vertex 98.7216 28.308 30.2
    endloop
  endfacet
  facet normal 0 0 1
    outer loop
      vertex 100.456 21.3525 30.2
      vertex 98.1082 20.8535 30.2
      vertex 98.7762 17.4169 30.2
    endloop
  endfacet
  facet normal 0 0 1
    outer loop
      vertex 96.4146 27.6464 30.2
      vertex 98.7216 28.308 30.2
      vertex 97.6735 31.736 30.2
    endloop
  endfacet
  facet normal 0 0 1
    outer loop
      vertex 99.6494 24.8454 30.2
      vertex 97.3207 24.2648 30.2
      vertex 98.1082 20.8535 30.2
    endloop
  endfacet
  facet normal 0 0 1
    outer loop
      vertex 95.391 30.9944 30.2
      vertex 97.6735 31.736 30.2
      vertex 96.5064 35.1255 30.2
    endloop
  endfacet
  facet normal 0 0 1
    outer loop
      vertex 98.7216 28.308 30.2
      vertex 96.4146 27.6464 30.2
      vertex 97.3207 24.2648 30.2
    endloop
  endfacet
  facet normal 0 0 1
    outer loop
      vertex 97.6735 31.736 30.2
      vertex 95.391 30.9944 30.2
      vertex 96.4146 27.6464 30.2
    endloop
  endfacet
  facet normal 0 0 1
    outer loop
      vertex 94.2512 34.3046 30.2
      vertex 96.5064 35.1255 30.2
      vertex 95.2218 38.4721 30.2
    endloop
  endfacet
  facet normal 0 0 1
    outer loop
      vertex 96.5064 35.1255 30.2
      vertex 94.2512 34.3046 30.2
      vertex 95.391 30.9944 30.2
    endloop
  endfacet
  facet normal 0 0 1
    outer loop
      vertex 92.9965 37.573 30.2
      vertex 95.2218 38.4721 30.2
      vertex 93.8211 41.7719 30.2
    endloop
  endfacet
  facet normal 0 0 1
    outer loop
      vertex 95.2218 38.4721 30.2
      vertex 92.9965 37.573 30.2
      vertex 94.2512 34.3046 30.2
    endloop
  endfacet
  facet normal 0 0 1
    outer loop
      vertex 91.6286 40.7957 30.2
      vertex 93.8211 41.7719 30.2
      vertex 92.3062 45.0207 30.2
    endloop
  endfacet
  facet normal 0 0 1
    outer loop
      vertex 93.8211 41.7719 30.2
      vertex 91.6286 40.7957 30.2
      vertex 92.9965 37.573 30.2
    endloop
  endfacet
  facet normal 0 0 1
    outer loop
      vertex 90.149 43.9686 30.2
      vertex 92.3062 45.0207 30.2
      vertex 90.6787 48.2147 30.2
    endloop
  endfacet
  facet normal 0 0 1
    outer loop
      vertex 92.3062 45.0207 30.2
      vertex 90.149 43.9686 30.2
      vertex 91.6286 40.7957 30.2
    endloop
  endfacet
  facet normal 0 0 1
    outer loop
      vertex 88.5596 47.088 30.2
      vertex 90.6787 48.2147 30.2
      vertex 88.9408 51.35 30.2
    endloop
  endfacet
  facet normal 0 0 1
    outer loop
      vertex 90.6787 48.2147 30.2
      vertex 88.5596 47.088 30.2
      vertex 90.149 43.9686 30.2
    endloop
  endfacet
  facet normal 0 0 1
    outer loop
      vertex 86.8624 50.15 30.2
      vertex 88.9408 51.35 30.2
      vertex 87.0945 54.4227 30.2
    endloop
  endfacet
  facet normal 0 0 1
    outer loop
      vertex 88.9408 51.35 30.2
      vertex 86.8624 50.15 30.2
      vertex 88.5596 47.088 30.2
    endloop
  endfacet
  facet normal 0 0 1
    outer loop
      vertex 85.0592 53.1509 30.2
      vertex 87.0945 54.4227 30.2
      vertex 85.1422 57.4291 30.2
    endloop
  endfacet
  facet normal 0 0 1
    outer loop
      vertex 87.0945 54.4227 30.2
      vertex 85.0592 53.1509 30.2
      vertex 86.8624 50.15 30.2
    endloop
  endfacet
  facet normal 0 0 1
    outer loop
      vertex 85.1422 57.4291 30.2
      vertex 83.1525 56.087 30.2
      vertex 85.0592 53.1509 30.2
    endloop
  endfacet
  facet normal 0 0 1
    outer loop
      vertex 83.086 60.3655 30.2
      vertex 83.1525 56.087 30.2
      vertex 85.1422 57.4291 30.2
    endloop
  endfacet
  facet normal 0 0 1
    outer loop
      vertex 83.086 60.3655 30.2
      vertex 81.1444 58.9549 30.2
      vertex 83.1525 56.087 30.2
    endloop
  endfacet
  facet normal 0 0 1
    outer loop
      vertex 80.9287 63.2284 30.2
      vertex 81.1444 58.9549 30.2
      vertex 83.086 60.3655 30.2
    endloop
  endfacet
  facet normal 0 0 1
    outer loop
      vertex 80.9287 63.2284 30.2
      vertex 79.0375 61.7508 30.2
      vertex 81.1444 58.9549 30.2
    endloop
  endfacet
  facet normal 0 0 1
    outer loop
      vertex 78.6728 66.0143 30.2
      vertex 79.0375 61.7508 30.2
      vertex 80.9287 63.2284 30.2
    endloop
  endfacet
  facet normal 0 0 1
    outer loop
      vertex 78.6728 66.0143 30.2
      vertex 76.8343 64.4716 30.2
      vertex 79.0375 61.7508 30.2
    endloop
  endfacet
  facet normal 0 0 1
    outer loop
      vertex 76.321 68.7197 30.2
      vertex 76.8343 64.4716 30.2
      vertex 78.6728 66.0143 30.2
    endloop
  endfacet
  facet normal 0 0 1
    outer loop
      vertex 76.321 68.7197 30.2
      vertex 74.5374 67.1138 30.2
      vertex 76.8343 64.4716 30.2
    endloop
  endfacet
  facet normal 0 0 1
    outer loop
      vertex 73.8762 71.3414 30.2
      vertex 74.5374 67.1138 30.2
      vertex 76.321 68.7197 30.2
    endloop
  endfacet
  facet normal 0 0 1
    outer loop
      vertex 73.8762 71.3414 30.2
      vertex 72.1498 69.6742 30.2
      vertex 74.5374 67.1138 30.2
    endloop
  endfacet
  facet normal 0 0 1
    outer loop
      vertex 71.3414 73.8762 30.2
      vertex 72.1498 69.6742 30.2
      vertex 73.8762 71.3414 30.2
    endloop
  endfacet
  facet normal 0 0 1
    outer loop
      vertex 71.3414 73.8762 30.2
      vertex 69.6742 72.1498 30.2
      vertex 72.1498 69.6742 30.2
    endloop
  endfacet
  facet normal 0 0 1
    outer loop
      vertex 68.7197 76.321 30.2
      vertex 69.6742 72.1498 30.2
      vertex 71.3414 73.8762 30.2
    endloop
  endfacet
  facet normal 0 0 1
    outer loop
      vertex 68.7197 76.321 30.2
      vertex 67.1138 74.5374 30.2
      vertex 69.6742 72.1498 30.2
    endloop
  endfacet
  facet normal 0 0 1
    outer loop
      vertex 66.0143 78.6728 30.2
      vertex 67.1138 74.5374 30.2
      vertex 68.7197 76.321 30.2
    endloop
  endfacet
  facet normal 0 0 1
    outer loop
      vertex 66.0143 78.6728 30.2
      vertex 64.4716 76.8343 30.2
      vertex 67.1138 74.5374 30.2
    endloop
  endfacet
  facet normal 0 0 1
    outer loop
      vertex 63.2284 80.9287 30.2
      vertex 64.4716 76.8343 30.2
      vertex 66.0143 78.6728 30.2
    endloop
  endfacet
  facet normal 0 0 1
    outer loop
      vertex 63.2284 80.9287 30.2
      vertex 61.7508 79.0375 30.2
      vertex 64.4716 76.8343 30.2
    endloop
  endfacet
  facet normal 0 0 1
    outer loop
      vertex 60.3655 83.086 30.2
      vertex 61.7508 79.0375 30.2
      vertex 63.2284 80.9287 30.2
    endloop
  endfacet
  facet normal 0 0 1
    outer loop
      vertex 60.3655 83.086 30.2
      vertex 58.9549 81.1444 30.2
      vertex 61.7508 79.0375 30.2
    endloop
  endfacet
  facet normal 0 0 1
    outer loop
      vertex 57.4291 85.1422 30.2
      vertex 58.9549 81.1444 30.2
      vertex 60.3655 83.086 30.2
    endloop
  endfacet
  facet normal 0 0 1
    outer loop
      vertex 57.4291 85.1422 30.2
      vertex 56.087 83.1525 30.2
      vertex 58.9549 81.1444 30.2
    endloop
  endfacet
  facet normal 0 0 1
    outer loop
      vertex 54.4227 87.0945 30.2
      vertex 56.087 83.1525 30.2
      vertex 57.4291 85.1422 30.2
    endloop
  endfacet
  facet normal 0 0 1
    outer loop
      vertex 54.4227 87.0945 30.2
      vertex 53.1509 85.0592 30.2
      vertex 56.087 83.1525 30.2
    endloop
  endfacet
  facet normal 0 0 1
    outer loop
      vertex 51.35 88.9408 30.2
      vertex 53.1509 85.0592 30.2
      vertex 54.4227 87.0945 30.2
    endloop
  endfacet
  facet normal 0 0 1
    outer loop
      vertex 51.35 88.9408 30.2
      vertex 50.15 86.8624 30.2
      vertex 53.1509 85.0592 30.2
    endloop
  endfacet
  facet normal 0 0 1
    outer loop
      vertex 48.2147 90.6787 30.2
      vertex 50.15 86.8624 30.2
      vertex 51.35 88.9408 30.2
    endloop
  endfacet
  facet normal 0 0 1
    outer loop
      vertex 48.2147 90.6787 30.2
      vertex 47.088 88.5596 30.2
      vertex 50.15 86.8624 30.2
    endloop
  endfacet
  facet normal 0 0 1
    outer loop
      vertex 45.0207 92.3062 30.2
      vertex 47.088 88.5596 30.2
      vertex 48.2147 90.6787 30.2
    endloop
  endfacet
  facet normal 0 0 1
    outer loop
      vertex 45.0207 92.3062 30.2
      vertex 43.9686 90.149 30.2
      vertex 47.088 88.5596 30.2
    endloop
  endfacet
  facet normal 0 0 1
    outer loop
      vertex 41.7719 93.8211 30.2
      vertex 43.9686 90.149 30.2
      vertex 45.0207 92.3062 30.2
    endloop
  endfacet
  facet normal 0 0 1
    outer loop
      vertex 41.7719 93.8211 30.2
      vertex 40.7957 91.6286 30.2
      vertex 43.9686 90.149 30.2
    endloop
  endfacet
  facet normal 0 0 1
    outer loop
      vertex 38.4721 95.2218 30.2
      vertex 40.7957 91.6286 30.2
      vertex 41.7719 93.8211 30.2
    endloop
  endfacet
  facet normal 0 0 1
    outer loop
      vertex 38.4721 95.2218 30.2
      vertex 37.573 92.9965 30.2
      vertex 40.7957 91.6286 30.2
    endloop
  endfacet
  facet normal 0 0 1
    outer loop
      vertex 35.1255 96.5064 30.2
      vertex 37.573 92.9965 30.2
      vertex 38.4721 95.2218 30.2
    endloop
  endfacet
  facet normal 0 0 1
    outer loop
      vertex 35.1255 96.5064 30.2
      vertex 34.3046 94.2512 30.2
      vertex 37.573 92.9965 30.2
    endloop
  endfacet
  facet normal 0 0 1
    outer loop
      vertex 31.736 97.6735 30.2
      vertex 34.3046 94.2512 30.2
      vertex 35.1255 96.5064 30.2
    endloop
  endfacet
  facet normal 0 0 1
    outer loop
      vertex 31.736 97.6735 30.2
      vertex 30.9944 95.391 30.2
      vertex 34.3046 94.2512 30.2
    endloop
  endfacet
  facet normal 0 0 1
    outer loop
      vertex 28.308 98.7216 30.2
      vertex 30.9944 95.391 30.2
      vertex 31.736 97.6735 30.2
    endloop
  endfacet
  facet normal 0 0 1
    outer loop
      vertex 28.308 98.7216 30.2
      vertex 27.6464 96.4146 30.2
      vertex 30.9944 95.391 30.2
    endloop
  endfacet
  facet normal 0 0 1
    outer loop
      vertex 24.8454 99.6494 30.2
      vertex 27.6464 96.4146 30.2
      vertex 28.308 98.7216 30.2
    endloop
  endfacet
  facet normal 0 0 1
    outer loop
      vertex 24.8454 99.6494 30.2
      vertex 24.2648 97.3207 30.2
      vertex 27.6464 96.4146 30.2
    endloop
  endfacet
  facet normal 0 0 1
    outer loop
      vertex 21.3525 100.456 30.2
      vertex 24.2648 97.3207 30.2
      vertex 24.8454 99.6494 30.2
    endloop
  endfacet
  facet normal 0 0 1
    outer loop
      vertex 21.3525 100.456 30.2
      vertex 20.8535 98.1082 30.2
      vertex 24.2648 97.3207 30.2
    endloop
  endfacet
  facet normal 0 0 1
    outer loop
      vertex 17.8337 101.14 30.2
      vertex 20.8535 98.1082 30.2
      vertex 21.3525 100.456 30.2
    endloop
  endfacet
  facet normal 0 0 1
    outer loop
      vertex 17.8337 101.14 30.2
      vertex 17.4169 98.7762 30.2
      vertex 20.8535 98.1082 30.2
    endloop
  endfacet
  facet normal 0 0 1
    outer loop
      vertex 14.2931 101.701 30.2
      vertex 17.4169 98.7762 30.2
      vertex 17.8337 101.14 30.2
    endloop
  endfacet
  facet normal 0 0 1
    outer loop
      vertex 14.2931 101.701 30.2
      vertex 13.9591 99.3239 30.2
      vertex 17.4169 98.7762 30.2
    endloop
  endfacet
  facet normal 0 0 1
    outer loop
      vertex 10.7351 102.137 30.2
      vertex 13.9591 99.3239 30.2
      vertex 14.2931 101.701 30.2
    endloop
  endfacet
  facet normal 0 0 1
    outer loop
      vertex 10.7351 102.137 30.2
      vertex 10.4842 99.7505 30.2
      vertex 13.9591 99.3239 30.2
    endloop
  endfacet
  facet normal 0 0 1
    outer loop
      vertex 8.79367 102.307 30.2
      vertex 10.4842 99.7505 30.2
      vertex 10.7351 102.137 30.2
    endloop
  endfacet
  facet normal 0 0 1
    outer loop
      vertex 10.4842 99.7505 30.2
      vertex 8.79367 102.307 30.2
      vertex 8.58817 99.9164 30.2
    endloop
  endfacet
  facet normal 0 0 1
    outer loop
      vertex 102.137 -10.7351 30.2
      vertex 99.7505 -10.4842 30.2
      vertex 101.701 -14.2931 30.2
    endloop
  endfacet
  facet normal -0 0 1
    outer loop
      vertex 99.3239 -13.9591 30.2
      vertex 101.701 -14.2931 30.2
      vertex 99.7505 -10.4842 30.2
    endloop
  endfacet
  facet normal 0 0 1
    outer loop
      vertex 101.701 -14.2931 30.2
      vertex 99.3239 -13.9591 30.2
      vertex 101.14 -17.8337 30.2
    endloop
  endfacet
  facet normal -0 0 1
    outer loop
      vertex 98.7762 -17.4169 30.2
      vertex 101.14 -17.8337 30.2
      vertex 99.3239 -13.9591 30.2
    endloop
  endfacet
  facet normal 0 0 1
    outer loop
      vertex 101.14 -17.8337 30.2
      vertex 98.7762 -17.4169 30.2
      vertex 100.456 -21.3525 30.2
    endloop
  endfacet
  facet normal -0 0 1
    outer loop
      vertex 98.1082 -20.8535 30.2
      vertex 100.456 -21.3525 30.2
      vertex 98.7762 -17.4169 30.2
    endloop
  endfacet
  facet normal 0 0 1
    outer loop
      vertex 100.456 -21.3525 30.2
      vertex 98.1082 -20.8535 30.2
      vertex 99.6494 -24.8454 30.2
    endloop
  endfacet
  facet normal -0 0 1
    outer loop
      vertex 97.3207 -24.2648 30.2
      vertex 99.6494 -24.8454 30.2
      vertex 98.1082 -20.8535 30.2
    endloop
  endfacet
  facet normal 0 0 1
    outer loop
      vertex 99.6494 -24.8454 30.2
      vertex 97.3207 -24.2648 30.2
      vertex 98.7216 -28.308 30.2
    endloop
  endfacet
  facet normal -0 0 1
    outer loop
      vertex 96.4146 -27.6464 30.2
      vertex 98.7216 -28.308 30.2
      vertex 97.3207 -24.2648 30.2
    endloop
  endfacet
  facet normal 0 0 1
    outer loop
      vertex 98.7216 -28.308 30.2
      vertex 96.4146 -27.6464 30.2
      vertex 97.6735 -31.736 30.2
    endloop
  endfacet
  facet normal -0 0 1
    outer loop
      vertex 95.391 -30.9944 30.2
      vertex 97.6735 -31.736 30.2
      vertex 96.4146 -27.6464 30.2
    endloop
  endfacet
  facet normal 0 0 1
    outer loop
      vertex 97.6735 -31.736 30.2
      vertex 95.391 -30.9944 30.2
      vertex 96.5064 -35.1255 30.2
    endloop
  endfacet
  facet normal -0 0 1
    outer loop
      vertex 94.2512 -34.3046 30.2
      vertex 96.5064 -35.1255 30.2
      vertex 95.391 -30.9944 30.2
    endloop
  endfacet
  facet normal 0 0 1
    outer loop
      vertex 96.5064 -35.1255 30.2
      vertex 94.2512 -34.3046 30.2
      vertex 95.2218 -38.4721 30.2
    endloop
  endfacet
  facet normal -0 0 1
    outer loop
      vertex 92.9965 -37.573 30.2
      vertex 95.2218 -38.4721 30.2
      vertex 94.2512 -34.3046 30.2
    endloop
  endfacet
  facet normal 0 0 1
    outer loop
      vertex 95.2218 -38.4721 30.2
      vertex 92.9965 -37.573 30.2
      vertex 93.8211 -41.7719 30.2
    endloop
  endfacet
  facet normal -0 0 1
    outer loop
      vertex 91.6286 -40.7957 30.2
      vertex 93.8211 -41.7719 30.2
      vertex 92.9965 -37.573 30.2
    endloop
  endfacet
  facet normal 0 0 1
    outer loop
      vertex 93.8211 -41.7719 30.2
      vertex 91.6286 -40.7957 30.2
      vertex 92.9975 -43.5381 30.2
    endloop
  endfacet
  facet normal 0 0 1
    outer loop
      vertex 92.9975 -43.5381 30.2
      vertex 91.6286 -40.7957 30.2
      vertex 90.8242 -42.5206 30.2
    endloop
  endfacet
  facet normal 0 0 1
    outer loop
      vertex 90.148 -43.9706 30.2
      vertex 90.6787 -48.2147 30.2
      vertex 92.3051 -45.0228 30.2
    endloop
  endfacet
  facet normal -0 0 1
    outer loop
      vertex 88.5596 -47.088 30.2
      vertex 90.6787 -48.2147 30.2
      vertex 90.148 -43.9706 30.2
    endloop
  endfacet
  facet normal 0 0 1
    outer loop
      vertex 90.6787 -48.2147 30.2
      vertex 88.5596 -47.088 30.2
      vertex 88.9408 -51.35 30.2
    endloop
  endfacet
  facet normal -0 0 1
    outer loop
      vertex 86.8624 -50.15 30.2
      vertex 88.9408 -51.35 30.2
      vertex 88.5596 -47.088 30.2
    endloop
  endfacet
  facet normal 0 0 1
    outer loop
      vertex 88.9408 -51.35 30.2
      vertex 86.8624 -50.15 30.2
      vertex 87.0945 -54.4227 30.2
    endloop
  endfacet
  facet normal -0 0 1
    outer loop
      vertex 85.0592 -53.1509 30.2
      vertex 87.0945 -54.4227 30.2
      vertex 86.8624 -50.15 30.2
    endloop
  endfacet
  facet normal 0 0 1
    outer loop
      vertex 87.0945 -54.4227 30.2
      vertex 85.0592 -53.1509 30.2
      vertex 85.1434 -57.4272 30.2
    endloop
  endfacet
  facet normal 0 0 1
    outer loop
      vertex 85.1434 -57.4272 30.2
      vertex 85.0592 -53.1509 30.2
      vertex 83.1537 -56.0852 30.2
    endloop
  endfacet
  facet normal 0 0 1
    outer loop
      vertex 81.1444 -58.9549 30.2
      vertex 84.2038 -58.7692 30.2
      vertex 82.2361 -57.3958 30.2
    endloop
  endfacet
  facet normal 0 0 1
    outer loop
      vertex 84.2038 -58.7692 30.2
      vertex 81.1444 -58.9549 30.2
      vertex 83.086 -60.3655 30.2
    endloop
  endfacet
  facet normal 0 0 1
    outer loop
      vertex 81.1444 -58.9549 30.2
      vertex 80.9287 -63.2284 30.2
      vertex 83.086 -60.3655 30.2
    endloop
  endfacet
  facet normal -0 0 1
    outer loop
      vertex 79.0375 -61.7508 30.2
      vertex 80.9287 -63.2284 30.2
      vertex 81.1444 -58.9549 30.2
    endloop
  endfacet
  facet normal 0 0 1
    outer loop
      vertex 79.0375 -61.7508 30.2
      vertex 78.6728 -66.0143 30.2
      vertex 80.9287 -63.2284 30.2
    endloop
  endfacet
  facet normal -0 0 1
    outer loop
      vertex 76.8343 -64.4716 30.2
      vertex 78.6728 -66.0143 30.2
      vertex 79.0375 -61.7508 30.2
    endloop
  endfacet
  facet normal 0 0 1
    outer loop
      vertex 76.8343 -64.4716 30.2
      vertex 76.321 -68.7197 30.2
      vertex 78.6728 -66.0143 30.2
    endloop
  endfacet
  facet normal -0 0 1
    outer loop
      vertex 74.5374 -67.1138 30.2
      vertex 76.321 -68.7197 30.2
      vertex 76.8343 -64.4716 30.2
    endloop
  endfacet
  facet normal 0 0 1
    outer loop
      vertex 74.5374 -67.1138 30.2
      vertex 73.8762 -71.3414 30.2
      vertex 76.321 -68.7197 30.2
    endloop
  endfacet
  facet normal -0 0 1
    outer loop
      vertex 72.1498 -69.6742 30.2
      vertex 73.8762 -71.3414 30.2
      vertex 74.5374 -67.1138 30.2
    endloop
  endfacet
  facet normal 0 0 1
    outer loop
      vertex 72.1498 -69.6742 30.2
      vertex 71.3414 -73.8762 30.2
      vertex 73.8762 -71.3414 30.2
    endloop
  endfacet
  facet normal -0 0 1
    outer loop
      vertex 69.6742 -72.1498 30.2
      vertex 71.3414 -73.8762 30.2
      vertex 72.1498 -69.6742 30.2
    endloop
  endfacet
  facet normal 0 0 1
    outer loop
      vertex 69.6742 -72.1498 30.2
      vertex 68.7197 -76.321 30.2
      vertex 71.3414 -73.8762 30.2
    endloop
  endfacet
  facet normal -0 0 1
    outer loop
      vertex 67.1138 -74.5374 30.2
      vertex 68.7197 -76.321 30.2
      vertex 69.6742 -72.1498 30.2
    endloop
  endfacet
  facet normal 0 0 1
    outer loop
      vertex 67.1138 -74.5374 30.2
      vertex 66.0143 -78.6728 30.2
      vertex 68.7197 -76.321 30.2
    endloop
  endfacet
  facet normal -0 0 1
    outer loop
      vertex 64.4716 -76.8343 30.2
      vertex 66.0143 -78.6728 30.2
      vertex 67.1138 -74.5374 30.2
    endloop
  endfacet
  facet normal 0 0 1
    outer loop
      vertex 64.4716 -76.8343 30.2
      vertex 63.2284 -80.9287 30.2
      vertex 66.0143 -78.6728 30.2
    endloop
  endfacet
  facet normal -0 0 1
    outer loop
      vertex 61.7508 -79.0375 30.2
      vertex 63.2284 -80.9287 30.2
      vertex 64.4716 -76.8343 30.2
    endloop
  endfacet
  facet normal 0 0 1
    outer loop
      vertex 61.7508 -79.0375 30.2
      vertex 60.3655 -83.086 30.2
      vertex 63.2284 -80.9287 30.2
    endloop
  endfacet
  facet normal -0 0 1
    outer loop
      vertex 58.9549 -81.1444 30.2
      vertex 60.3655 -83.086 30.2
      vertex 61.7508 -79.0375 30.2
    endloop
  endfacet
  facet normal 0 0 1
    outer loop
      vertex 58.9549 -81.1444 30.2
      vertex 57.4291 -85.1422 30.2
      vertex 60.3655 -83.086 30.2
    endloop
  endfacet
  facet normal -0 0 1
    outer loop
      vertex 56.087 -83.1525 30.2
      vertex 57.4291 -85.1422 30.2
      vertex 58.9549 -81.1444 30.2
    endloop
  endfacet
  facet normal 0 0 1
    outer loop
      vertex 56.087 -83.1525 30.2
      vertex 54.4227 -87.0945 30.2
      vertex 57.4291 -85.1422 30.2
    endloop
  endfacet
  facet normal -0 0 1
    outer loop
      vertex 53.1509 -85.0592 30.2
      vertex 54.4227 -87.0945 30.2
      vertex 56.087 -83.1525 30.2
    endloop
  endfacet
  facet normal 0 0 1
    outer loop
      vertex 53.1509 -85.0592 30.2
      vertex 51.35 -88.9408 30.2
      vertex 54.4227 -87.0945 30.2
    endloop
  endfacet
  facet normal -0 0 1
    outer loop
      vertex 50.15 -86.8624 30.2
      vertex 51.35 -88.9408 30.2
      vertex 53.1509 -85.0592 30.2
    endloop
  endfacet
  facet normal 0 0 1
    outer loop
      vertex 50.15 -86.8624 30.2
      vertex 48.2147 -90.6787 30.2
      vertex 51.35 -88.9408 30.2
    endloop
  endfacet
  facet normal -0 0 1
    outer loop
      vertex 47.088 -88.5596 30.2
      vertex 48.2147 -90.6787 30.2
      vertex 50.15 -86.8624 30.2
    endloop
  endfacet
  facet normal 0 0 1
    outer loop
      vertex 47.088 -88.5596 30.2
      vertex 45.0207 -92.3062 30.2
      vertex 48.2147 -90.6787 30.2
    endloop
  endfacet
  facet normal -0 0 1
    outer loop
      vertex 43.9686 -90.149 30.2
      vertex 45.0207 -92.3062 30.2
      vertex 47.088 -88.5596 30.2
    endloop
  endfacet
  facet normal 0 0 1
    outer loop
      vertex 43.9686 -90.149 30.2
      vertex 41.7719 -93.8211 30.2
      vertex 45.0207 -92.3062 30.2
    endloop
  endfacet
  facet normal -0 0 1
    outer loop
      vertex 40.7957 -91.6286 30.2
      vertex 41.7719 -93.8211 30.2
      vertex 43.9686 -90.149 30.2
    endloop
  endfacet
  facet normal 0 0 1
    outer loop
      vertex 40.7957 -91.6286 30.2
      vertex 38.4721 -95.2218 30.2
      vertex 41.7719 -93.8211 30.2
    endloop
  endfacet
  facet normal -0 0 1
    outer loop
      vertex 37.573 -92.9965 30.2
      vertex 38.4721 -95.2218 30.2
      vertex 40.7957 -91.6286 30.2
    endloop
  endfacet
  facet normal 0 0 1
    outer loop
      vertex 37.573 -92.9965 30.2
      vertex 35.1255 -96.5064 30.2
      vertex 38.4721 -95.2218 30.2
    endloop
  endfacet
  facet normal -0 0 1
    outer loop
      vertex 34.3046 -94.2512 30.2
      vertex 35.1255 -96.5064 30.2
      vertex 37.573 -92.9965 30.2
    endloop
  endfacet
  facet normal 0 0 1
    outer loop
      vertex 34.3046 -94.2512 30.2
      vertex 31.736 -97.6735 30.2
      vertex 35.1255 -96.5064 30.2
    endloop
  endfacet
  facet normal -0 0 1
    outer loop
      vertex 30.9944 -95.391 30.2
      vertex 31.736 -97.6735 30.2
      vertex 34.3046 -94.2512 30.2
    endloop
  endfacet
  facet normal 0 0 1
    outer loop
      vertex 30.9944 -95.391 30.2
      vertex 28.308 -98.7216 30.2
      vertex 31.736 -97.6735 30.2
    endloop
  endfacet
  facet normal -0 0 1
    outer loop
      vertex 27.6464 -96.4146 30.2
      vertex 28.308 -98.7216 30.2
      vertex 30.9944 -95.391 30.2
    endloop
  endfacet
  facet normal 0 0 1
    outer loop
      vertex 27.6464 -96.4146 30.2
      vertex 24.8454 -99.6494 30.2
      vertex 28.308 -98.7216 30.2
    endloop
  endfacet
  facet normal -0 0 1
    outer loop
      vertex 24.2648 -97.3207 30.2
      vertex 24.8454 -99.6494 30.2
      vertex 27.6464 -96.4146 30.2
    endloop
  endfacet
  facet normal 0 0 1
    outer loop
      vertex 24.2648 -97.3207 30.2
      vertex 21.3525 -100.456 30.2
      vertex 24.8454 -99.6494 30.2
    endloop
  endfacet
  facet normal -0 0 1
    outer loop
      vertex 20.8535 -98.1082 30.2
      vertex 21.3525 -100.456 30.2
      vertex 24.2648 -97.3207 30.2
    endloop
  endfacet
  facet normal 0 0 1
    outer loop
      vertex 20.8535 -98.1082 30.2
      vertex 17.8337 -101.14 30.2
      vertex 21.3525 -100.456 30.2
    endloop
  endfacet
  facet normal -0 0 1
    outer loop
      vertex 17.4169 -98.7762 30.2
      vertex 17.8337 -101.14 30.2
      vertex 20.8535 -98.1082 30.2
    endloop
  endfacet
  facet normal 0 0 1
    outer loop
      vertex 17.4169 -98.7762 30.2
      vertex 14.2931 -101.701 30.2
      vertex 17.8337 -101.14 30.2
    endloop
  endfacet
  facet normal -0 0 1
    outer loop
      vertex 13.9591 -99.3239 30.2
      vertex 14.2931 -101.701 30.2
      vertex 17.4169 -98.7762 30.2
    endloop
  endfacet
  facet normal 0 0 1
    outer loop
      vertex 13.9591 -99.3239 30.2
      vertex 10.7351 -102.137 30.2
      vertex 14.2931 -101.701 30.2
    endloop
  endfacet
  facet normal -0 0 1
    outer loop
      vertex 10.4842 -99.7505 30.2
      vertex 10.7351 -102.137 30.2
      vertex 13.9591 -99.3239 30.2
    endloop
  endfacet
  facet normal 0 0 1
    outer loop
      vertex 10.4842 -99.7505 30.2
      vertex 7.16399 -102.45 30.2
      vertex 10.7351 -102.137 30.2
    endloop
  endfacet
  facet normal -0 0 1
    outer loop
      vertex 6.99657 -100.056 30.2
      vertex 7.16399 -102.45 30.2
      vertex 10.4842 -99.7505 30.2
    endloop
  endfacet
  facet normal 0 0 1
    outer loop
      vertex 6.99657 -100.056 30.2
      vertex 3.58418 -102.637 30.2
      vertex 7.16399 -102.45 30.2
    endloop
  endfacet
  facet normal -0 0 1
    outer loop
      vertex 3.50042 -100.239 30.2
      vertex 3.58418 -102.637 30.2
      vertex 6.99657 -100.056 30.2
    endloop
  endfacet
  facet normal -0 0 1
    outer loop
      vertex 0 -100.3 30.2
      vertex 3.58418 -102.637 30.2
      vertex 3.50042 -100.239 30.2
    endloop
  endfacet
  facet normal 0 0 1
    outer loop
      vertex 0 -100.3 30.2
      vertex 0 -102.7 30.2
      vertex 3.58418 -102.637 30.2
    endloop
  endfacet
  facet normal 0 0 1
    outer loop
      vertex -3.50042 -100.239 30.2
      vertex 0 -102.7 30.2
      vertex 0 -100.3 30.2
    endloop
  endfacet
  facet normal 0 0 1
    outer loop
      vertex -3.50042 -100.239 30.2
      vertex -3.58418 -102.637 30.2
      vertex 0 -102.7 30.2
    endloop
  endfacet
  facet normal 0 0 1
    outer loop
      vertex -6.99657 -100.056 30.2
      vertex -3.58418 -102.637 30.2
      vertex -3.50042 -100.239 30.2
    endloop
  endfacet
  facet normal 0 0 1
    outer loop
      vertex -6.99657 -100.056 30.2
      vertex -7.16399 -102.45 30.2
      vertex -3.58418 -102.637 30.2
    endloop
  endfacet
  facet normal 0 0 1
    outer loop
      vertex -10.4842 -99.7505 30.2
      vertex -7.16399 -102.45 30.2
      vertex -6.99657 -100.056 30.2
    endloop
  endfacet
  facet normal 0 0 1
    outer loop
      vertex -10.4842 -99.7505 30.2
      vertex -10.7351 -102.137 30.2
      vertex -7.16399 -102.45 30.2
    endloop
  endfacet
  facet normal 0 0 1
    outer loop
      vertex -13.9591 -99.3239 30.2
      vertex -10.7351 -102.137 30.2
      vertex -10.4842 -99.7505 30.2
    endloop
  endfacet
  facet normal 0 0 1
    outer loop
      vertex -13.9591 -99.3239 30.2
      vertex -14.2931 -101.701 30.2
      vertex -10.7351 -102.137 30.2
    endloop
  endfacet
  facet normal 0 0 1
    outer loop
      vertex -17.4169 -98.7762 30.2
      vertex -14.2931 -101.701 30.2
      vertex -13.9591 -99.3239 30.2
    endloop
  endfacet
  facet normal 0 0 1
    outer loop
      vertex -17.4169 -98.7762 30.2
      vertex -17.8337 -101.14 30.2
      vertex -14.2931 -101.701 30.2
    endloop
  endfacet
  facet normal 0 0 1
    outer loop
      vertex -20.8535 -98.1082 30.2
      vertex -17.8337 -101.14 30.2
      vertex -17.4169 -98.7762 30.2
    endloop
  endfacet
  facet normal 0 0 1
    outer loop
      vertex -20.8535 -98.1082 30.2
      vertex -21.3525 -100.456 30.2
      vertex -17.8337 -101.14 30.2
    endloop
  endfacet
  facet normal 0 0 1
    outer loop
      vertex -24.2648 -97.3207 30.2
      vertex -21.3525 -100.456 30.2
      vertex -20.8535 -98.1082 30.2
    endloop
  endfacet
  facet normal 0 0 1
    outer loop
      vertex -24.2648 -97.3207 30.2
      vertex -24.8454 -99.6494 30.2
      vertex -21.3525 -100.456 30.2
    endloop
  endfacet
  facet normal 0 0 1
    outer loop
      vertex -27.6464 -96.4146 30.2
      vertex -24.8454 -99.6494 30.2
      vertex -24.2648 -97.3207 30.2
    endloop
  endfacet
  facet normal 0 0 1
    outer loop
      vertex -27.6464 -96.4146 30.2
      vertex -28.308 -98.7216 30.2
      vertex -24.8454 -99.6494 30.2
    endloop
  endfacet
  facet normal 0 0 1
    outer loop
      vertex -30.9944 -95.391 30.2
      vertex -28.308 -98.7216 30.2
      vertex -27.6464 -96.4146 30.2
    endloop
  endfacet
  facet normal 0 0 1
    outer loop
      vertex -30.9944 -95.391 30.2
      vertex -31.736 -97.6735 30.2
      vertex -28.308 -98.7216 30.2
    endloop
  endfacet
  facet normal 0 0 1
    outer loop
      vertex -34.3046 -94.2512 30.2
      vertex -31.736 -97.6735 30.2
      vertex -30.9944 -95.391 30.2
    endloop
  endfacet
  facet normal 0 0 1
    outer loop
      vertex -34.3046 -94.2512 30.2
      vertex -35.1255 -96.5064 30.2
      vertex -31.736 -97.6735 30.2
    endloop
  endfacet
  facet normal 0 0 1
    outer loop
      vertex -37.573 -92.9965 30.2
      vertex -35.1255 -96.5064 30.2
      vertex -34.3046 -94.2512 30.2
    endloop
  endfacet
  facet normal 0 0 1
    outer loop
      vertex -37.573 -92.9965 30.2
      vertex -38.4721 -95.2218 30.2
      vertex -35.1255 -96.5064 30.2
    endloop
  endfacet
  facet normal 0 0 1
    outer loop
      vertex -40.7957 -91.6286 30.2
      vertex -38.4721 -95.2218 30.2
      vertex -37.573 -92.9965 30.2
    endloop
  endfacet
  facet normal 0 0 1
    outer loop
      vertex -40.7957 -91.6286 30.2
      vertex -41.7719 -93.8211 30.2
      vertex -38.4721 -95.2218 30.2
    endloop
  endfacet
  facet normal 0 0 1
    outer loop
      vertex -43.9686 -90.149 30.2
      vertex -41.7719 -93.8211 30.2
      vertex -40.7957 -91.6286 30.2
    endloop
  endfacet
  facet normal 0 0 1
    outer loop
      vertex -43.9686 -90.149 30.2
      vertex -45.0207 -92.3062 30.2
      vertex -41.7719 -93.8211 30.2
    endloop
  endfacet
  facet normal 0 0 1
    outer loop
      vertex -47.088 -88.5596 30.2
      vertex -45.0207 -92.3062 30.2
      vertex -43.9686 -90.149 30.2
    endloop
  endfacet
  facet normal 0 0 1
    outer loop
      vertex -47.088 -88.5596 30.2
      vertex -48.2147 -90.6787 30.2
      vertex -45.0207 -92.3062 30.2
    endloop
  endfacet
  facet normal 0 0 1
    outer loop
      vertex -50.15 -86.8624 30.2
      vertex -48.2147 -90.6787 30.2
      vertex -47.088 -88.5596 30.2
    endloop
  endfacet
  facet normal 0 0 1
    outer loop
      vertex -50.15 -86.8624 30.2
      vertex -51.35 -88.9408 30.2
      vertex -48.2147 -90.6787 30.2
    endloop
  endfacet
  facet normal 0 0 1
    outer loop
      vertex -53.1509 -85.0592 30.2
      vertex -51.35 -88.9408 30.2
      vertex -50.15 -86.8624 30.2
    endloop
  endfacet
  facet normal 0 0 1
    outer loop
      vertex -53.1509 -85.0592 30.2
      vertex -54.4227 -87.0945 30.2
      vertex -51.35 -88.9408 30.2
    endloop
  endfacet
  facet normal 0 0 1
    outer loop
      vertex -56.087 -83.1525 30.2
      vertex -54.4227 -87.0945 30.2
      vertex -53.1509 -85.0592 30.2
    endloop
  endfacet
  facet normal 0 0 1
    outer loop
      vertex -56.087 -83.1525 30.2
      vertex -57.4291 -85.1422 30.2
      vertex -54.4227 -87.0945 30.2
    endloop
  endfacet
  facet normal 0 0 1
    outer loop
      vertex -58.9549 -81.1444 30.2
      vertex -57.4291 -85.1422 30.2
      vertex -56.087 -83.1525 30.2
    endloop
  endfacet
  facet normal 0 0 1
    outer loop
      vertex -58.9549 -81.1444 30.2
      vertex -60.3655 -83.086 30.2
      vertex -57.4291 -85.1422 30.2
    endloop
  endfacet
  facet normal 0 0 1
    outer loop
      vertex -61.7508 -79.0375 30.2
      vertex -60.3655 -83.086 30.2
      vertex -58.9549 -81.1444 30.2
    endloop
  endfacet
  facet normal 0 0 1
    outer loop
      vertex -61.7508 -79.0375 30.2
      vertex -63.2284 -80.9287 30.2
      vertex -60.3655 -83.086 30.2
    endloop
  endfacet
  facet normal 0 0 1
    outer loop
      vertex -64.4716 -76.8343 30.2
      vertex -63.2284 -80.9287 30.2
      vertex -61.7508 -79.0375 30.2
    endloop
  endfacet
  facet normal 0 0 1
    outer loop
      vertex -64.4716 -76.8343 30.2
      vertex -66.0143 -78.6728 30.2
      vertex -63.2284 -80.9287 30.2
    endloop
  endfacet
  facet normal 0 0 1
    outer loop
      vertex -67.1138 -74.5374 30.2
      vertex -66.0143 -78.6728 30.2
      vertex -64.4716 -76.8343 30.2
    endloop
  endfacet
  facet normal 0 0 1
    outer loop
      vertex -67.1138 -74.5374 30.2
      vertex -68.7197 -76.321 30.2
      vertex -66.0143 -78.6728 30.2
    endloop
  endfacet
  facet normal 0 0 1
    outer loop
      vertex -69.6742 -72.1498 30.2
      vertex -68.7197 -76.321 30.2
      vertex -67.1138 -74.5374 30.2
    endloop
  endfacet
  facet normal 0 0 1
    outer loop
      vertex -69.6742 -72.1498 30.2
      vertex -71.3414 -73.8762 30.2
      vertex -68.7197 -76.321 30.2
    endloop
  endfacet
  facet normal 0 0 1
    outer loop
      vertex -72.1498 -69.6742 30.2
      vertex -71.3414 -73.8762 30.2
      vertex -69.6742 -72.1498 30.2
    endloop
  endfacet
  facet normal 0 0 1
    outer loop
      vertex -72.1498 -69.6742 30.2
      vertex -73.8762 -71.3414 30.2
      vertex -71.3414 -73.8762 30.2
    endloop
  endfacet
  facet normal 0 0 1
    outer loop
      vertex -74.5374 -67.1138 30.2
      vertex -73.8762 -71.3414 30.2
      vertex -72.1498 -69.6742 30.2
    endloop
  endfacet
  facet normal 0 0 1
    outer loop
      vertex -74.5374 -67.1138 30.2
      vertex -76.321 -68.7197 30.2
      vertex -73.8762 -71.3414 30.2
    endloop
  endfacet
  facet normal 0 0 1
    outer loop
      vertex -76.8343 -64.4716 30.2
      vertex -76.321 -68.7197 30.2
      vertex -74.5374 -67.1138 30.2
    endloop
  endfacet
  facet normal 0 0 1
    outer loop
      vertex -76.8343 -64.4716 30.2
      vertex -78.6728 -66.0143 30.2
      vertex -76.321 -68.7197 30.2
    endloop
  endfacet
  facet normal 0 0 1
    outer loop
      vertex -79.0375 -61.7508 30.2
      vertex -78.6728 -66.0143 30.2
      vertex -76.8343 -64.4716 30.2
    endloop
  endfacet
  facet normal 0 0 1
    outer loop
      vertex -79.0375 -61.7508 30.2
      vertex -80.9287 -63.2284 30.2
      vertex -78.6728 -66.0143 30.2
    endloop
  endfacet
  facet normal 0 0 1
    outer loop
      vertex -81.1444 -58.9549 30.2
      vertex -80.9287 -63.2284 30.2
      vertex -79.0375 -61.7508 30.2
    endloop
  endfacet
  facet normal -0 0 1
    outer loop
      vertex -84.2038 -58.7692 30.2
      vertex -81.1444 -58.9549 30.2
      vertex -82.2361 -57.3958 30.2
    endloop
  endfacet
  facet normal 0 0 1
    outer loop
      vertex -81.1444 -58.9549 30.2
      vertex -83.086 -60.3655 30.2
      vertex -80.9287 -63.2284 30.2
    endloop
  endfacet
  facet normal 0 0 1
    outer loop
      vertex -81.1444 -58.9549 30.2
      vertex -84.2038 -58.7692 30.2
      vertex -83.086 -60.3655 30.2
    endloop
  endfacet
  facet normal 0 0 1
    outer loop
      vertex -85.0592 -53.1509 30.2
      vertex -85.1434 -57.4272 30.2
      vertex -83.1537 -56.0852 30.2
    endloop
  endfacet
  facet normal 0 0 1
    outer loop
      vertex -87.0945 -54.4227 30.2
      vertex -85.0592 -53.1509 30.2
      vertex -86.8624 -50.15 30.2
    endloop
  endfacet
  facet normal 0 0 1
    outer loop
      vertex -85.0592 -53.1509 30.2
      vertex -87.0945 -54.4227 30.2
      vertex -85.1434 -57.4272 30.2
    endloop
  endfacet
  facet normal 0 0 1
    outer loop
      vertex -88.9408 -51.35 30.2
      vertex -86.8624 -50.15 30.2
      vertex -88.5596 -47.088 30.2
    endloop
  endfacet
  facet normal 0 0 1
    outer loop
      vertex -86.8624 -50.15 30.2
      vertex -88.9408 -51.35 30.2
      vertex -87.0945 -54.4227 30.2
    endloop
  endfacet
  facet normal 0 0 1
    outer loop
      vertex -90.6787 -48.2147 30.2
      vertex -88.5596 -47.088 30.2
      vertex -90.148 -43.9706 30.2
    endloop
  endfacet
  facet normal 0 0 1
    outer loop
      vertex -88.5596 -47.088 30.2
      vertex -90.6787 -48.2147 30.2
      vertex -88.9408 -51.35 30.2
    endloop
  endfacet
  facet normal 0 -0 1
    outer loop
      vertex -90.6787 -48.2147 30.2
      vertex -90.148 -43.9706 30.2
      vertex -92.3051 -45.0228 30.2
    endloop
  endfacet
  facet normal 0.999848 0.0174238 0
    outer loop
      vertex -100.239 -3.50042 30.2
      vertex -100.3 0 2
      vertex -100.3 0 30.2
    endloop
  endfacet
  facet normal 0.999848 0.0174238 0
    outer loop
      vertex -100.3 0 2
      vertex -100.239 -3.50042 30.2
      vertex -100.239 -3.50042 2
    endloop
  endfacet
  facet normal -0.996326 0.0856458 0
    outer loop
      vertex 8.58817 99.9164 8.2
      vertex 8.79367 102.307 30.2
      vertex 8.79367 102.307 8.2
    endloop
  endfacet
  facet normal -0.996326 0.0856458 0
    outer loop
      vertex 8.79367 102.307 30.2
      vertex 8.58817 99.9164 8.2
      vertex 8.58817 99.9164 30.2
    endloop
  endfacet
  facet normal 0 0 1
    outer loop
      vertex 6.99657 100.056 8.2
      vertex 8.79367 102.307 8.2
      vertex 7.16399 102.45 8.2
    endloop
  endfacet
  facet normal 0 0 1
    outer loop
      vertex 6.99657 100.056 8.2
      vertex 7.16399 102.45 8.2
      vertex 7.16168 102.45 8.2
    endloop
  endfacet
  facet normal 0 0 1
    outer loop
      vertex 8.79367 102.307 8.2
      vertex 6.99657 100.056 8.2
      vertex 8.58817 99.9164 8.2
    endloop
  endfacet
  facet normal 0 -0 1
    outer loop
      vertex 6.99657 100.056 8.2
      vertex 7.16168 102.45 8.2
      vertex 6.99432 100.056 8.2
    endloop
  endfacet
  facet normal 0.997565 -0.0697379 0
    outer loop
      vertex 6.99432 100.056 30.2
      vertex 7.16168 102.45 8.2
      vertex 7.16168 102.45 30.2
    endloop
  endfacet
  facet normal 0.997565 -0.0697379 0
    outer loop
      vertex 7.16168 102.45 8.2
      vertex 6.99432 100.056 30.2
      vertex 6.99432 100.056 8.2
    endloop
  endfacet
  facet normal -0.997565 -0.0697379 0
    outer loop
      vertex -6.99432 100.056 8.2
      vertex -7.16168 102.45 30.2
      vertex -7.16168 102.45 8.2
    endloop
  endfacet
  facet normal -0.997565 -0.0697379 0
    outer loop
      vertex -7.16168 102.45 30.2
      vertex -6.99432 100.056 8.2
      vertex -6.99432 100.056 30.2
    endloop
  endfacet
  facet normal 0 0 1
    outer loop
      vertex -7.16168 102.45 8.2
      vertex -6.99657 100.056 8.2
      vertex -6.99432 100.056 8.2
    endloop
  endfacet
  facet normal -0 0 1
    outer loop
      vertex -7.16399 102.45 8.2
      vertex -6.99657 100.056 8.2
      vertex -7.16168 102.45 8.2
    endloop
  endfacet
  facet normal -0 0 1
    outer loop
      vertex -8.79367 102.307 8.2
      vertex -6.99657 100.056 8.2
      vertex -7.16399 102.45 8.2
    endloop
  endfacet
  facet normal 0 0 1
    outer loop
      vertex -6.99657 100.056 8.2
      vertex -8.79367 102.307 8.2
      vertex -8.58817 99.9164 8.2
    endloop
  endfacet
  facet normal 0.996326 0.0856458 0
    outer loop
      vertex -8.58817 99.9164 30.2
      vertex -8.79367 102.307 8.2
      vertex -8.79367 102.307 30.2
    endloop
  endfacet
  facet normal 0.996326 0.0856458 0
    outer loop
      vertex -8.79367 102.307 8.2
      vertex -8.58817 99.9164 30.2
      vertex -8.58817 99.9164 8.2
    endloop
  endfacet
  facet normal 0.424012 -0.905657 0
    outer loop
      vertex -92.9975 -43.5381 8.2
      vertex -90.8242 -42.5206 30.2
      vertex -92.9975 -43.5381 30.2
    endloop
  endfacet
  facet normal 0.424012 -0.905657 0
    outer loop
      vertex -90.8242 -42.5206 30.2
      vertex -92.9975 -43.5381 8.2
      vertex -90.8242 -42.5206 8.2
    endloop
  endfacet
  facet normal 0 0 1
    outer loop
      vertex -90.149 -43.9686 8.2
      vertex -92.3051 -45.0228 8.2
      vertex -90.148 -43.9706 8.2
    endloop
  endfacet
  facet normal -0 0 1
    outer loop
      vertex -92.9975 -43.5381 8.2
      vertex -90.149 -43.9686 8.2
      vertex -90.8242 -42.5206 8.2
    endloop
  endfacet
  facet normal 0 0 1
    outer loop
      vertex -90.149 -43.9686 8.2
      vertex -92.3062 -45.0207 8.2
      vertex -92.3051 -45.0228 8.2
    endloop
  endfacet
  facet normal 0 0 1
    outer loop
      vertex -90.149 -43.9686 8.2
      vertex -92.9975 -43.5381 8.2
      vertex -92.3062 -45.0207 8.2
    endloop
  endfacet
  facet normal -0.438409 0.898776 -4.46659e-05
    outer loop
      vertex -90.148 -43.9706 30.2
      vertex -90.157 -43.975 30
      vertex -92.3051 -45.0228 30.2
    endloop
  endfacet
  facet normal -0.43921 0.898384 0
    outer loop
      vertex -90.157 -43.975 30
      vertex -90.148 -43.9706 30.2
      vertex -90.148 -43.9706 29.99
    endloop
  endfacet
  facet normal -0.438405 0.898778 6.88109e-06
    outer loop
      vertex -90.148 -43.9706 28.6955
      vertex -92.3051 -45.0228 30.2
      vertex -90.157 -43.975 30
    endloop
  endfacet
  facet normal -0.438409 0.898776 0
    outer loop
      vertex -92.3051 -45.0228 8.2
      vertex -90.148 -43.9706 28.6955
      vertex -90.148 -43.9706 8.2
    endloop
  endfacet
  facet normal -0.438409 0.898776 0
    outer loop
      vertex -90.148 -43.9706 28.6955
      vertex -92.3051 -45.0228 8.2
      vertex -92.3051 -45.0228 30.2
    endloop
  endfacet
  facet normal 0.559173 -0.829051 7.75009e-06
    outer loop
      vertex -85.1434 -57.4272 30.2
      vertex -83.162 -56.0908 30
      vertex -83.1537 -56.0852 30.2
    endloop
  endfacet
  facet normal 0.559172 -0.829051 -1.19386e-06
    outer loop
      vertex -85.1434 -57.4272 30.2
      vertex -83.1537 -56.0852 28.6954
      vertex -83.162 -56.0908 30
    endloop
  endfacet
  facet normal 0.559173 -0.829051 0
    outer loop
      vertex -85.1434 -57.4272 8.2
      vertex -83.1537 -56.0852 28.6954
      vertex -85.1434 -57.4272 30.2
    endloop
  endfacet
  facet normal 0.559173 -0.829051 0
    outer loop
      vertex -83.1537 -56.0852 28.6954
      vertex -85.1434 -57.4272 8.2
      vertex -83.1537 -56.0852 8.2
    endloop
  endfacet
  facet normal 0.559301 -0.828964 0
    outer loop
      vertex -83.1537 -56.0852 30.2
      vertex -83.162 -56.0908 30
      vertex -83.1537 -56.0852 29.99
    endloop
  endfacet
  facet normal 0 0 1
    outer loop
      vertex -83.1525 -56.087 8.2
      vertex -84.2038 -58.7692 8.2
      vertex -82.2361 -57.3958 8.2
    endloop
  endfacet
  facet normal 0 0 1
    outer loop
      vertex -85.1434 -57.4272 8.2
      vertex -83.1525 -56.087 8.2
      vertex -83.1537 -56.0852 8.2
    endloop
  endfacet
  facet normal 0 0 1
    outer loop
      vertex -83.1525 -56.087 8.2
      vertex -85.1422 -57.4291 8.2
      vertex -84.2038 -58.7692 8.2
    endloop
  endfacet
  facet normal 0 0 1
    outer loop
      vertex -83.1525 -56.087 8.2
      vertex -85.1434 -57.4272 8.2
      vertex -85.1422 -57.4291 8.2
    endloop
  endfacet
  facet normal -0.572346 0.820012 0
    outer loop
      vertex -82.2361 -57.3958 8.2
      vertex -84.2038 -58.7692 30.2
      vertex -82.2361 -57.3958 30.2
    endloop
  endfacet
  facet normal -0.572346 0.820012 0
    outer loop
      vertex -84.2038 -58.7692 30.2
      vertex -82.2361 -57.3958 8.2
      vertex -84.2038 -58.7692 8.2
    endloop
  endfacet
  facet normal 0.572346 0.820012 -0
    outer loop
      vertex 84.2038 -58.7692 8.2
      vertex 82.2361 -57.3958 30.2
      vertex 84.2038 -58.7692 30.2
    endloop
  endfacet
  facet normal 0.572346 0.820012 0
    outer loop
      vertex 82.2361 -57.3958 30.2
      vertex 84.2038 -58.7692 8.2
      vertex 82.2361 -57.3958 8.2
    endloop
  endfacet
  facet normal 0 0 1
    outer loop
      vertex 83.1525 -56.087 8.2
      vertex 85.1422 -57.4291 8.2
      vertex 85.1434 -57.4272 8.2
    endloop
  endfacet
  facet normal -0 0 1
    outer loop
      vertex 83.1525 -56.087 8.2
      vertex 85.1434 -57.4272 8.2
      vertex 83.1537 -56.0852 8.2
    endloop
  endfacet
  facet normal 0 0 1
    outer loop
      vertex 85.1422 -57.4291 8.2
      vertex 83.1525 -56.087 8.2
      vertex 84.2038 -58.7692 8.2
    endloop
  endfacet
  facet normal 0 0 1
    outer loop
      vertex 84.2038 -58.7692 8.2
      vertex 83.1525 -56.087 8.2
      vertex 82.2361 -57.3958 8.2
    endloop
  endfacet
  facet normal -0.559173 -0.829051 7.75009e-06
    outer loop
      vertex 83.1537 -56.0852 30.2
      vertex 83.162 -56.0908 30
      vertex 85.1434 -57.4272 30.2
    endloop
  endfacet
  facet normal -0.559301 -0.828964 0
    outer loop
      vertex 83.162 -56.0908 30
      vertex 83.1537 -56.0852 30.2
      vertex 83.1537 -56.0852 29.99
    endloop
  endfacet
  facet normal -0.559172 -0.829051 -1.19386e-06
    outer loop
      vertex 83.1537 -56.0852 28.6954
      vertex 85.1434 -57.4272 30.2
      vertex 83.162 -56.0908 30
    endloop
  endfacet
  facet normal -0.559173 -0.829051 0
    outer loop
      vertex 85.1434 -57.4272 8.2
      vertex 83.1537 -56.0852 28.6954
      vertex 83.1537 -56.0852 8.2
    endloop
  endfacet
  facet normal -0.559173 -0.829051 0
    outer loop
      vertex 83.1537 -56.0852 28.6954
      vertex 85.1434 -57.4272 8.2
      vertex 85.1434 -57.4272 30.2
    endloop
  endfacet
  facet normal 0.438409 0.898776 -4.46659e-05
    outer loop
      vertex 92.3051 -45.0228 30.2
      vertex 90.157 -43.975 30
      vertex 90.148 -43.9706 30.2
    endloop
  endfacet
  facet normal 0.438405 0.898778 6.88109e-06
    outer loop
      vertex 92.3051 -45.0228 30.2
      vertex 90.148 -43.9706 28.6955
      vertex 90.157 -43.975 30
    endloop
  endfacet
  facet normal 0.438409 0.898776 -0
    outer loop
      vertex 92.3051 -45.0228 8.2
      vertex 90.148 -43.9706 28.6955
      vertex 92.3051 -45.0228 30.2
    endloop
  endfacet
  facet normal 0.438409 0.898776 0
    outer loop
      vertex 90.148 -43.9706 28.6955
      vertex 92.3051 -45.0228 8.2
      vertex 90.148 -43.9706 8.2
    endloop
  endfacet
  facet normal 0.43921 0.898384 0
    outer loop
      vertex 90.148 -43.9706 30.2
      vertex 90.157 -43.975 30
      vertex 90.148 -43.9706 29.99
    endloop
  endfacet
  facet normal -0 0 1
    outer loop
      vertex 90.149 -43.9686 8.2
      vertex 92.3062 -45.0207 8.2
      vertex 92.9975 -43.5381 8.2
    endloop
  endfacet
  facet normal 0 0 1
    outer loop
      vertex 90.149 -43.9686 8.2
      vertex 92.9975 -43.5381 8.2
      vertex 90.8242 -42.5206 8.2
    endloop
  endfacet
  facet normal 0 0 1
    outer loop
      vertex 92.3062 -45.0207 8.2
      vertex 90.149 -43.9686 8.2
      vertex 92.3051 -45.0228 8.2
    endloop
  endfacet
  facet normal 0 0 1
    outer loop
      vertex 92.3051 -45.0228 8.2
      vertex 90.149 -43.9686 8.2
      vertex 90.148 -43.9706 8.2
    endloop
  endfacet
  facet normal -0.424012 -0.905657 0
    outer loop
      vertex 90.8242 -42.5206 8.2
      vertex 92.9975 -43.5381 30.2
      vertex 90.8242 -42.5206 30.2
    endloop
  endfacet
  facet normal -0.424012 -0.905657 -0
    outer loop
      vertex 92.9975 -43.5381 30.2
      vertex 90.8242 -42.5206 8.2
      vertex 92.9975 -43.5381 8.2
    endloop
  endfacet
  facet normal 0.997566 -0.0697296 0
    outer loop
      vertex 6.90366 98.759 28.7
      vertex 6.99432 100.056 28.6955
      vertex 6.99432 100.056 29.99
    endloop
  endfacet
  facet normal 0.997566 -0.0697296 -7.71784e-07
    outer loop
      vertex 6.99432 100.056 28.6955
      vertex 6.90366 98.759 28.7
      vertex 6.99362 100.046 27.4
    endloop
  endfacet
  facet normal 0.997566 -0.0697289 0
    outer loop
      vertex 6.99362 100.046 27.4
      vertex 6.90366 98.759 28.7
      vertex 6.90366 98.759 27.4
    endloop
  endfacet
  facet normal -0.997566 -0.0697296 -7.71784e-07
    outer loop
      vertex -6.90366 98.759 28.7
      vertex -6.99432 100.056 28.6955
      vertex -6.99362 100.046 27.4
    endloop
  endfacet
  facet normal -0.997566 -0.0697296 0
    outer loop
      vertex -6.99432 100.056 28.6955
      vertex -6.90366 98.759 28.7
      vertex -6.99432 100.056 29.99
    endloop
  endfacet
  facet normal -0.997566 -0.0697289 0
    outer loop
      vertex -6.90366 98.759 27.4
      vertex -6.90366 98.759 28.7
      vertex -6.99362 100.046 27.4
    endloop
  endfacet
  facet normal -0.0465069 -0.998918 0
    outer loop
      vertex 2.30288 98.9732 27.4
      vertex 6.90366 98.759 28.7
      vertex 2.30288 98.9732 28.7
    endloop
  endfacet
  facet normal -0.0465069 -0.998918 -0
    outer loop
      vertex 6.90366 98.759 28.7
      vertex 2.30288 98.9732 27.4
      vertex 6.90366 98.759 27.4
    endloop
  endfacet
  facet normal -0.0327308 -0.703662 0.709781
    outer loop
      vertex 5.27631 100.146 30
      vertex 6.90366 98.759 28.7
      vertex 6.99432 100.056 29.99
    endloop
  endfacet
  facet normal -0.0326629 -0.703622 0.709823
    outer loop
      vertex 3.14366 100.245 30
      vertex 6.90366 98.759 28.7
      vertex 5.27631 100.146 30
    endloop
  endfacet
  facet normal -0.0328858 -0.703919 0.709518
    outer loop
      vertex 6.90366 98.759 28.7
      vertex 3.14366 100.245 30
      vertex 2.408 100.258 29.9788
    endloop
  endfacet
  facet normal -0.0301259 -0.70389 0.709669
    outer loop
      vertex 2.30288 98.9732 28.7
      vertex 2.408 100.258 29.9788
      vertex 2.33281 100.259 29.9766
    endloop
  endfacet
  facet normal -0.0327635 -0.703723 0.709718
    outer loop
      vertex 2.408 100.258 29.9788
      vertex 2.30288 98.9732 28.7
      vertex 6.90366 98.759 28.7
    endloop
  endfacet
  facet normal 0.0465816 0.998885 -0.00773559
    outer loop
      vertex 6.99362 100.046 27.4
      vertex 6.00411 100.108 29.4474
      vertex 6.99432 100.056 28.6955
    endloop
  endfacet
  facet normal 0.0465268 0.998887 -0.00776217
    outer loop
      vertex 6.00411 100.108 29.4474
      vertex 6.99362 100.046 27.4
      vertex 2.47706 100.257 27.4804
    endloop
  endfacet
  facet normal 0.0464443 0.998845 -0.0122869
    outer loop
      vertex 2.47706 100.257 27.4804
      vertex 6.99362 100.046 27.4
      vertex 2.45579 100.257 27.4
    endloop
  endfacet
  facet normal 0.0464143 0.998894 -0.00755995
    outer loop
      vertex 2.47706 100.257 27.4804
      vertex 5.27631 100.146 30
      vertex 6.00411 100.108 29.4474
    endloop
  endfacet
  facet normal 0.0463699 0.998896 -0.00751048
    outer loop
      vertex 5.27631 100.146 30
      vertex 2.47706 100.257 27.4804
      vertex 3.14366 100.245 30
    endloop
  endfacet
  facet normal 0 -1 0
    outer loop
      vertex -2.30288 98.9732 27.4
      vertex 2.30288 98.9732 28.7
      vertex -2.30288 98.9732 28.7
    endloop
  endfacet
  facet normal 0 -1 -0
    outer loop
      vertex 2.30288 98.9732 28.7
      vertex -2.30288 98.9732 27.4
      vertex 2.30288 98.9732 27.4
    endloop
  endfacet
  facet normal -0.000224933 -0.704561 0.709644
    outer loop
      vertex 0.982191 100.283 30
      vertex 2.30288 98.9732 28.7
      vertex 2.33281 100.259 29.9766
    endloop
  endfacet
  facet normal 0 -0.704447 0.709757
    outer loop
      vertex -0.982191 100.283 30
      vertex 2.30288 98.9732 28.7
      vertex 0.982191 100.283 30
    endloop
  endfacet
  facet normal 0 -0.704447 0.709757
    outer loop
      vertex -0.982191 100.283 30
      vertex -2.30288 98.9732 28.7
      vertex 2.30288 98.9732 28.7
    endloop
  endfacet
  facet normal 0.000224933 -0.704561 0.709644
    outer loop
      vertex -2.30288 98.9732 28.7
      vertex -0.982191 100.283 30
      vertex -2.33281 100.259 29.9766
    endloop
  endfacet
  facet normal 0 0.99997 -0.00769208
    outer loop
      vertex 2.12796 100.263 27.4
      vertex -0.982191 100.283 30
      vertex 0.982191 100.283 30
    endloop
  endfacet
  facet normal 0 0.99997 -0.00769208
    outer loop
      vertex -0.982191 100.283 30
      vertex 2.12796 100.263 27.4
      vertex -2.12796 100.263 27.4
    endloop
  endfacet
  facet normal 0 0 -1
    outer loop
      vertex 6.90366 98.759 27.4
      vertex 2.45579 100.257 27.4
      vertex 6.99362 100.046 27.4
    endloop
  endfacet
  facet normal 0 0 -1
    outer loop
      vertex 2.30288 98.9732 27.4
      vertex 2.45579 100.257 27.4
      vertex 6.90366 98.759 27.4
    endloop
  endfacet
  facet normal 0 0 -1
    outer loop
      vertex 2.30288 98.9732 27.4
      vertex 2.12796 100.263 27.4
      vertex 2.45579 100.257 27.4
    endloop
  endfacet
  facet normal 0 0 -1
    outer loop
      vertex 2.30288 98.9732 27.4
      vertex -2.12796 100.263 27.4
      vertex 2.12796 100.263 27.4
    endloop
  endfacet
  facet normal 0 0 -1
    outer loop
      vertex -2.30288 98.9732 27.4
      vertex -2.12796 100.263 27.4
      vertex 2.30288 98.9732 27.4
    endloop
  endfacet
  facet normal 0 0 -1
    outer loop
      vertex -2.30288 98.9732 27.4
      vertex -2.45579 100.257 27.4
      vertex -2.12796 100.263 27.4
    endloop
  endfacet
  facet normal 0 0 -1
    outer loop
      vertex -6.90366 98.759 27.4
      vertex -2.45579 100.257 27.4
      vertex -2.30288 98.9732 27.4
    endloop
  endfacet
  facet normal 0 0 -1
    outer loop
      vertex -2.45579 100.257 27.4
      vertex -6.90366 98.759 27.4
      vertex -6.99362 100.046 27.4
    endloop
  endfacet
  facet normal 0.0465069 -0.998918 0
    outer loop
      vertex -6.90366 98.759 27.4
      vertex -2.30288 98.9732 28.7
      vertex -6.90366 98.759 28.7
    endloop
  endfacet
  facet normal 0.0465069 -0.998918 0
    outer loop
      vertex -2.30288 98.9732 28.7
      vertex -6.90366 98.759 27.4
      vertex -2.30288 98.9732 27.4
    endloop
  endfacet
  facet normal 0.0326311 -0.703806 0.709643
    outer loop
      vertex -3.14366 100.245 30
      vertex -2.30288 98.9732 28.7
      vertex -2.33281 100.259 29.9766
    endloop
  endfacet
  facet normal 0.0326708 -0.703792 0.709655
    outer loop
      vertex -5.27631 100.146 30
      vertex -2.30288 98.9732 28.7
      vertex -3.14366 100.245 30
    endloop
  endfacet
  facet normal 0.0326588 -0.703806 0.709641
    outer loop
      vertex -2.30288 98.9732 28.7
      vertex -5.27631 100.146 30
      vertex -6.95979 100.058 29.9902
    endloop
  endfacet
  facet normal 0.0327581 -0.703608 0.709833
    outer loop
      vertex -6.95979 100.058 29.9902
      vertex -6.90366 98.759 28.7
      vertex -2.30288 98.9732 28.7
    endloop
  endfacet
  facet normal 0.0366317 -0.703429 0.709821
    outer loop
      vertex -6.90366 98.759 28.7
      vertex -6.95979 100.058 29.9902
      vertex -6.99432 100.056 29.99
    endloop
  endfacet
  facet normal -0.0464464 0.998891 -0.0077603
    outer loop
      vertex -3.03945 100.247 29.6061
      vertex -2.45579 100.257 27.4
      vertex -6.99362 100.046 27.4
    endloop
  endfacet
  facet normal -0.04637 0.998898 -0.00719578
    outer loop
      vertex -3.03945 100.247 29.6061
      vertex -5.27631 100.146 30
      vertex -3.14366 100.245 30
    endloop
  endfacet
  facet normal -0.0464636 0.99889 -0.00772947
    outer loop
      vertex -6.99362 100.046 27.4
      vertex -5.27631 100.146 30
      vertex -3.03945 100.247 29.6061
    endloop
  endfacet
  facet normal -0.0464544 0.99889 -0.00773556
    outer loop
      vertex -5.27631 100.146 30
      vertex -6.99362 100.046 27.4
      vertex -6.99432 100.056 28.6955
    endloop
  endfacet
  facet normal -0.438408 0.898776 -1.08251e-05
    outer loop
      vertex -88.9796 -43.4007 28.7
      vertex -90.1391 -43.9663 27.4
      vertex -90.157 -43.975 30
    endloop
  endfacet
  facet normal -0.438418 0.898771 0
    outer loop
      vertex -88.9796 -43.4007 28.7
      vertex -88.9796 -43.4007 27.4
      vertex -90.1391 -43.9663 27.4
    endloop
  endfacet
  facet normal 0.559236 -0.829008 -6.03556e-07
    outer loop
      vertex -83.1454 -56.0796 27.4
      vertex -82.076 -55.3582 28.7
      vertex -83.162 -56.0908 30
    endloop
  endfacet
  facet normal 0.559236 -0.829009 0
    outer loop
      vertex -82.076 -55.3582 27.4
      vertex -82.076 -55.3582 28.7
      vertex -83.1454 -56.0796 27.4
    endloop
  endfacet
  facet normal 0 0 -1
    outer loop
      vertex -85.5973 -52.2554 27.4
      vertex -82.076 -55.3582 27.4
      vertex -83.1454 -56.0796 27.4
    endloop
  endfacet
  facet normal 0 0 -1
    outer loop
      vertex -82.076 -55.3582 27.4
      vertex -85.5973 -52.2554 27.4
      vertex -84.5619 -51.481 27.4
    endloop
  endfacet
  facet normal 0 0 -1
    outer loop
      vertex -85.7662 -51.9743 27.4
      vertex -84.5619 -51.481 27.4
      vertex -85.5973 -52.2554 27.4
    endloop
  endfacet
  facet normal 0 0 -1
    outer loop
      vertex -85.7662 -51.9743 27.4
      vertex -86.8648 -47.4922 27.4
      vertex -84.5619 -51.481 27.4
    endloop
  endfacet
  facet normal 0 0 -1
    outer loop
      vertex -87.8942 -48.2886 27.4
      vertex -86.8648 -47.4922 27.4
      vertex -85.7662 -51.9743 27.4
    endloop
  endfacet
  facet normal 0 0 -1
    outer loop
      vertex -88.0531 -48.0018 27.4
      vertex -86.8648 -47.4922 27.4
      vertex -87.8942 -48.2886 27.4
    endloop
  endfacet
  facet normal 0 0 -1
    outer loop
      vertex -88.0531 -48.0018 27.4
      vertex -88.9796 -43.4007 27.4
      vertex -86.8648 -47.4922 27.4
    endloop
  endfacet
  facet normal 0 -0 -1
    outer loop
      vertex -88.9796 -43.4007 27.4
      vertex -88.0531 -48.0018 27.4
      vertex -90.1391 -43.9663 27.4
    endloop
  endfacet
  facet normal 0.88835 0.459167 0
    outer loop
      vertex -86.8648 -47.4922 28.7
      vertex -88.9796 -43.4007 27.4
      vertex -88.9796 -43.4007 28.7
    endloop
  endfacet
  facet normal 0.88835 0.459167 0
    outer loop
      vertex -88.9796 -43.4007 27.4
      vertex -86.8648 -47.4922 28.7
      vertex -86.8648 -47.4922 27.4
    endloop
  endfacet
  facet normal 0.625617 0.323497 0.709897
    outer loop
      vertex -88.9796 -43.4007 28.7
      vertex -88.3867 -47.4001 30
      vertex -88.0299 -48.0436 29.9788
    endloop
  endfacet
  facet normal 0.625825 0.323472 0.709724
    outer loop
      vertex -88.9796 -43.4007 28.7
      vertex -89.367 -45.5035 30
      vertex -88.3867 -47.4001 30
    endloop
  endfacet
  facet normal 0.625815 0.323478 0.709731
    outer loop
      vertex -88.9796 -43.4007 28.7
      vertex -90.148 -43.9706 29.99
      vertex -89.367 -45.5035 30
    endloop
  endfacet
  facet normal 0.293389 -0.943947 -0.151287
    outer loop
      vertex -90.148 -43.9706 29.99
      vertex -88.9796 -43.4007 28.7
      vertex -90.157 -43.975 30
    endloop
  endfacet
  facet normal 0.626242 0.322703 0.709707
    outer loop
      vertex -86.8648 -47.4922 28.7
      vertex -88.0299 -48.0436 29.9788
      vertex -87.9935 -48.1094 29.9766
    endloop
  endfacet
  facet normal 0.625854 0.323489 0.709692
    outer loop
      vertex -88.0299 -48.0436 29.9788
      vertex -86.8648 -47.4922 28.7
      vertex -88.9796 -43.4007 28.7
    endloop
  endfacet
  facet normal -0.888367 -0.45907 -0.00762676
    outer loop
      vertex -90.1391 -43.9663 27.4
      vertex -89.6979 -44.8541 29.4474
      vertex -90.148 -43.9706 28.6955
    endloop
  endfacet
  facet normal -0.88831 -0.459181 -0.00768696
    outer loop
      vertex -90.1391 -43.9663 27.4
      vertex -88.0634 -47.9832 27.4804
      vertex -89.6979 -44.8541 29.4474
    endloop
  endfacet
  facet normal -0.888311 -0.459179 -0.00757307
    outer loop
      vertex -88.0634 -47.9832 27.4804
      vertex -90.1391 -43.9663 27.4
      vertex -88.0531 -48.0018 27.4
    endloop
  endfacet
  facet normal 0.878311 -0.478068 0.00444715
    outer loop
      vertex -90.1391 -43.9663 27.4
      vertex -90.148 -43.9706 28.6955
      vertex -90.157 -43.975 30
    endloop
  endfacet
  facet normal -0.88831 -0.459179 -0.00768944
    outer loop
      vertex -88.0634 -47.9832 27.4804
      vertex -89.367 -45.5035 30
      vertex -89.6979 -44.8541 29.4474
    endloop
  endfacet
  facet normal -0.888325 -0.459151 -0.00772534
    outer loop
      vertex -89.367 -45.5035 30
      vertex -88.0634 -47.9832 27.4804
      vertex -88.3867 -47.4001 30
    endloop
  endfacet
  facet normal 0.866029 0.499994 0
    outer loop
      vertex -84.5619 -51.481 28.7
      vertex -86.8648 -47.4922 27.4
      vertex -86.8648 -47.4922 28.7
    endloop
  endfacet
  facet normal 0.866029 0.499994 0
    outer loop
      vertex -86.8648 -47.4922 27.4
      vertex -84.5619 -51.481 28.7
      vertex -84.5619 -51.481 27.4
    endloop
  endfacet
  facet normal 0.610098 0.352251 0.709718
    outer loop
      vertex -86.8648 -47.4922 28.7
      vertex -86.3564 -50.992 30
      vertex -85.7009 -52.083 29.978
    endloop
  endfacet
  facet normal 0.610107 0.35225 0.709711
    outer loop
      vertex -86.8648 -47.4922 28.7
      vertex -87.3386 -49.2908 30
      vertex -86.3564 -50.992 30
    endloop
  endfacet
  facet normal 0.610094 0.352258 0.709718
    outer loop
      vertex -87.3386 -49.2908 30
      vertex -86.8648 -47.4922 28.7
      vertex -87.9935 -48.1094 29.9766
    endloop
  endfacet
  facet normal 0.610325 0.351891 0.709701
    outer loop
      vertex -84.5619 -51.481 28.7
      vertex -85.7009 -52.083 29.978
      vertex -85.6607 -52.1499 29.9766
    endloop
  endfacet
  facet normal 0.610126 0.352251 0.709694
    outer loop
      vertex -85.7009 -52.083 29.978
      vertex -84.5619 -51.481 28.7
      vertex -86.8648 -47.4922 28.7
    endloop
  endfacet
  facet normal -0.865997 -0.49999 -0.00768257
    outer loop
      vertex -87.8942 -48.2886 27.4
      vertex -85.8006 -51.9171 27.5514
      vertex -87.4678 -49.0578 29.3956
    endloop
  endfacet
  facet normal -0.865993 -0.499995 -0.00786275
    outer loop
      vertex -85.8006 -51.9171 27.5514
      vertex -87.8942 -48.2886 27.4
      vertex -85.7662 -51.9743 27.4
    endloop
  endfacet
  facet normal -0.865998 -0.49999 -0.00762866
    outer loop
      vertex -87.4678 -49.0578 29.3956
      vertex -86.3564 -50.992 30
      vertex -87.3386 -49.2908 30
    endloop
  endfacet
  facet normal -0.865992 -0.499998 -0.0076656
    outer loop
      vertex -86.3564 -50.992 30
      vertex -87.4678 -49.0578 29.3956
      vertex -85.8006 -51.9171 27.5514
    endloop
  endfacet
  facet normal 0.841828 0.539745 0
    outer loop
      vertex -82.076 -55.3582 28.7
      vertex -84.5619 -51.481 27.4
      vertex -84.5619 -51.481 28.7
    endloop
  endfacet
  facet normal 0.841828 0.539745 0
    outer loop
      vertex -84.5619 -51.481 27.4
      vertex -82.076 -55.3582 28.7
      vertex -82.076 -55.3582 27.4
    endloop
  endfacet
  facet normal 0.593094 0.380242 0.709687
    outer loop
      vertex -84.5619 -51.481 28.7
      vertex -84.0907 -54.6423 30
      vertex -83.1725 -56.0562 29.9902
    endloop
  endfacet
  facet normal 0.593058 0.380248 0.709714
    outer loop
      vertex -84.5619 -51.481 28.7
      vertex -85.243 -52.8451 30
      vertex -84.0907 -54.6423 30
    endloop
  endfacet
  facet normal 0.593079 0.38023 0.709706
    outer loop
      vertex -85.243 -52.8451 30
      vertex -84.5619 -51.481 28.7
      vertex -85.6607 -52.1499 29.9766
    endloop
  endfacet
  facet normal 0.593355 0.379763 0.709726
    outer loop
      vertex -82.076 -55.3582 28.7
      vertex -83.1725 -56.0562 29.9902
      vertex -83.1537 -56.0852 29.99
    endloop
  endfacet
  facet normal 0.59305 0.380239 0.709725
    outer loop
      vertex -83.1725 -56.0562 29.9902
      vertex -82.076 -55.3582 28.7
      vertex -84.5619 -51.481 28.7
    endloop
  endfacet
  facet normal -0.549137 0.835644 0.0121765
    outer loop
      vertex -82.076 -55.3582 28.7
      vertex -83.1537 -56.0852 29.99
      vertex -83.162 -56.0908 30
    endloop
  endfacet
  facet normal -0.841805 -0.539727 -0.00769618
    outer loop
      vertex -83.1454 -56.0796 27.4
      vertex -85.2967 -52.7557 29.6061
      vertex -85.5973 -52.2554 27.4
    endloop
  endfacet
  facet normal -0.841801 -0.539733 -0.00773642
    outer loop
      vertex -85.2967 -52.7557 29.6061
      vertex -84.0907 -54.6423 30
      vertex -85.243 -52.8451 30
    endloop
  endfacet
  facet normal -0.841805 -0.539727 -0.00769585
    outer loop
      vertex -83.1454 -56.0796 27.4
      vertex -84.0907 -54.6423 30
      vertex -85.2967 -52.7557 29.6061
    endloop
  endfacet
  facet normal -0.84183 -0.539687 -0.00772691
    outer loop
      vertex -84.0907 -54.6423 30
      vertex -83.1454 -56.0796 27.4
      vertex -83.1537 -56.0852 28.6954
    endloop
  endfacet
  facet normal 0.559301 -0.828964 0
    outer loop
      vertex -83.1537 -56.0852 28.6954
      vertex -83.1454 -56.0796 27.4
      vertex -83.162 -56.0908 30
    endloop
  endfacet
  facet normal -0.559236 -0.829008 -6.03556e-07
    outer loop
      vertex 83.1454 -56.0796 27.4
      vertex 83.162 -56.0908 30
      vertex 82.076 -55.3582 28.7
    endloop
  endfacet
  facet normal -0.559236 -0.829009 0
    outer loop
      vertex 83.1454 -56.0796 27.4
      vertex 82.076 -55.3582 28.7
      vertex 82.076 -55.3582 27.4
    endloop
  endfacet
  facet normal 0.438408 0.898776 -1.08251e-05
    outer loop
      vertex 90.157 -43.975 30
      vertex 90.1391 -43.9663 27.4
      vertex 88.9796 -43.4007 28.7
    endloop
  endfacet
  facet normal 0.438418 0.898771 0
    outer loop
      vertex 88.9796 -43.4007 28.7
      vertex 90.1391 -43.9663 27.4
      vertex 88.9796 -43.4007 27.4
    endloop
  endfacet
  facet normal 0 0 -1
    outer loop
      vertex 88.0531 -48.0018 27.4
      vertex 88.9796 -43.4007 27.4
      vertex 90.1391 -43.9663 27.4
    endloop
  endfacet
  facet normal 0 0 -1
    outer loop
      vertex 86.8648 -47.4922 27.4
      vertex 88.0531 -48.0018 27.4
      vertex 87.8942 -48.2886 27.4
    endloop
  endfacet
  facet normal 0 0 -1
    outer loop
      vertex 88.0531 -48.0018 27.4
      vertex 86.8648 -47.4922 27.4
      vertex 88.9796 -43.4007 27.4
    endloop
  endfacet
  facet normal 0 0 -1
    outer loop
      vertex 85.7662 -51.9743 27.4
      vertex 86.8648 -47.4922 27.4
      vertex 87.8942 -48.2886 27.4
    endloop
  endfacet
  facet normal 0 0 -1
    outer loop
      vertex 84.5619 -51.481 27.4
      vertex 85.7662 -51.9743 27.4
      vertex 85.5973 -52.2554 27.4
    endloop
  endfacet
  facet normal 0 0 -1
    outer loop
      vertex 85.7662 -51.9743 27.4
      vertex 84.5619 -51.481 27.4
      vertex 86.8648 -47.4922 27.4
    endloop
  endfacet
  facet normal 0 0 -1
    outer loop
      vertex 82.076 -55.3582 27.4
      vertex 85.5973 -52.2554 27.4
      vertex 83.1454 -56.0796 27.4
    endloop
  endfacet
  facet normal -0 0 -1
    outer loop
      vertex 85.5973 -52.2554 27.4
      vertex 82.076 -55.3582 27.4
      vertex 84.5619 -51.481 27.4
    endloop
  endfacet
  facet normal -0.841828 0.539745 0
    outer loop
      vertex 82.076 -55.3582 27.4
      vertex 84.5619 -51.481 28.7
      vertex 84.5619 -51.481 27.4
    endloop
  endfacet
  facet normal -0.841828 0.539745 0
    outer loop
      vertex 84.5619 -51.481 28.7
      vertex 82.076 -55.3582 27.4
      vertex 82.076 -55.3582 28.7
    endloop
  endfacet
  facet normal -0.593004 0.380114 0.709831
    outer loop
      vertex 82.076 -55.3582 28.7
      vertex 85.243 -52.8451 30
      vertex 85.6219 -52.2144 29.9788
    endloop
  endfacet
  facet normal -0.593062 0.38025 0.709709
    outer loop
      vertex 85.243 -52.8451 30
      vertex 82.076 -55.3582 28.7
      vertex 84.0907 -54.6423 30
    endloop
  endfacet
  facet normal -0.593062 0.380208 0.709732
    outer loop
      vertex 84.0907 -54.6423 30
      vertex 82.076 -55.3582 28.7
      vertex 83.1537 -56.0852 29.99
    endloop
  endfacet
  facet normal 0.549137 0.835644 0.0121765
    outer loop
      vertex 83.162 -56.0908 30
      vertex 83.1537 -56.0852 29.99
      vertex 82.076 -55.3582 28.7
    endloop
  endfacet
  facet normal -0.592741 0.38077 0.709699
    outer loop
      vertex 84.5619 -51.481 28.7
      vertex 85.6219 -52.2144 29.9788
      vertex 85.6607 -52.1499 29.9766
    endloop
  endfacet
  facet normal -0.593082 0.380259 0.709688
    outer loop
      vertex 85.6219 -52.2144 29.9788
      vertex 84.5619 -51.481 28.7
      vertex 82.076 -55.3582 28.7
    endloop
  endfacet
  facet normal 0.841802 -0.539732 -0.00770331
    outer loop
      vertex 83.1454 -56.0796 27.4
      vertex 85.5864 -52.2736 27.4804
      vertex 83.6938 -55.2535 29.4474
    endloop
  endfacet
  facet normal 0.841803 -0.539725 -0.00805155
    outer loop
      vertex 85.5864 -52.2736 27.4804
      vertex 83.1454 -56.0796 27.4
      vertex 85.5973 -52.2554 27.4
    endloop
  endfacet
  facet normal 0.841828 -0.539691 -0.00772691
    outer loop
      vertex 83.1454 -56.0796 27.4
      vertex 83.6938 -55.2535 29.4474
      vertex 83.1537 -56.0852 28.6954
    endloop
  endfacet
  facet normal -0.559301 -0.828964 0
    outer loop
      vertex 83.1454 -56.0796 27.4
      vertex 83.1537 -56.0852 28.6954
      vertex 83.162 -56.0908 30
    endloop
  endfacet
  facet normal 0.841801 -0.539733 -0.00769276
    outer loop
      vertex 84.0907 -54.6423 30
      vertex 85.5864 -52.2736 27.4804
      vertex 85.243 -52.8451 30
    endloop
  endfacet
  facet normal 0.841811 -0.539717 -0.0076723
    outer loop
      vertex 85.5864 -52.2736 27.4804
      vertex 84.0907 -54.6423 30
      vertex 83.6938 -55.2535 29.4474
    endloop
  endfacet
  facet normal -0.866029 0.499994 0
    outer loop
      vertex 84.5619 -51.481 27.4
      vertex 86.8648 -47.4922 28.7
      vertex 86.8648 -47.4922 27.4
    endloop
  endfacet
  facet normal -0.866029 0.499994 0
    outer loop
      vertex 86.8648 -47.4922 28.7
      vertex 84.5619 -51.481 27.4
      vertex 84.5619 -51.481 28.7
    endloop
  endfacet
  facet normal -0.610102 0.352212 0.709735
    outer loop
      vertex 84.5619 -51.481 28.7
      vertex 87.3386 -49.2908 30
      vertex 87.9556 -48.1777 29.978
    endloop
  endfacet
  facet normal -0.610119 0.352257 0.709697
    outer loop
      vertex 87.3386 -49.2908 30
      vertex 84.5619 -51.481 28.7
      vertex 86.3564 -50.992 30
    endloop
  endfacet
  facet normal -0.610121 0.352236 0.709706
    outer loop
      vertex 86.3564 -50.992 30
      vertex 84.5619 -51.481 28.7
      vertex 85.6607 -52.1499 29.9766
    endloop
  endfacet
  facet normal -0.609737 0.352893 0.70971
    outer loop
      vertex 86.8648 -47.4922 28.7
      vertex 87.9556 -48.1777 29.978
      vertex 87.9935 -48.1094 29.9766
    endloop
  endfacet
  facet normal -0.610124 0.35225 0.709696
    outer loop
      vertex 87.9556 -48.1777 29.978
      vertex 86.8648 -47.4922 28.7
      vertex 84.5619 -51.481 28.7
    endloop
  endfacet
  facet normal 0.866002 -0.499981 -0.00769878
    outer loop
      vertex 85.7662 -51.9743 27.4
      vertex 87.8618 -48.3469 27.5513
      vertex 86.2192 -51.2204 29.3956
    endloop
  endfacet
  facet normal 0.865997 -0.499998 -0.00721457
    outer loop
      vertex 87.8618 -48.3469 27.5513
      vertex 85.7662 -51.9743 27.4
      vertex 87.8942 -48.2886 27.4
    endloop
  endfacet
  facet normal 0.865998 -0.49999 -0.00763927
    outer loop
      vertex 86.2192 -51.2204 29.3956
      vertex 87.3386 -49.2908 30
      vertex 86.3564 -50.992 30
    endloop
  endfacet
  facet normal 0.866004 -0.499977 -0.00769189
    outer loop
      vertex 87.3386 -49.2908 30
      vertex 86.2192 -51.2204 29.3956
      vertex 87.8618 -48.3469 27.5513
    endloop
  endfacet
  facet normal -0.88835 0.459167 0
    outer loop
      vertex 86.8648 -47.4922 27.4
      vertex 88.9796 -43.4007 28.7
      vertex 88.9796 -43.4007 27.4
    endloop
  endfacet
  facet normal -0.88835 0.459167 0
    outer loop
      vertex 88.9796 -43.4007 28.7
      vertex 86.8648 -47.4922 27.4
      vertex 86.8648 -47.4922 28.7
    endloop
  endfacet
  facet normal -0.625826 0.32348 0.70972
    outer loop
      vertex 86.8648 -47.4922 28.7
      vertex 89.367 -45.5035 30
      vertex 90.1323 -44.0014 29.9902
    endloop
  endfacet
  facet normal -0.625822 0.32347 0.709728
    outer loop
      vertex 89.367 -45.5035 30
      vertex 86.8648 -47.4922 28.7
      vertex 88.3867 -47.4001 30
    endloop
  endfacet
  facet normal -0.625815 0.323506 0.709718
    outer loop
      vertex 88.3867 -47.4001 30
      vertex 86.8648 -47.4922 28.7
      vertex 87.9935 -48.1094 29.9766
    endloop
  endfacet
  facet normal -0.293389 -0.943947 -0.151287
    outer loop
      vertex 88.9796 -43.4007 28.7
      vertex 90.148 -43.9706 29.99
      vertex 90.157 -43.975 30
    endloop
  endfacet
  facet normal -0.625762 0.323585 0.709729
    outer loop
      vertex 88.9796 -43.4007 28.7
      vertex 90.1323 -44.0014 29.9902
      vertex 90.148 -43.9706 29.99
    endloop
  endfacet
  facet normal -0.62582 0.323472 0.709729
    outer loop
      vertex 90.1323 -44.0014 29.9902
      vertex 88.9796 -43.4007 28.7
      vertex 86.8648 -47.4922 28.7
    endloop
  endfacet
  facet normal 0.888311 -0.459179 -0.00767654
    outer loop
      vertex 90.1391 -43.9663 27.4
      vertex 88.3361 -47.4912 29.6061
      vertex 88.0531 -48.0018 27.4
    endloop
  endfacet
  facet normal -0.878311 -0.478068 0.00444715
    outer loop
      vertex 90.1391 -43.9663 27.4
      vertex 90.157 -43.975 30
      vertex 90.148 -43.9706 28.6955
    endloop
  endfacet
  facet normal 0.888353 -0.459099 -0.00762676
    outer loop
      vertex 89.367 -45.5035 30
      vertex 90.1391 -43.9663 27.4
      vertex 90.148 -43.9706 28.6955
    endloop
  endfacet
  facet normal 0.888324 -0.45915 -0.00792237
    outer loop
      vertex 88.3361 -47.4912 29.6061
      vertex 89.367 -45.5035 30
      vertex 88.3867 -47.4001 30
    endloop
  endfacet
  facet normal 0.888307 -0.459187 -0.00769237
    outer loop
      vertex 89.367 -45.5035 30
      vertex 88.3361 -47.4912 29.6061
      vertex 90.1391 -43.9663 27.4
    endloop
  endfacet
endsolid OpenSCAD_Model
